variant,scenario,replicate,algorithm,drivers,journey_min,wait_min,p95_wait_min,share_waited,distance_km,drive_min,predicted_wait_min,share_with_reserve,background_wait_min,stations_used,busiest_station_share
baseline,spread,0,nearest,200,35.151398,34.103815,151.933724,0.425,0.351345,1.047583,29.801102,1.0,34.372434,86,0.065
baseline,spread,0,dijkstra,200,33.333195,32.012004,148.253236,0.4,0.447055,1.321192,29.160745,1.0,34.230996,86,0.07
baseline,spread,0,cost_optimized,200,3.449217,0.253542,0.0,0.02,1.108981,3.195675,0.159831,1.0,33.299609,14,0.16
baseline,spread,0,static_queue,200,2.474158,0.0,0.0,0.0,0.85991,2.474158,0.01867,1.0,33.281901,27,0.15
baseline,spread,0,queue_aware,200,2.495742,0.0,0.0,0.0,0.866122,2.495742,0.024776,1.0,33.281901,28,0.145
baseline,spread,0,range_aware,200,11.358183,0.0,0.0,0.0,4.076681,11.358183,0.0,1.0,33.281901,1,1.0
baseline,spread,1,nearest,200,43.951362,42.933421,242.521989,0.435,0.328547,1.017942,30.456171,1.0,36.421103,87,0.045
baseline,spread,1,dijkstra,200,50.054088,48.710422,239.870378,0.495,0.452652,1.343667,30.775608,1.0,36.70935,86,0.05
baseline,spread,1,cost_optimized,200,4.291587,1.349303,0.0,0.04,1.019541,2.942283,0.372067,1.0,34.899699,13,0.125
baseline,spread,1,static_queue,200,2.45542,0.103054,0.0,0.01,0.802025,2.352367,0.02424,1.0,34.888613,26,0.12
baseline,spread,1,queue_aware,200,2.426429,0.04787,0.0,0.005,0.814251,2.378558,0.030693,1.0,34.887601,27,0.13
baseline,spread,1,range_aware,200,10.91945,0.0,0.0,0.0,3.901866,10.91945,0.0,1.0,34.881737,1,1.0
baseline,spread,2,nearest,200,44.534484,43.559318,240.189223,0.43,0.32746,0.975167,29.402901,1.0,34.99044,86,0.06
baseline,spread,2,dijkstra,200,44.575353,43.346945,240.189223,0.445,0.415708,1.228408,29.445191,1.0,35.248384,88,0.06
baseline,spread,2,cost_optimized,200,4.270807,1.196357,1.361977,0.055,1.077091,3.07445,0.346502,1.0,33.759468,13,0.125
baseline,spread,2,static_queue,200,2.445183,0.0,0.0,0.0,0.852588,2.445183,0.029507,1.0,33.747778,26,0.115
baseline,spread,2,queue_aware,200,2.495317,0.0,0.0,0.0,0.868993,2.495317,0.039116,1.0,33.747778,28,0.12
baseline,spread,2,range_aware,200,10.920683,0.0,0.0,0.0,3.92213,10.920683,0.0,1.0,33.747778,1,1.0
baseline,spread,3,nearest,200,35.287542,34.153692,162.626649,0.45,0.360689,1.13385,30.323518,1.0,32.930106,87,0.05
baseline,spread,3,dijkstra,200,38.38361,36.980568,170.583481,0.45,0.454196,1.403042,30.483249,1.0,33.175649,91,0.065
baseline,spread,3,cost_optimized,200,3.516352,0.341585,0.0,0.02,1.086941,3.174767,0.235913,1.0,31.670086,13,0.135
baseline,spread,3,static_queue,200,2.542279,0.011295,0.0,0.01,0.856211,2.530983,0.027332,1.0,31.667674,27,0.13
baseline,spread,3,queue_aware,200,2.556825,0.0,0.0,0.0,0.865439,2.556825,0.028614,1.0,31.667338,28,0.13
baseline,spread,3,range_aware,200,11.120258,0.0,0.0,0.0,3.966388,11.120258,0.0,1.0,31.666675,1,1.0
baseline,spread,4,nearest,200,29.107034,28.010809,144.988681,0.37,0.345737,1.096225,28.418651,1.0,32.56498,90,0.055
baseline,spread,4,dijkstra,200,27.706078,26.337087,122.638889,0.405,0.449465,1.368992,30.032443,1.0,32.470853,89,0.065
baseline,spread,4,cost_optimized,200,3.235921,0.058804,0.0,0.01,1.087521,3.177117,0.159065,1.0,31.854239,14,0.19
baseline,spread,4,static_queue,200,2.525017,0.0,0.0,0.0,0.856655,2.525017,0.020262,1.0,31.852456,25,0.165
baseline,spread,4,queue_aware,200,2.534808,0.0,0.0,0.0,0.859728,2.534808,0.028512,1.0,31.852456,26,0.145
baseline,spread,4,range_aware,200,11.294583,0.0,0.0,0.0,4.041643,11.294583,0.0,1.0,31.852456,1,1.0
baseline,spread,5,nearest,200,34.830143,33.859335,178.57723,0.385,0.303694,0.970808,29.295521,1.0,34.322929,101,0.035
baseline,spread,5,dijkstra,200,32.737028,31.446878,160.817123,0.385,0.41908,1.29015,30.230154,1.0,34.046884,98,0.045
baseline,spread,5,cost_optimized,200,3.190898,0.210165,0.0,0.01,1.017484,2.980733,0.385083,1.0,32.586553,14,0.135
baseline,spread,5,static_queue,200,2.627884,0.238867,0.0,0.015,0.804855,2.389017,0.030166,1.0,32.591338,27,0.125
baseline,spread,5,queue_aware,200,2.39835,0.0,0.0,0.0,0.809412,2.39835,0.038727,1.0,32.577454,29,0.125
baseline,spread,5,range_aware,200,10.932167,0.0,0.0,0.0,3.894662,10.932167,0.0,1.0,32.574406,1,1.0
baseline,spread,6,nearest,200,36.338937,35.426837,148.098623,0.43,0.293218,0.9121,29.549576,1.0,32.617155,89,0.04
baseline,spread,6,dijkstra,200,39.65353,38.509072,179.061109,0.435,0.377326,1.144458,30.416805,1.0,32.637625,89,0.04
baseline,spread,6,cost_optimized,200,4.233793,1.17131,0.0,0.035,1.052601,3.062483,0.305893,1.0,31.826874,14,0.13
baseline,spread,6,static_queue,200,2.408638,0.011829,0.0,0.005,0.805199,2.396808,0.03179,1.0,31.785278,27,0.135
baseline,spread,6,queue_aware,200,2.432617,0.0,0.0,0.0,0.820186,2.432617,0.040328,1.0,31.785404,29,0.135
baseline,spread,6,range_aware,200,11.054217,0.0,0.0,0.0,3.946994,11.054217,0.0,1.0,31.783201,1,1.0
baseline,spread,7,nearest,200,31.095171,30.131388,152.757286,0.4,0.315537,0.963783,26.708593,1.0,32.124647,86,0.055
baseline,spread,7,dijkstra,200,28.537632,27.311657,134.745934,0.415,0.415128,1.225975,27.217416,1.0,32.007784,86,0.065
baseline,spread,7,cost_optimized,200,3.352616,0.317541,0.0,0.03,1.045838,3.035075,0.255417,1.0,31.168605,13,0.16
baseline,spread,7,static_queue,200,2.426921,0.036305,0.0,0.005,0.818419,2.390617,0.02089,1.0,31.169705,25,0.12
baseline,spread,7,queue_aware,200,2.434029,0.036305,0.0,0.005,0.822531,2.397725,0.031925,1.0,31.167133,27,0.115
baseline,spread,7,range_aware,200,10.741725,0.0,0.0,0.0,3.83745,10.741725,0.0,1.0,31.150018,1,1.0
baseline,spread,8,nearest,200,33.43239,32.455398,157.502855,0.425,0.306204,0.976992,28.629488,1.0,31.204191,86,0.04
baseline,spread,8,dijkstra,200,38.610347,37.236847,169.907916,0.465,0.452009,1.3735,29.497003,1.0,31.235991,86,0.05
baseline,spread,8,cost_optimized,200,3.963189,0.91138,0.0,0.045,1.046416,3.051808,0.358757,1.0,29.950485,14,0.125
baseline,spread,8,static_queue,200,2.437058,0.0,0.0,0.0,0.819492,2.437058,0.025981,1.0,29.914065,26,0.125
baseline,spread,8,queue_aware,200,2.45065,0.0,0.0,0.0,0.8248,2.45065,0.032992,1.0,29.914065,27,0.13
baseline,spread,8,range_aware,200,10.811975,0.0,0.0,0.0,3.843408,10.811975,0.0,1.0,29.913062,1,1.0
baseline,spread,9,nearest,200,39.606043,38.67396,214.570344,0.45,0.302005,0.932083,31.428529,1.0,32.852609,96,0.045
baseline,spread,9,dijkstra,200,41.090282,39.86859,217.169398,0.475,0.411333,1.221692,32.390731,1.0,33.216498,92,0.05
baseline,spread,9,cost_optimized,200,3.862438,0.668996,0.0,0.01,1.098179,3.193442,0.227048,1.0,31.915109,13,0.195
baseline,spread,9,static_queue,200,2.609617,0.0,0.0,0.0,0.892411,2.609617,0.019672,1.0,31.900947,26,0.18
baseline,spread,9,queue_aware,200,2.607858,0.0,0.0,0.0,0.893909,2.607858,0.029253,1.0,31.900947,28,0.18
baseline,spread,9,range_aware,200,11.16235,0.0,0.0,0.0,4.007147,11.16235,0.0,1.0,31.900947,1,1.0
baseline,spread,10,nearest,200,39.24484,38.19574,166.626505,0.465,0.319876,1.0491,28.707753,1.0,34.64474,89,0.045
baseline,spread,10,dijkstra,200,38.716104,37.420479,183.016392,0.45,0.409301,1.295625,29.547507,1.0,34.66702,87,0.055
baseline,spread,10,cost_optimized,200,3.501584,0.254101,0.0,0.025,1.10838,3.247483,0.253011,1.0,33.524942,14,0.12
baseline,spread,10,static_queue,200,2.509492,0.0,0.0,0.0,0.835185,2.509492,0.031376,1.0,33.503563,27,0.105
baseline,spread,10,queue_aware,200,2.51895,0.0,0.0,0.0,0.84123,2.51895,0.040258,1.0,33.503563,28,0.105
baseline,spread,10,range_aware,200,10.828858,0.0,0.0,0.0,3.839688,10.828858,0.0,1.0,33.50187,1,1.0
baseline,spread,11,nearest,200,35.806461,34.771494,181.410761,0.425,0.327021,1.034967,29.776044,1.0,31.542983,86,0.06
baseline,spread,11,dijkstra,200,36.843002,35.538085,181.410761,0.435,0.431113,1.304917,31.563464,1.0,31.634331,84,0.07
baseline,spread,11,cost_optimized,200,3.441613,0.343921,0.0,0.02,1.056706,3.097692,0.175589,1.0,30.448967,14,0.145
baseline,spread,11,static_queue,200,2.502958,0.0,0.0,0.0,0.839439,2.502958,0.024326,1.0,30.445772,25,0.135
baseline,spread,11,queue_aware,200,2.533667,0.0,0.0,0.0,0.84759,2.533667,0.030139,1.0,30.445772,27,0.135
baseline,spread,11,range_aware,200,10.862142,0.0,0.0,0.0,3.883591,10.862142,0.0,1.0,30.445772,2,0.99
baseline,spread,12,nearest,200,35.342142,34.341575,192.713248,0.44,0.331037,1.000567,30.761372,1.0,30.386264,84,0.045
baseline,spread,12,dijkstra,200,34.786204,33.518362,180.759139,0.43,0.426095,1.267842,30.320825,1.0,30.359045,84,0.05
baseline,spread,12,cost_optimized,200,3.422119,0.40376,0.0,0.03,1.044999,3.018358,0.305174,1.0,28.859968,14,0.155
baseline,spread,12,static_queue,200,2.474202,0.001019,0.0,0.005,0.849036,2.473183,0.021537,1.0,28.859907,26,0.14
baseline,spread,12,queue_aware,200,2.490927,0.001019,0.0,0.005,0.85414,2.489908,0.022122,1.0,28.859907,27,0.135
baseline,spread,12,range_aware,200,11.216233,0.0,0.0,0.0,4.012572,11.216233,0.0,1.0,28.857145,1,1.0
baseline,spread,13,nearest,200,34.30373,33.338138,149.185475,0.44,0.310853,0.965592,29.604121,1.0,37.386617,85,0.045
baseline,spread,13,dijkstra,200,41.993946,40.79303,206.84374,0.455,0.39965,1.200917,29.297313,1.0,37.651789,89,0.055
baseline,spread,13,cost_optimized,200,3.178316,0.184891,0.0,0.025,1.038016,2.993425,0.264038,1.0,36.314924,12,0.13
baseline,spread,13,static_queue,200,2.589723,0.124089,0.0,0.01,0.851077,2.465633,0.030087,1.0,36.32341,26,0.105
baseline,spread,13,queue_aware,200,2.575765,0.09384,0.0,0.005,0.855389,2.481925,0.045691,1.0,36.321672,27,0.11
baseline,spread,13,range_aware,200,11.056325,0.0,0.0,0.0,3.955624,11.056325,0.0,1.0,36.313845,1,1.0
baseline,spread,14,nearest,200,21.314728,20.327678,103.468921,0.375,0.309968,0.98705,27.668372,1.0,28.874197,88,0.03
baseline,spread,14,dijkstra,200,34.927443,33.627993,157.121557,0.395,0.425576,1.29945,31.601039,1.0,29.19406,86,0.03
baseline,spread,14,cost_optimized,200,4.37977,1.263345,0.0,0.04,1.063659,3.116425,0.345606,1.0,28.035172,14,0.16
baseline,spread,14,static_queue,200,2.388433,0.0,0.0,0.0,0.802002,2.388433,0.033597,1.0,27.996449,26,0.115
baseline,spread,14,queue_aware,200,2.392792,0.0,0.0,0.0,0.80526,2.392792,0.035548,1.0,27.996449,27,0.115
baseline,spread,14,range_aware,200,11.201217,0.0,0.0,0.0,3.989888,11.201217,0.0,1.0,27.996355,1,1.0
baseline,spread,15,nearest,200,38.974692,37.810117,174.013298,0.45,0.357721,1.164575,29.683131,1.0,30.174499,84,0.065
baseline,spread,15,dijkstra,200,38.151988,36.686705,179.381171,0.43,0.466179,1.465283,30.38922,1.0,30.276895,84,0.07
baseline,spread,15,cost_optimized,200,3.217509,0.135926,0.0,0.01,1.044826,3.081583,0.276893,1.0,28.951441,13,0.185
baseline,spread,15,static_queue,200,2.536642,0.0,0.0,0.0,0.843246,2.536642,0.020503,1.0,28.941828,26,0.155
baseline,spread,15,queue_aware,200,2.553067,0.0,0.0,0.0,0.848085,2.553067,0.031242,1.0,28.941828,28,0.155
baseline,spread,15,range_aware,200,10.809633,0.0,0.0,0.0,3.833712,10.809633,0.0,1.0,28.941828,1,1.0
baseline,spread,16,nearest,200,41.429556,40.367639,193.422193,0.46,0.333822,1.061917,27.841705,1.0,29.591602,89,0.065
baseline,spread,16,dijkstra,200,46.78077,45.509853,198.40435,0.475,0.410603,1.270917,29.6569,1.0,29.35661,89,0.065
baseline,spread,16,cost_optimized,200,5.119236,1.937703,9.471602,0.065,1.094448,3.181533,0.199134,1.0,27.993008,14,0.16
baseline,spread,16,static_queue,200,2.52755,0.05395,0.0,0.015,0.836947,2.4736,0.024424,1.0,27.960454,25,0.16
baseline,spread,16,queue_aware,200,2.537517,0.05395,0.0,0.015,0.842519,2.483567,0.03266,1.0,27.960454,26,0.155
baseline,spread,16,range_aware,200,11.168775,0.0,0.0,0.0,3.981255,11.168775,0.0,1.0,27.960329,1,1.0
baseline,spread,17,nearest,200,51.956366,50.934408,262.918061,0.485,0.304314,1.021958,30.187848,1.0,35.492022,89,0.035
baseline,spread,17,dijkstra,200,50.755668,49.443809,244.752703,0.515,0.404892,1.311858,31.589829,1.0,35.107412,86,0.035
baseline,spread,17,cost_optimized,200,4.34157,1.220545,0.0,0.02,1.046227,3.121025,0.223098,1.0,33.407945,12,0.15
baseline,spread,17,static_queue,200,2.5052,0.0,0.0,0.0,0.821729,2.5052,0.018578,1.0,33.393631,25,0.145
baseline,spread,17,queue_aware,200,2.608163,0.084138,0.0,0.005,0.832632,2.524025,0.03266,1.0,33.393631,26,0.15
baseline,spread,17,range_aware,200,11.100433,0.0,0.0,0.0,3.937524,11.100433,0.0,1.0,33.393631,1,1.0
baseline,spread,18,nearest,200,35.832766,34.798674,160.120418,0.46,0.337069,1.034092,29.536312,1.0,31.051373,90,0.065
baseline,spread,18,dijkstra,200,42.773836,41.520044,190.489568,0.475,0.417657,1.253792,29.964057,1.0,31.402483,86,0.07
baseline,spread,18,cost_optimized,200,3.246925,0.0,0.0,0.0,1.133819,3.246925,0.200981,1.0,30.025991,14,0.18
baseline,spread,18,static_queue,200,2.61303,0.05193,0.0,0.005,0.8873,2.5611,0.022579,1.0,30.021096,26,0.175
baseline,spread,18,queue_aware,200,2.617688,0.05193,0.0,0.005,0.890122,2.565758,0.028532,1.0,30.019551,28,0.175
baseline,spread,18,range_aware,200,11.366183,0.0,0.0,0.0,4.073569,11.366183,0.0,1.0,30.019481,2,0.995
baseline,spread,19,nearest,200,29.498066,28.470624,151.863438,0.355,0.329232,1.027442,30.574419,1.0,29.630386,84,0.055
baseline,spread,19,dijkstra,200,33.249058,31.968299,177.0444,0.38,0.419299,1.280758,31.827389,1.0,29.900907,83,0.055
baseline,spread,19,cost_optimized,200,4.24067,1.066828,0.0,0.03,1.097898,3.173842,0.252109,1.0,28.760058,14,0.13
baseline,spread,19,static_queue,200,2.520525,0.0,0.0,0.0,0.85464,2.520525,0.029675,1.0,28.746853,26,0.115
baseline,spread,19,queue_aware,200,2.531133,0.0,0.0,0.0,0.860216,2.531133,0.038618,1.0,28.746853,27,0.12
baseline,spread,19,range_aware,200,11.208142,0.0,0.0,0.0,4.008626,11.208142,0.0,1.0,28.746853,1,1.0
baseline,spread,20,nearest,200,29.536322,28.433447,168.959326,0.385,0.349253,1.102875,31.121594,1.0,34.813128,87,0.05
baseline,spread,20,dijkstra,200,36.021727,34.67061,176.568258,0.43,0.441394,1.351117,32.12245,1.0,35.120482,84,0.05
baseline,spread,20,cost_optimized,200,3.43897,0.499345,0.0,0.025,0.99748,2.939625,0.265493,1.0,33.659393,14,0.16
baseline,spread,20,static_queue,200,2.685004,0.160079,0.0,0.01,0.850616,2.524925,0.028014,1.0,33.656773,25,0.155
baseline,spread,20,queue_aware,200,2.708604,0.160079,0.0,0.01,0.860079,2.548525,0.037287,1.0,33.656773,27,0.16
baseline,spread,20,range_aware,200,11.010783,0.0,0.0,0.0,3.923723,11.010783,0.0,1.0,33.656773,1,1.0
baseline,spread,21,nearest,200,51.577372,50.517213,237.785434,0.45,0.336177,1.060158,30.814205,1.0,33.163897,87,0.06
baseline,spread,21,dijkstra,200,51.553084,50.17765,231.523326,0.475,0.455461,1.375433,31.095164,1.0,33.236507,90,0.06
baseline,spread,21,cost_optimized,200,3.816176,0.648676,0.172415,0.05,1.094778,3.1675,0.251634,1.0,31.888211,14,0.225
baseline,spread,21,static_queue,200,2.845205,0.12173,0.0,0.01,0.932408,2.723475,0.022791,1.0,31.875018,25,0.21
baseline,spread,21,queue_aware,200,2.860572,0.086922,0.0,0.005,0.948246,2.77365,0.041674,1.0,31.874985,26,0.2
baseline,spread,21,range_aware,200,10.900108,0.0,0.0,0.0,3.887415,10.900108,0.0,1.0,31.873337,1,1.0
baseline,spread,22,nearest,200,23.514834,22.583442,113.127501,0.34,0.296166,0.931392,28.25484,1.0,33.507131,92,0.035
baseline,spread,22,dijkstra,200,34.489772,33.261897,186.216612,0.405,0.408016,1.227875,28.525888,1.0,33.594572,92,0.035
baseline,spread,22,cost_optimized,200,3.795069,0.675344,0.0,0.03,1.078689,3.119725,0.279036,1.0,32.497903,14,0.135
baseline,spread,22,static_queue,200,2.462583,0.0,0.0,0.0,0.839684,2.462583,0.017666,1.0,32.488301,25,0.15
baseline,spread,22,queue_aware,200,2.471542,0.0,0.0,0.0,0.844752,2.471542,0.027708,1.0,32.488301,27,0.145
baseline,spread,22,range_aware,200,11.113692,0.0,0.0,0.0,3.97456,11.113692,0.0,1.0,32.488301,1,1.0
baseline,spread,23,nearest,200,43.383545,42.372236,199.929642,0.46,0.333509,1.011308,29.65663,1.0,30.78913,87,0.085
baseline,spread,23,dijkstra,200,31.720714,30.475222,180.188484,0.375,0.427183,1.245492,30.300021,1.0,30.532288,84,0.105
baseline,spread,23,cost_optimized,200,3.37641,0.30416,0.0,0.03,1.069212,3.07225,0.293924,1.0,29.520708,13,0.17
baseline,spread,23,static_queue,200,2.423617,0.0,0.0,0.0,0.842468,2.423617,0.025222,1.0,29.501366,26,0.175
baseline,spread,23,queue_aware,200,2.433517,0.0,0.0,0.0,0.84501,2.433517,0.030243,1.0,29.501366,27,0.175
baseline,spread,23,range_aware,200,10.874783,0.0,0.0,0.0,3.898696,10.874783,0.0,1.0,29.497738,1,1.0
baseline,spread,24,nearest,200,38.763217,37.739983,188.811628,0.415,0.30814,1.023233,28.25625,1.0,34.729066,88,0.04
baseline,spread,24,dijkstra,200,38.191824,36.831691,153.199675,0.47,0.435693,1.360133,29.510226,1.0,34.382419,86,0.045
baseline,spread,24,cost_optimized,200,3.459601,0.414118,0.0,0.035,1.039154,3.045483,0.279226,1.0,33.325435,14,0.135
baseline,spread,24,static_queue,200,2.537842,0.0,0.0,0.0,0.850226,2.537842,0.025537,1.0,33.321446,27,0.12
baseline,spread,24,queue_aware,200,2.55905,0.0,0.0,0.0,0.859829,2.55905,0.032048,1.0,33.321446,30,0.13
baseline,spread,24,range_aware,200,10.676233,0.0,0.0,0.0,3.790994,10.676233,0.0,1.0,33.318246,2,0.995
baseline,spread,25,nearest,200,39.732172,38.70333,169.677662,0.48,0.323867,1.028842,29.054515,1.0,34.592734,89,0.06
baseline,spread,25,dijkstra,200,38.14591,36.91171,169.954149,0.465,0.396552,1.2342,29.308918,1.0,34.49013,90,0.065
baseline,spread,25,cost_optimized,200,4.370701,1.334443,3.965913,0.055,1.053423,3.036258,0.342826,1.0,33.465509,14,0.165
baseline,spread,25,static_queue,200,2.596658,0.065791,0.0,0.005,0.86213,2.530867,0.022391,1.0,33.456983,25,0.155
baseline,spread,25,queue_aware,200,2.600824,0.065791,0.0,0.005,0.862187,2.535033,0.03217,1.0,33.458833,26,0.15
baseline,spread,25,range_aware,200,10.966758,0.0,0.0,0.0,3.912519,10.966758,0.0,1.0,33.455627,1,1.0
baseline,spread,26,nearest,200,30.329247,29.382739,141.652004,0.4,0.282055,0.946508,26.430661,1.0,33.227833,86,0.045
baseline,spread,26,dijkstra,200,31.609165,30.392998,141.443817,0.445,0.384387,1.216167,28.244477,1.0,33.380869,86,0.045
baseline,spread,26,cost_optimized,200,4.032775,0.803592,0.0,0.025,1.107729,3.229183,0.208947,1.0,32.127887,13,0.16
baseline,spread,26,static_queue,200,2.62038,0.08073,0.0,0.01,0.853998,2.53965,0.0329,1.0,32.101159,26,0.135
baseline,spread,26,queue_aware,200,2.647947,0.08073,0.0,0.01,0.862962,2.567217,0.037993,1.0,32.101159,28,0.135
baseline,spread,26,range_aware,200,10.664708,0.0,0.0,0.0,3.781363,10.664708,0.0,1.0,32.100551,1,1.0
baseline,spread,27,nearest,200,26.244161,25.265011,144.4021,0.365,0.316227,0.97915,28.842711,1.0,35.29489,93,0.04
baseline,spread,27,dijkstra,200,33.289063,32.066854,162.710648,0.405,0.409928,1.222208,28.750154,1.0,35.639031,91,0.045
baseline,spread,27,cost_optimized,200,4.410142,1.331625,2.458509,0.06,1.071523,3.078517,0.251164,1.0,34.214618,14,0.155
baseline,spread,27,static_queue,200,2.414883,0.0,0.0,0.0,0.829501,2.414883,0.025626,1.0,34.202201,26,0.13
baseline,spread,27,queue_aware,200,2.422367,0.0,0.0,0.0,0.832729,2.422367,0.034774,1.0,34.198152,28,0.125
baseline,spread,27,range_aware,200,10.701842,0.0,0.0,0.0,3.826106,10.701842,0.0,1.0,34.198152,1,1.0
baseline,spread,28,nearest,200,25.546782,24.599957,145.6663,0.34,0.3081,0.946825,27.721308,1.0,37.285037,89,0.06
baseline,spread,28,dijkstra,200,27.113186,25.876477,147.075346,0.355,0.418527,1.236708,29.522045,1.0,37.293159,86,0.07
baseline,spread,28,cost_optimized,200,3.894067,0.702942,0.0,0.015,1.106808,3.191125,0.268099,1.0,36.138385,14,0.16
baseline,spread,28,static_queue,200,2.504592,0.0,0.0,0.0,0.857267,2.504592,0.017973,1.0,36.113237,27,0.15
baseline,spread,28,queue_aware,200,2.5042,0.0,0.0,0.0,0.858755,2.5042,0.035281,1.0,36.113237,28,0.14
baseline,spread,28,range_aware,200,10.808242,0.0,0.0,0.0,3.858947,10.808242,0.0,1.0,36.11309,1,1.0
baseline,spread,29,nearest,200,27.658739,26.649631,151.953342,0.355,0.312846,1.009108,30.563224,1.0,31.406771,83,0.045
baseline,spread,29,dijkstra,200,34.34227,33.016087,190.813987,0.395,0.427754,1.326183,32.151951,1.0,31.513298,80,0.05
baseline,spread,29,cost_optimized,200,3.286527,0.169869,0.0,0.02,1.07127,3.116658,0.304085,1.0,30.516143,13,0.15
baseline,spread,29,static_queue,200,2.435592,0.0,0.0,0.0,0.827458,2.435592,0.025862,1.0,30.515681,26,0.155
baseline,spread,29,queue_aware,200,2.452675,0.0,0.0,0.0,0.835087,2.452675,0.032813,1.0,30.515681,27,0.16
baseline,spread,29,range_aware,200,10.91785,0.0,0.0,0.0,3.884891,10.91785,0.0,1.0,30.515681,1,1.0
baseline,corridor,0,nearest,200,54.683682,53.584865,232.082022,0.515,0.3395,1.098817,35.341821,1.0,31.685988,55,0.13
baseline,corridor,0,dijkstra,200,61.244636,59.962286,274.259164,0.535,0.400304,1.28235,35.621818,1.0,31.754763,50,0.125
baseline,corridor,0,cost_optimized,200,4.642575,1.4121,12.738892,0.105,1.109852,3.230475,0.38388,1.0,30.540845,10,0.49
baseline,corridor,0,static_queue,200,2.934682,0.253682,0.0,0.025,0.933607,2.681,0.036023,1.0,30.524573,12,0.445
baseline,corridor,0,queue_aware,200,2.892567,0.127808,0.0,0.005,0.957639,2.764758,0.052291,1.0,30.522282,13,0.39
baseline,corridor,0,range_aware,200,12.636725,0.0,0.0,0.0,4.545026,12.636725,0.0,1.0,30.522282,1,1.0
baseline,corridor,1,nearest,200,65.35951,64.30621,275.831751,0.535,0.340409,1.0533,34.883743,1.0,34.218882,55,0.115
baseline,corridor,1,dijkstra,200,52.675579,51.373629,207.958989,0.545,0.420499,1.30195,34.987982,1.0,33.834451,52,0.095
baseline,corridor,1,cost_optimized,200,4.403377,1.248719,5.80506,0.075,1.094961,3.154658,0.380747,1.0,32.657876,9,0.37
baseline,corridor,1,static_queue,200,2.687319,0.135235,0.0,0.02,0.904335,2.552083,0.045504,1.0,32.646966,12,0.355
baseline,corridor,1,queue_aware,200,2.650933,0.0,0.0,0.0,0.925054,2.650933,0.051456,1.0,32.646136,13,0.295
baseline,corridor,1,range_aware,200,12.604358,0.0,0.0,0.0,4.559026,12.604358,0.0,1.0,32.64569,1,1.0
baseline,corridor,2,nearest,200,57.062997,55.844739,247.934314,0.505,0.382067,1.218258,33.424554,1.0,36.096446,59,0.155
baseline,corridor,2,dijkstra,200,59.874611,58.528703,271.928326,0.51,0.427297,1.345908,33.503443,1.0,36.170912,56,0.145
baseline,corridor,2,cost_optimized,200,7.216972,3.959522,28.177625,0.14,1.130236,3.25745,0.44812,1.0,35.241432,10,0.46
baseline,corridor,2,static_queue,200,3.823217,1.084534,3.513816,0.065,0.959313,2.738683,0.044197,1.0,35.181216,10,0.43
baseline,corridor,2,queue_aware,200,3.065453,0.19907,0.0,0.02,0.994272,2.866383,0.056574,1.0,35.180711,12,0.365
baseline,corridor,2,range_aware,200,12.874217,0.0,0.0,0.0,4.635191,12.874217,0.0,1.0,35.175608,1,1.0
baseline,corridor,3,nearest,200,59.298024,58.257266,236.091923,0.59,0.32711,1.040758,34.22677,1.0,33.377775,51,0.13
baseline,corridor,3,dijkstra,200,50.158979,49.008146,221.024174,0.555,0.364285,1.150833,34.651012,1.0,33.367667,49,0.1
baseline,corridor,3,cost_optimized,200,6.174578,2.895994,18.779463,0.12,1.13341,3.278583,0.301272,1.0,32.045061,9,0.46
baseline,corridor,3,static_queue,200,3.403608,0.780683,0.178899,0.055,0.927163,2.622925,0.035814,1.0,32.041089,10,0.42
baseline,corridor,3,queue_aware,200,2.977773,0.278073,0.0,0.015,0.947526,2.6997,0.05389,1.0,32.038379,12,0.355
baseline,corridor,3,range_aware,200,12.813642,0.0,0.0,0.0,4.63325,12.813642,0.0,1.0,32.036624,2,0.995
baseline,corridor,4,nearest,200,61.797007,60.67504,362.742715,0.475,0.359651,1.121967,33.789094,1.0,34.149611,55,0.14
baseline,corridor,4,dijkstra,200,58.897611,57.587811,317.439739,0.525,0.424566,1.3098,34.652121,1.0,34.269269,45,0.125
baseline,corridor,4,cost_optimized,200,4.329934,1.109167,7.133745,0.095,1.114839,3.220767,0.385085,1.0,32.793858,10,0.42
baseline,corridor,4,static_queue,200,2.975577,0.351435,0.0,0.02,0.928655,2.624142,0.044091,1.0,32.78673,11,0.4
baseline,corridor,4,queue_aware,200,2.701942,0.0,0.0,0.0,0.946628,2.701942,0.053082,1.0,32.780344,13,0.34
baseline,corridor,4,range_aware,200,12.744617,0.0,0.0,0.0,4.600174,12.744617,0.0,1.0,32.779792,1,1.0
baseline,corridor,5,nearest,200,76.344914,75.311672,311.754733,0.56,0.326409,1.033242,34.911722,1.0,35.756641,51,0.095
baseline,corridor,5,dijkstra,200,103.728924,102.525907,380.069871,0.615,0.379706,1.203017,34.962631,1.0,36.250515,48,0.085
baseline,corridor,5,cost_optimized,200,9.640358,6.604441,50.16709,0.15,1.042016,3.035917,0.40812,1.0,33.491777,10,0.46
baseline,corridor,5,static_queue,200,3.060012,0.603337,0.0,0.045,0.858904,2.456675,0.064105,1.0,33.46533,12,0.41
baseline,corridor,5,queue_aware,200,2.78882,0.168378,0.0,0.01,0.913619,2.620442,0.066645,1.0,33.449776,13,0.35
baseline,corridor,5,range_aware,200,12.702967,0.0,0.0,0.0,4.572604,12.702967,0.0,1.0,33.447816,1,1.0
baseline,corridor,6,nearest,200,54.711851,53.719176,292.677917,0.485,0.31702,0.992675,33.766371,1.0,31.94207,59,0.1
baseline,corridor,6,dijkstra,200,50.96476,49.873743,257.546103,0.495,0.353538,1.091017,33.070612,1.0,31.947744,54,0.1
baseline,corridor,6,cost_optimized,200,4.607652,1.559144,4.321406,0.075,1.063382,3.048508,0.477902,1.0,30.776457,10,0.415
baseline,corridor,6,static_queue,200,2.732322,0.333172,0.0,0.035,0.847953,2.39915,0.048139,1.0,30.772015,11,0.39
baseline,corridor,6,queue_aware,200,2.512812,0.024321,0.0,0.005,0.87224,2.488492,0.052392,1.0,30.769024,12,0.33
baseline,corridor,6,range_aware,200,12.528258,0.0,0.0,0.0,4.518275,12.528258,0.0,1.0,30.766667,1,1.0
baseline,corridor,7,nearest,200,93.21289,92.125748,595.032705,0.52,0.339799,1.087142,33.973438,1.0,33.725801,55,0.135
baseline,corridor,7,dijkstra,200,85.29525,84.047067,418.330405,0.52,0.395955,1.248183,34.62677,1.0,33.534081,54,0.115
baseline,corridor,7,cost_optimized,200,6.435727,3.290286,27.287966,0.17,1.093112,3.145442,0.355172,1.0,31.811832,10,0.45
baseline,corridor,7,static_queue,200,3.967302,1.395169,10.206112,0.095,0.909858,2.572133,0.045406,1.0,31.761852,10,0.4
baseline,corridor,7,queue_aware,200,2.850626,0.187409,0.0,0.02,0.934839,2.663217,0.046751,1.0,31.757952,13,0.35
baseline,corridor,7,range_aware,200,12.376333,0.0,0.0,0.0,4.457571,12.376333,0.0,1.0,31.755733,1,1.0
baseline,corridor,8,nearest,200,104.277402,103.198502,480.998201,0.58,0.346279,1.0789,34.547881,1.0,33.266263,52,0.15
baseline,corridor,8,dijkstra,200,79.330893,78.031293,358.119527,0.55,0.41935,1.2996,35.584346,1.0,32.957938,49,0.12
baseline,corridor,8,cost_optimized,200,6.096565,3.049715,19.677159,0.1,1.059205,3.04685,0.312054,1.0,31.24542,9,0.475
baseline,corridor,8,static_queue,200,4.432607,1.836107,11.749701,0.08,0.914889,2.5965,0.037131,1.0,31.237957,12,0.43
baseline,corridor,8,queue_aware,200,2.726884,0.045459,0.0,0.005,0.939036,2.681425,0.048565,1.0,31.238771,13,0.36
baseline,corridor,8,range_aware,200,12.115175,0.0,0.0,0.0,4.365098,12.115175,0.0,1.0,31.23054,1,1.0
baseline,corridor,9,nearest,200,81.555346,80.515388,282.422291,0.64,0.324251,1.039958,34.36485,1.0,30.067154,55,0.12
baseline,corridor,9,dijkstra,200,70.142092,68.973592,254.2509,0.615,0.370559,1.1685,34.603636,1.0,29.903687,53,0.09
baseline,corridor,9,cost_optimized,200,7.724368,4.660751,37.481907,0.125,1.055726,3.063617,0.381943,1.0,28.495539,8,0.455
baseline,corridor,9,static_queue,200,2.853142,0.340842,0.0,0.03,0.883187,2.5123,0.053685,1.0,28.449586,11,0.405
baseline,corridor,9,queue_aware,200,2.769765,0.16259,0.0,0.02,0.90733,2.607175,0.05575,1.0,28.449586,13,0.37
baseline,corridor,9,range_aware,200,12.497458,0.0,0.0,0.0,4.500507,12.497458,0.0,1.0,28.448504,1,1.0
baseline,corridor,10,nearest,200,65.67982,64.69327,260.223922,0.52,0.318385,0.98655,33.158995,1.0,31.924836,54,0.11
baseline,corridor,10,dijkstra,200,63.900665,62.700915,280.383544,0.535,0.385991,1.19975,32.01274,1.0,31.732583,51,0.09
baseline,corridor,10,cost_optimized,200,14.113319,11.207177,64.440657,0.23,1.011582,2.906142,0.418797,1.0,30.433075,10,0.465
baseline,corridor,10,static_queue,200,3.396915,1.04459,0.068863,0.05,0.829789,2.352325,0.069442,1.0,30.209746,10,0.4
baseline,corridor,10,queue_aware,200,2.505539,0.008923,0.0,0.005,0.871952,2.496617,0.069854,1.0,30.189795,13,0.34
baseline,corridor,10,range_aware,200,12.366392,0.0,0.0,0.0,4.45119,12.366392,0.0,1.0,30.189217,1,1.0
baseline,corridor,11,nearest,200,55.225197,54.24848,259.620892,0.56,0.306577,0.976717,34.400002,1.0,31.135225,55,0.105
baseline,corridor,11,dijkstra,200,43.124568,42.033426,210.798992,0.54,0.346886,1.091142,34.078891,1.0,31.072152,55,0.095
baseline,corridor,11,cost_optimized,200,5.944547,2.895314,19.950477,0.155,1.055339,3.049233,0.447501,1.0,29.703565,9,0.465
baseline,corridor,11,static_queue,200,3.071846,0.526137,3.316401,0.06,0.894717,2.545708,0.040355,1.0,29.643583,11,0.44
baseline,corridor,11,queue_aware,200,2.756432,0.116857,0.0,0.02,0.919275,2.639575,0.04999,1.0,29.642575,12,0.345
baseline,corridor,11,range_aware,200,12.521808,0.0,0.0,0.0,4.511126,12.521808,0.0,1.0,29.642575,1,1.0
baseline,corridor,12,nearest,200,63.343949,62.338358,281.233141,0.55,0.32615,1.005592,33.069195,1.0,35.762585,58,0.095
baseline,corridor,12,dijkstra,200,66.902395,65.78927,295.367267,0.575,0.362945,1.113125,32.922527,1.0,35.786184,51,0.09
baseline,corridor,12,cost_optimized,200,7.596524,4.476165,32.737437,0.18,1.078091,3.120358,0.451775,1.0,33.820356,10,0.4
baseline,corridor,12,static_queue,200,3.280326,0.808934,4.242931,0.075,0.868391,2.471392,0.050459,1.0,33.781276,12,0.38
baseline,corridor,12,queue_aware,200,2.675493,0.089852,0.0,0.01,0.903243,2.585642,0.051276,1.0,33.778854,13,0.315
baseline,corridor,12,range_aware,200,13.045792,0.0,0.0,0.0,4.719658,13.045792,0.0,1.0,33.776231,1,1.0
baseline,corridor,13,nearest,200,95.977804,94.920854,491.46125,0.595,0.343516,1.05695,35.143032,1.0,33.582949,59,0.135
baseline,corridor,13,dijkstra,200,76.517065,75.276048,461.72379,0.6,0.405817,1.241017,35.783133,1.0,33.394453,56,0.11
baseline,corridor,13,cost_optimized,200,10.788938,7.666463,74.669282,0.16,1.089134,3.122475,0.47347,1.0,31.278212,10,0.445
baseline,corridor,13,static_queue,200,3.209365,0.586306,3.080057,0.065,0.931362,2.623058,0.044093,1.0,31.218003,12,0.425
baseline,corridor,13,queue_aware,200,2.777796,0.032421,0.0,0.005,0.962173,2.745375,0.059965,1.0,31.213896,13,0.345
baseline,corridor,13,range_aware,200,12.615,0.0,0.0,0.0,4.555266,12.615,0.0,1.0,31.213896,1,1.0
baseline,corridor,14,nearest,200,102.482622,101.489797,419.280353,0.595,0.311838,0.992825,35.294753,1.0,36.140376,53,0.12
baseline,corridor,14,dijkstra,200,83.307863,82.164963,371.487305,0.555,0.363232,1.1429,35.944449,1.0,36.077123,51,0.1
baseline,corridor,14,cost_optimized,200,7.648119,4.532252,39.111606,0.105,1.075081,3.115867,0.424572,1.0,34.181273,10,0.44
baseline,corridor,14,static_queue,200,3.273815,0.786857,0.0,0.035,0.871208,2.486958,0.040661,1.0,34.118471,12,0.4
baseline,corridor,14,queue_aware,200,2.578283,0.0,0.0,0.0,0.899123,2.578283,0.05087,1.0,34.118471,13,0.325
baseline,corridor,14,range_aware,200,12.506508,0.0,0.0,0.0,4.504396,12.506508,0.0,1.0,34.118471,1,1.0
baseline,corridor,15,nearest,200,67.069442,65.938008,272.61953,0.605,0.345742,1.131433,34.738182,1.0,37.283555,53,0.12
baseline,corridor,15,dijkstra,200,77.262795,75.938853,345.048391,0.6,0.411816,1.323942,34.390509,1.0,37.316867,50,0.11
baseline,corridor,15,cost_optimized,200,15.209704,11.938021,113.301483,0.145,1.113091,3.271683,0.347306,1.0,35.346767,9,0.445
baseline,corridor,15,static_queue,200,2.763229,0.177737,0.0,0.03,0.900947,2.585492,0.046721,1.0,35.17631,12,0.395
baseline,corridor,15,queue_aware,200,2.718021,0.024104,0.0,0.015,0.931635,2.693917,0.053779,1.0,35.174863,13,0.325
baseline,corridor,15,range_aware,200,12.780025,0.0,0.0,0.0,4.601256,12.780025,0.0,1.0,35.174863,1,1.0
baseline,corridor,16,nearest,200,68.325693,67.242168,292.778175,0.5,0.331859,1.083525,33.40253,1.0,33.227046,58,0.105
baseline,corridor,16,dijkstra,200,78.593828,77.315378,309.038608,0.555,0.401556,1.27845,34.214855,1.0,33.591679,53,0.09
baseline,corridor,16,cost_optimized,200,4.114553,0.985603,7.381764,0.07,1.071535,3.12895,0.341658,1.0,31.661297,10,0.445
baseline,corridor,16,static_queue,200,2.906161,0.309052,0.0,0.025,0.902349,2.597108,0.05046,1.0,31.646186,11,0.395
baseline,corridor,16,queue_aware,200,2.828795,0.14372,0.0,0.02,0.929408,2.685075,0.055347,1.0,31.645022,13,0.355
baseline,corridor,16,range_aware,200,12.53145,0.0,0.0,0.0,4.504947,12.53145,0.0,1.0,31.644996,1,1.0
baseline,corridor,17,nearest,200,57.261084,56.336926,279.605103,0.55,0.294502,0.924158,34.572225,1.0,33.219548,60,0.105
baseline,corridor,17,dijkstra,200,58.276357,57.183932,279.382769,0.555,0.352371,1.092425,34.438994,1.0,33.448287,52,0.095
baseline,corridor,17,cost_optimized,200,7.034016,4.009833,27.613535,0.11,1.045224,3.024183,0.435197,1.0,31.663042,10,0.44
baseline,corridor,17,static_queue,200,2.834468,0.34261,0.0,0.045,0.872239,2.491858,0.046826,1.0,31.608328,11,0.415
baseline,corridor,17,queue_aware,200,2.677875,0.095192,0.0,0.01,0.899231,2.582683,0.061692,1.0,31.600218,14,0.345
baseline,corridor,17,range_aware,200,12.61415,0.0,0.0,0.0,4.547359,12.61415,0.0,1.0,31.597645,1,1.0
baseline,corridor,18,nearest,200,58.590872,57.695872,335.865342,0.46,0.28727,0.895,32.237576,1.0,35.982874,58,0.095
baseline,corridor,18,dijkstra,200,59.904228,58.901787,335.865342,0.475,0.323092,1.002442,32.664242,1.0,35.915483,52,0.095
baseline,corridor,18,cost_optimized,200,4.625766,1.548308,2.727585,0.06,1.052891,3.077458,0.465984,1.0,34.640008,10,0.385
baseline,corridor,18,static_queue,200,2.447116,0.100241,0.0,0.02,0.818624,2.346875,0.051461,1.0,34.628965,12,0.35
baseline,corridor,18,queue_aware,200,2.622639,0.196023,0.0,0.025,0.843676,2.426617,0.050393,1.0,34.628322,13,0.31
baseline,corridor,18,range_aware,200,12.757608,0.0,0.0,0.0,4.5955,12.757608,0.0,1.0,34.625995,1,1.0
baseline,corridor,19,nearest,200,93.352379,92.290663,357.892282,0.615,0.32679,1.061717,33.15193,1.0,35.652647,52,0.095
baseline,corridor,19,dijkstra,200,84.986238,83.74763,307.308844,0.605,0.38929,1.238608,33.454958,1.0,35.518164,51,0.085
baseline,corridor,19,cost_optimized,200,3.893873,0.696232,0.323068,0.055,1.092731,3.197642,0.303075,1.0,32.67915,9,0.43
baseline,corridor,19,static_queue,200,2.618077,0.201094,0.0,0.03,0.843526,2.416983,0.048037,1.0,32.667606,11,0.4
baseline,corridor,19,queue_aware,200,2.586713,0.05253,0.0,0.005,0.87512,2.534183,0.056726,1.0,32.663404,12,0.35
baseline,corridor,19,range_aware,200,12.746375,0.0,0.0,0.0,4.596428,12.746375,0.0,1.0,32.663346,1,1.0
baseline,corridor,20,nearest,200,98.05823,97.057955,781.51097,0.51,0.308971,1.000275,33.962529,1.0,33.049098,57,0.1
baseline,corridor,20,dijkstra,200,72.923893,71.766868,357.159327,0.53,0.36239,1.157025,34.427982,1.0,32.573838,53,0.08
baseline,corridor,20,cost_optimized,200,5.551081,2.585598,15.464365,0.11,1.024631,2.965483,0.41993,1.0,30.424917,9,0.445
baseline,corridor,20,static_queue,200,2.827164,0.384456,0.0,0.03,0.853847,2.442708,0.060055,1.0,30.398363,11,0.4
baseline,corridor,20,queue_aware,200,2.570358,0.0,0.0,0.0,0.895503,2.570358,0.065314,1.0,30.394615,13,0.34
baseline,corridor,20,range_aware,200,12.664025,0.0,0.0,0.0,4.563198,12.664025,0.0,1.0,30.394518,1,1.0
baseline,corridor,21,nearest,200,38.224063,37.15098,170.823467,0.46,0.340646,1.073083,33.516674,1.0,35.361944,52,0.12
baseline,corridor,21,dijkstra,200,34.990293,33.733559,170.036786,0.45,0.405288,1.256733,33.566679,1.0,35.419343,50,0.115
baseline,corridor,21,cost_optimized,200,5.076192,1.895575,5.271035,0.06,1.117019,3.180617,0.419823,1.0,34.348536,10,0.41
baseline,corridor,21,static_queue,200,3.67439,1.173707,0.0,0.02,0.890164,2.500683,0.053888,1.0,34.329362,11,0.375
baseline,corridor,21,queue_aware,200,2.620892,0.0,0.0,0.0,0.926136,2.620892,0.051346,1.0,34.322401,13,0.295
baseline,corridor,21,range_aware,200,12.504842,0.0,0.0,0.0,4.508705,12.504842,0.0,1.0,34.322401,1,1.0
baseline,corridor,22,nearest,200,75.652416,74.541941,472.979145,0.485,0.351549,1.110475,31.795464,1.0,31.200585,56,0.135
baseline,corridor,22,dijkstra,200,66.020777,64.746652,405.756943,0.5,0.406696,1.274125,32.446679,1.0,31.241722,48,0.12
baseline,corridor,22,cost_optimized,200,4.31377,1.253287,5.900533,0.08,1.078949,3.060483,0.286697,1.0,30.041224,10,0.415
baseline,corridor,22,static_queue,200,2.909102,0.481285,0.0,0.03,0.856406,2.427817,0.04481,1.0,30.030503,11,0.375
baseline,corridor,22,queue_aware,200,2.554932,0.025899,0.0,0.01,0.884514,2.529033,0.052295,1.0,30.030293,12,0.325
baseline,corridor,22,range_aware,200,12.199617,0.0,0.0,0.0,4.39294,12.199617,0.0,1.0,30.025729,2,0.995
baseline,corridor,23,nearest,200,75.798326,74.724385,275.976821,0.595,0.345655,1.073942,33.964952,1.0,32.229665,55,0.16
baseline,corridor,23,dijkstra,200,72.629468,71.377051,282.902481,0.585,0.406275,1.252417,33.456067,1.0,32.424485,50,0.13
baseline,corridor,23,cost_optimized,200,5.37531,2.166243,8.749878,0.095,1.121864,3.209067,0.384078,1.0,30.465338,10,0.405
baseline,corridor,23,static_queue,200,2.847531,0.286631,0.0,0.015,0.916658,2.5609,0.052674,1.0,30.415941,11,0.355
baseline,corridor,23,queue_aware,200,2.687779,0.017737,0.0,0.005,0.94283,2.670042,0.056718,1.0,30.414388,13,0.295
baseline,corridor,23,range_aware,200,12.513775,0.0,0.0,0.0,4.520645,12.513775,0.0,1.0,30.405617,1,1.0
baseline,corridor,24,nearest,200,75.765768,74.663026,413.23261,0.57,0.346476,1.102742,34.949195,1.0,34.350342,57,0.16
baseline,corridor,24,dijkstra,200,67.571409,66.299925,347.281082,0.55,0.40462,1.271483,33.867982,1.0,34.222129,50,0.135
baseline,corridor,24,cost_optimized,200,4.16521,0.799301,3.785752,0.075,1.156946,3.365908,0.235615,1.0,32.674292,9,0.49
baseline,corridor,24,static_queue,200,2.806245,0.080069,0.0,0.03,0.959274,2.726175,0.044303,1.0,32.663477,12,0.455
baseline,corridor,24,queue_aware,200,2.857809,0.027093,0.0,0.005,0.985691,2.830717,0.058263,1.0,32.65956,14,0.365
baseline,corridor,24,range_aware,200,12.743808,0.0,0.0,0.0,4.594397,12.743808,0.0,1.0,32.657641,1,1.0
baseline,corridor,25,nearest,200,70.538116,69.638891,266.543648,0.57,0.281936,0.899225,34.023033,1.0,31.211926,54,0.085
baseline,corridor,25,dijkstra,200,55.363487,54.326912,242.277822,0.565,0.326292,1.036575,34.06677,1.0,31.072298,55,0.075
baseline,corridor,25,cost_optimized,200,8.449395,5.588128,33.363303,0.165,0.986844,2.861267,0.393674,1.0,30.035192,9,0.43
baseline,corridor,25,static_queue,200,3.241663,0.917038,3.422704,0.06,0.815523,2.324625,0.042774,1.0,30.013409,11,0.39
baseline,corridor,25,queue_aware,200,2.424459,0.034601,0.0,0.005,0.836379,2.389858,0.06074,1.0,30.01095,13,0.35
baseline,corridor,25,range_aware,200,12.484675,0.0,0.0,0.0,4.504017,12.484675,0.0,1.0,30.010126,2,0.995
baseline,corridor,26,nearest,200,63.964097,62.917847,289.214279,0.515,0.329329,1.04625,34.956571,1.0,33.04505,58,0.12
baseline,corridor,26,dijkstra,200,51.714476,50.518467,256.679517,0.495,0.378034,1.196008,35.184552,1.0,32.959303,55,0.11
baseline,corridor,26,cost_optimized,200,4.446363,1.41188,0.13028,0.05,1.060338,3.034483,0.370235,1.0,30.916558,10,0.465
baseline,corridor,26,static_queue,200,3.013152,0.490669,0.0,0.025,0.892352,2.522483,0.040971,1.0,30.917811,11,0.405
baseline,corridor,26,queue_aware,200,2.615611,0.025561,0.0,0.005,0.904302,2.59005,0.049485,1.0,30.913254,12,0.33
baseline,corridor,26,range_aware,200,12.2936,0.0,0.0,0.0,4.428982,12.2936,0.0,1.0,30.913254,1,1.0
baseline,corridor,27,nearest,200,53.831074,52.806599,230.222911,0.535,0.330369,1.024475,34.238789,1.0,31.071279,55,0.12
baseline,corridor,27,dijkstra,200,54.119988,52.970021,232.424584,0.555,0.375936,1.149967,34.290909,1.0,31.143823,50,0.095
baseline,corridor,27,cost_optimized,200,7.260027,4.156327,26.82922,0.095,1.085081,3.1037,0.406516,1.0,29.630511,8,0.42
baseline,corridor,27,static_queue,200,3.467577,0.922086,0.0,0.03,0.90342,2.545492,0.043087,1.0,29.613696,10,0.42
baseline,corridor,27,queue_aware,200,3.33447,0.704803,0.0,0.015,0.924905,2.629667,0.053612,1.0,29.612798,13,0.35
baseline,corridor,27,range_aware,200,12.889642,0.0,0.0,0.0,4.665109,12.889642,0.0,1.0,29.594985,1,1.0
baseline,corridor,28,nearest,200,71.947746,70.887463,349.559446,0.56,0.325897,1.060283,33.998893,1.0,33.889889,56,0.105
baseline,corridor,28,dijkstra,200,55.304989,54.080481,223.900358,0.595,0.38033,1.224508,34.649903,1.0,33.615659,51,0.075
baseline,corridor,28,cost_optimized,200,9.464414,6.466914,52.963721,0.215,1.032284,2.9975,0.458822,1.0,32.066263,10,0.46
baseline,corridor,28,static_queue,200,6.3293,3.816158,23.172857,0.135,0.872185,2.513142,0.049353,1.0,32.020174,12,0.41
baseline,corridor,28,queue_aware,200,2.85879,0.173723,0.0,0.02,0.925836,2.685067,0.056815,1.0,32.022231,13,0.31
baseline,corridor,28,range_aware,200,12.590417,0.0,0.0,0.0,4.523905,12.590417,0.0,1.0,32.01239,1,1.0
baseline,corridor,29,nearest,200,115.973441,114.9318,653.479072,0.555,0.334673,1.041642,34.175862,1.0,36.330167,58,0.115
baseline,corridor,29,dijkstra,200,98.883518,97.646735,546.216295,0.52,0.403419,1.236783,34.252328,1.0,36.205699,51,0.095
baseline,corridor,29,cost_optimized,200,5.292291,2.133575,13.71874,0.08,1.095157,3.158717,0.383177,1.0,33.706391,10,0.42
baseline,corridor,29,static_queue,200,2.865648,0.380832,0.0,0.035,0.878075,2.484817,0.044191,1.0,33.687674,11,0.37
baseline,corridor,29,queue_aware,200,2.573126,0.018101,0.0,0.005,0.900045,2.555025,0.058039,1.0,33.683157,12,0.325
baseline,corridor,29,range_aware,200,12.681733,0.0,0.0,0.0,4.572179,12.681733,0.0,1.0,33.681903,1,1.0
baseline,hotspot,0,nearest,200,882.594159,881.418484,2848.774563,0.845,0.383968,1.175675,40.0,1.0,35.462174,12,0.48
baseline,hotspot,0,dijkstra,200,897.10572,895.623603,2817.276802,0.88,0.498983,1.482117,40.0,1.0,35.707328,10,0.475
baseline,hotspot,0,cost_optimized,200,5.31344,1.910765,15.659218,0.18,1.091745,3.402675,0.300918,1.0,30.950028,4,0.525
baseline,hotspot,0,static_queue,200,4.253771,0.818171,6.514058,0.155,1.14249,3.4356,0.03178,1.0,30.946184,5,0.57
baseline,hotspot,0,queue_aware,200,3.856338,0.193796,0.0,0.03,1.237934,3.662542,0.103644,1.0,30.944944,8,0.475
baseline,hotspot,0,range_aware,200,14.278017,0.0,0.0,0.0,5.18915,14.278017,0.0,1.0,30.939992,1,1.0
baseline,hotspot,1,nearest,200,478.292612,477.237454,1568.966595,0.925,0.347059,1.055158,40.0,1.0,40.411586,12,0.37
baseline,hotspot,1,dijkstra,200,561.751866,560.403399,2012.757358,0.925,0.457742,1.348467,40.0,1.0,40.405007,11,0.415
baseline,hotspot,1,cost_optimized,200,5.233304,1.846887,15.67132,0.155,1.07097,3.386417,0.236717,1.0,34.674395,4,0.43
baseline,hotspot,1,static_queue,200,4.409239,0.980355,10.396789,0.11,1.111505,3.428883,0.029215,1.0,34.646512,5,0.455
baseline,hotspot,1,queue_aware,200,3.763234,0.157434,0.0,0.02,1.213733,3.6058,0.109412,1.0,34.642893,9,0.44
baseline,hotspot,1,range_aware,200,14.436425,0.0,0.0,0.0,5.262122,14.436425,0.0,1.0,34.642893,1,1.0
baseline,hotspot,2,nearest,200,717.563745,716.35232,2735.974573,0.865,0.397996,1.211425,40.0,1.0,36.604803,12,0.435
baseline,hotspot,2,dijkstra,200,631.549203,629.954445,2269.883319,0.89,0.5434,1.594758,40.0,1.0,36.597123,11,0.39
baseline,hotspot,2,cost_optimized,200,6.358085,2.923601,19.585587,0.225,1.110476,3.434483,0.195076,1.0,30.652595,4,0.525
baseline,hotspot,2,static_queue,200,5.365438,1.937972,15.676263,0.175,1.137146,3.427467,0.023524,1.0,30.649692,5,0.535
baseline,hotspot,2,queue_aware,200,3.863213,0.309546,0.0,0.045,1.202388,3.553667,0.108248,1.0,30.637097,9,0.455
baseline,hotspot,2,range_aware,200,14.285542,0.0,0.0,0.0,5.205913,14.285542,0.0,1.0,30.636064,1,1.0
baseline,hotspot,3,nearest,200,934.146194,932.979552,3166.14398,0.875,0.384707,1.166642,40.0,1.0,37.802294,11,0.425
baseline,hotspot,3,dijkstra,200,910.564231,908.95159,3215.401862,0.905,0.551417,1.612642,40.0,1.0,37.391888,10,0.425
baseline,hotspot,3,cost_optimized,200,13.088347,9.772697,41.570367,0.31,1.067993,3.31565,0.368198,1.0,31.019958,4,0.47
baseline,hotspot,3,static_queue,200,5.528431,2.133189,16.357085,0.195,1.13155,3.395242,0.038968,1.0,30.909374,5,0.5
baseline,hotspot,3,queue_aware,200,4.197096,0.629304,4.927698,0.085,1.215225,3.567792,0.111694,1.0,30.911919,8,0.45
baseline,hotspot,3,range_aware,200,14.331158,0.0,0.0,0.0,5.221165,14.331158,0.0,1.0,30.90489,1,1.0
baseline,hotspot,4,nearest,200,592.729126,591.628576,2224.468407,0.855,0.359165,1.10055,40.0,1.0,36.204994,12,0.35
baseline,hotspot,4,dijkstra,200,761.193543,759.794951,2758.522878,0.87,0.467334,1.398592,40.0,1.0,36.070253,10,0.43
baseline,hotspot,4,cost_optimized,200,7.506343,4.07956,27.814042,0.215,1.08602,3.426783,0.288919,1.0,32.460449,4,0.465
baseline,hotspot,4,static_queue,200,5.202055,1.72793,12.22089,0.145,1.135289,3.474125,0.03252,1.0,32.434258,5,0.49
baseline,hotspot,4,queue_aware,200,4.08657,0.48177,0.808841,0.055,1.211237,3.6048,0.100158,1.0,32.429261,9,0.455
baseline,hotspot,4,range_aware,200,14.382067,0.0,0.0,0.0,5.228169,14.382067,0.0,1.0,32.423812,1,1.0
baseline,hotspot,5,nearest,200,526.876583,525.710342,2190.632074,0.87,0.392065,1.166242,40.0,1.0,33.221002,12,0.425
baseline,hotspot,5,dijkstra,200,466.137897,464.589014,1950.604244,0.87,0.537525,1.548883,40.0,1.0,33.154817,11,0.415
baseline,hotspot,5,cost_optimized,200,7.55467,4.006012,19.947023,0.14,1.138054,3.548658,0.156309,1.0,29.49185,4,0.48
baseline,hotspot,5,static_queue,200,4.85888,1.368364,9.737917,0.11,1.156361,3.490517,0.020298,1.0,29.433719,5,0.52
baseline,hotspot,5,queue_aware,200,3.878832,0.216749,0.0,0.025,1.248042,3.662083,0.091436,1.0,29.433719,9,0.435
baseline,hotspot,5,range_aware,200,14.363508,0.0,0.0,0.0,5.239403,14.363508,0.0,1.0,29.433719,1,1.0
baseline,hotspot,6,nearest,200,489.521776,488.471217,1381.908418,0.86,0.357668,1.050558,40.0,1.0,36.743915,12,0.32
baseline,hotspot,6,dijkstra,200,531.058751,529.778801,1624.278752,0.895,0.440691,1.27995,40.0,1.0,36.703055,11,0.365
baseline,hotspot,6,cost_optimized,200,10.888519,7.504636,56.744905,0.23,1.072329,3.383883,0.316816,1.0,30.879505,4,0.4
baseline,hotspot,6,static_queue,200,6.551588,3.098297,23.69384,0.135,1.126295,3.453292,0.036276,1.0,30.826531,5,0.41
baseline,hotspot,6,queue_aware,200,3.799789,0.253306,0.0,0.03,1.20362,3.546483,0.103621,1.0,30.800092,9,0.415
baseline,hotspot,6,range_aware,200,14.41485,0.0,0.0,0.0,5.263446,14.41485,0.0,1.0,30.799188,1,1.0
baseline,hotspot,7,nearest,200,541.159098,540.109648,2204.04363,0.865,0.35083,1.04945,40.0,1.0,33.764677,11,0.355
baseline,hotspot,7,dijkstra,200,559.915382,558.53094,2047.079462,0.88,0.473916,1.384442,40.0,1.0,33.818255,10,0.375
baseline,hotspot,7,cost_optimized,200,5.346162,2.030987,15.23861,0.1,1.065152,3.315175,0.342148,1.0,30.567647,4,0.45
baseline,hotspot,7,static_queue,200,4.057443,0.692551,0.211171,0.055,1.120625,3.364892,0.036747,1.0,30.53336,5,0.465
baseline,hotspot,7,queue_aware,200,3.542174,0.017082,0.0,0.005,1.200602,3.525092,0.096396,1.0,30.534091,9,0.44
baseline,hotspot,7,range_aware,200,14.364108,0.0,0.0,0.0,5.238416,14.364108,0.0,1.0,30.53336,1,1.0
baseline,hotspot,8,nearest,200,619.168591,618.053716,2212.295143,0.91,0.364313,1.114875,40.0,1.0,37.964356,12,0.37
baseline,hotspot,8,dijkstra,200,621.558102,620.115577,2191.12434,0.94,0.492008,1.442525,40.0,1.0,37.799694,10,0.385
baseline,hotspot,8,cost_optimized,200,6.174967,2.735367,25.218232,0.17,1.08773,3.4396,0.197026,1.0,32.823364,4,0.43
baseline,hotspot,8,static_queue,200,5.371146,1.948571,18.151638,0.12,1.115344,3.422575,0.025063,1.0,32.805688,5,0.455
baseline,hotspot,8,queue_aware,200,3.833905,0.26393,0.0,0.02,1.20707,3.569975,0.097401,1.0,32.795021,9,0.415
baseline,hotspot,8,range_aware,200,14.353383,0.0,0.0,0.0,5.232235,14.353383,0.0,1.0,32.795021,1,1.0
baseline,hotspot,9,nearest,200,819.503039,818.447522,3103.096492,0.84,0.351866,1.055517,40.0,1.0,38.607113,12,0.415
baseline,hotspot,9,dijkstra,200,915.162707,913.751482,3331.137674,0.875,0.484159,1.411225,40.0,1.0,38.720758,10,0.465
baseline,hotspot,9,cost_optimized,200,5.370917,2.017034,8.157031,0.095,1.074221,3.353883,0.221742,1.0,34.356049,4,0.515
baseline,hotspot,9,static_queue,200,3.911985,0.526826,3.732173,0.065,1.112413,3.385158,0.026052,1.0,34.357417,5,0.54
baseline,hotspot,9,queue_aware,200,3.8857,0.341092,0.0,0.035,1.200992,3.544608,0.10435,1.0,34.355275,9,0.455
baseline,hotspot,9,range_aware,200,14.280425,0.0,0.0,0.0,5.203203,14.280425,0.0,1.0,34.351541,1,1.0
baseline,hotspot,10,nearest,200,629.168227,628.112519,2214.056726,0.89,0.344055,1.055708,40.0,1.0,33.271306,12,0.42
baseline,hotspot,10,dijkstra,200,681.046043,679.703235,2241.420599,0.92,0.451324,1.342808,40.0,1.0,33.430399,10,0.45
baseline,hotspot,10,cost_optimized,200,4.758842,1.448092,8.389545,0.105,1.056442,3.31075,0.367992,1.0,29.755547,4,0.48
baseline,hotspot,10,static_queue,200,4.502781,1.078114,5.276847,0.075,1.126917,3.424667,0.039278,1.0,29.755986,5,0.505
baseline,hotspot,10,queue_aware,200,3.646233,0.033967,0.0,0.01,1.229453,3.612267,0.108652,1.0,29.740478,9,0.475
baseline,hotspot,10,range_aware,200,14.293742,0.0,0.0,0.0,5.200604,14.293742,0.0,1.0,29.736294,1,1.0
baseline,hotspot,11,nearest,200,515.430219,514.327569,1906.067482,0.88,0.368317,1.10265,40.0,1.0,36.024171,12,0.37
baseline,hotspot,11,dijkstra,200,623.844605,622.300372,2174.219423,0.88,0.533172,1.544233,40.0,1.0,36.170531,10,0.4
baseline,hotspot,11,cost_optimized,200,4.872296,1.466321,10.776628,0.105,1.081438,3.405975,0.182872,1.0,32.770749,4,0.475
baseline,hotspot,11,static_queue,200,5.064062,1.661845,12.11266,0.1,1.108622,3.402217,0.023237,1.0,32.767424,5,0.505
baseline,hotspot,11,queue_aware,200,3.840371,0.240938,0.0,0.015,1.21152,3.599433,0.100317,1.0,32.754022,9,0.415
baseline,hotspot,11,range_aware,200,14.360542,0.0,0.0,0.0,5.233875,14.360542,0.0,1.0,32.748809,1,1.0
baseline,hotspot,12,nearest,200,731.846111,730.754586,2912.43058,0.89,0.358824,1.091525,40.0,1.0,41.585227,12,0.415
baseline,hotspot,12,dijkstra,200,770.181412,768.778987,3113.155688,0.865,0.474474,1.402425,40.0,1.0,41.544821,11,0.425
baseline,hotspot,12,cost_optimized,200,5.427311,1.967119,15.1901,0.13,1.109324,3.460192,0.248715,1.0,36.026993,4,0.49
baseline,hotspot,12,static_queue,200,4.143368,0.668718,3.312555,0.065,1.14755,3.47465,0.028369,1.0,36.020993,5,0.5
baseline,hotspot,12,queue_aware,200,3.710699,0.134432,0.0,0.025,1.212583,3.576267,0.093775,1.0,36.015346,9,0.465
baseline,hotspot,12,range_aware,200,14.387367,0.0,0.0,0.0,5.239232,14.387367,0.0,1.0,36.013838,1,1.0
baseline,hotspot,13,nearest,200,437.867405,436.820672,1498.57425,0.84,0.344233,1.046733,40.0,1.0,36.066085,12,0.345
baseline,hotspot,13,dijkstra,200,438.452033,437.128816,1549.38357,0.86,0.450724,1.323217,40.0,1.0,35.858007,11,0.365
baseline,hotspot,13,cost_optimized,200,11.917435,8.552727,51.676569,0.18,1.07285,3.364708,0.316508,1.0,32.2946,4,0.41
baseline,hotspot,13,static_queue,200,6.294692,2.928734,25.962518,0.12,1.114939,3.365958,0.034731,1.0,32.235477,5,0.425
baseline,hotspot,13,queue_aware,200,4.224801,0.694293,0.0,0.03,1.200779,3.530508,0.086824,1.0,32.226375,9,0.405
baseline,hotspot,13,range_aware,200,14.417917,0.0,0.0,0.0,5.2565,14.417917,0.0,1.0,32.218332,1,1.0
baseline,hotspot,14,nearest,200,666.388277,665.317602,2580.032472,0.845,0.354355,1.070675,40.0,1.0,36.195159,12,0.43
baseline,hotspot,14,dijkstra,200,566.493355,565.024205,2259.811285,0.885,0.506265,1.46915,40.0,1.0,35.745609,10,0.395
baseline,hotspot,14,cost_optimized,200,6.283587,2.880212,19.736608,0.125,1.09011,3.403375,0.142361,1.0,30.889139,4,0.515
baseline,hotspot,14,static_queue,200,5.297474,1.975074,23.84639,0.09,1.101652,3.3224,0.018058,1.0,30.8759,5,0.555
baseline,hotspot,14,queue_aware,200,3.725406,0.176989,0.0,0.02,1.200999,3.548417,0.102503,1.0,30.873511,9,0.425
baseline,hotspot,14,range_aware,200,14.342042,0.0,0.0,0.0,5.225607,14.342042,0.0,1.0,30.87209,1,1.0
baseline,hotspot,15,nearest,200,623.132447,622.072864,2408.458725,0.855,0.34197,1.059583,40.0,1.0,37.055098,12,0.335
baseline,hotspot,15,dijkstra,200,774.303765,772.930573,2884.628834,0.88,0.455166,1.373192,40.0,1.0,36.498087,11,0.385
baseline,hotspot,15,cost_optimized,200,9.339816,5.802941,46.510184,0.225,1.10928,3.536875,0.249536,1.0,33.767788,4,0.45
baseline,hotspot,15,static_queue,200,6.941928,3.457511,36.200169,0.14,1.137852,3.484417,0.028264,1.0,33.737995,5,0.49
baseline,hotspot,15,queue_aware,200,4.600138,0.967829,0.0,0.045,1.222805,3.632308,0.096555,1.0,33.728835,9,0.425
baseline,hotspot,15,range_aware,200,14.412375,0.0,0.0,0.0,5.234709,14.412375,0.0,1.0,33.725424,1,1.0
baseline,hotspot,16,nearest,200,484.080812,483.007353,1856.176114,0.9,0.363787,1.073458,40.0,1.0,37.498798,12,0.385
baseline,hotspot,16,dijkstra,200,529.880708,528.418399,1730.365571,0.9,0.507155,1.462308,40.0,1.0,37.998635,11,0.385
baseline,hotspot,16,cost_optimized,200,5.285327,1.955685,14.57474,0.14,1.082906,3.329642,0.314969,1.0,33.542619,4,0.485
baseline,hotspot,16,static_queue,200,4.444447,1.053713,6.335676,0.09,1.134404,3.390733,0.034326,1.0,33.540826,5,0.495
baseline,hotspot,16,queue_aware,200,3.785828,0.209194,0.0,0.02,1.229375,3.576633,0.092863,1.0,33.532456,9,0.44
baseline,hotspot,16,range_aware,200,14.392533,0.0,0.0,0.0,5.25582,14.392533,0.0,1.0,33.523564,1,1.0
baseline,hotspot,17,nearest,200,512.777449,511.600249,1593.727431,0.845,0.387098,1.1772,40.0,1.0,33.765162,12,0.36
baseline,hotspot,17,dijkstra,200,565.729914,564.171506,1894.338258,0.885,0.5322,1.558408,40.0,1.0,33.764599,10,0.375
baseline,hotspot,17,cost_optimized,200,7.721675,4.324334,25.918735,0.155,1.090321,3.397342,0.288098,1.0,29.913938,4,0.505
baseline,hotspot,17,static_queue,200,4.678053,1.24367,13.164604,0.105,1.134345,3.434383,0.031801,1.0,29.909328,5,0.52
baseline,hotspot,17,queue_aware,200,3.776668,0.169759,0.0,0.02,1.221084,3.606908,0.095089,1.0,29.905963,9,0.435
baseline,hotspot,17,range_aware,200,14.330033,0.0,0.0,0.0,5.220555,14.330033,0.0,1.0,29.896019,1,1.0
baseline,hotspot,18,nearest,200,618.000274,616.973949,2272.115976,0.935,0.345565,1.026325,40.0,1.0,37.615138,12,0.365
baseline,hotspot,18,dijkstra,200,637.962423,636.591865,2100.61512,0.92,0.476623,1.370558,40.0,1.0,37.647167,11,0.345
baseline,hotspot,18,cost_optimized,200,7.283477,3.909136,27.105328,0.21,1.096495,3.374342,0.248715,1.0,31.503279,4,0.49
baseline,hotspot,18,static_queue,200,7.168806,3.783406,26.831236,0.175,1.135115,3.3854,0.028163,1.0,31.493833,5,0.51
baseline,hotspot,18,queue_aware,200,4.36154,0.828198,4.340929,0.07,1.215043,3.533342,0.094647,1.0,31.48751,9,0.45
baseline,hotspot,18,range_aware,200,14.352892,0.0,0.0,0.0,5.241445,14.352892,0.0,1.0,31.484823,1,1.0
baseline,hotspot,19,nearest,200,845.561385,844.42481,2831.189966,0.9,0.366452,1.136575,40.0,1.0,38.177924,12,0.44
baseline,hotspot,19,dijkstra,200,1057.483183,1055.997225,3485.338892,0.92,0.49625,1.485958,40.0,1.0,38.91117,10,0.48
baseline,hotspot,19,cost_optimized,200,7.499619,4.007202,25.36467,0.255,1.119944,3.492417,0.235075,1.0,32.71157,4,0.51
baseline,hotspot,19,static_queue,200,7.298632,3.785148,26.481737,0.245,1.160215,3.513483,0.026646,1.0,32.704643,5,0.555
baseline,hotspot,19,queue_aware,200,4.77719,1.094298,7.726231,0.075,1.250104,3.682892,0.100009,1.0,32.691256,9,0.475
baseline,hotspot,19,range_aware,200,14.317367,0.0,0.0,0.0,5.206589,14.317367,0.0,1.0,32.686023,1,1.0
baseline,hotspot,20,nearest,200,785.541362,784.396337,2729.399922,0.88,0.375421,1.145025,40.0,1.0,35.961888,11,0.445
baseline,hotspot,20,dijkstra,200,760.409344,758.850519,2698.292654,0.85,0.528405,1.558825,40.0,1.0,35.695562,11,0.455
baseline,hotspot,20,cost_optimized,200,6.00686,2.642469,14.920673,0.235,1.077149,3.364392,0.274868,1.0,31.285932,4,0.505
baseline,hotspot,20,static_queue,200,5.393266,1.987983,12.669914,0.195,1.123917,3.405283,0.030489,1.0,31.257944,5,0.55
baseline,hotspot,20,queue_aware,200,3.922135,0.296827,0.0,0.025,1.217187,3.625308,0.107472,1.0,31.252433,8,0.445
baseline,hotspot,20,range_aware,200,14.312233,0.0,0.0,0.0,5.206274,14.312233,0.0,1.0,31.248091,1,1.0
baseline,hotspot,21,nearest,200,502.956654,501.865404,1936.044907,0.88,0.349067,1.09125,40.0,1.0,33.174285,12,0.37
baseline,hotspot,21,dijkstra,200,604.323516,602.86375,2259.663167,0.885,0.485647,1.459767,40.0,1.0,34.002705,11,0.4
baseline,hotspot,21,cost_optimized,200,7.528823,4.060764,25.156506,0.17,1.099327,3.468058,0.195487,1.0,29.300457,4,0.505
baseline,hotspot,21,static_queue,200,6.141963,2.702096,22.13424,0.15,1.123184,3.439867,0.02342,1.0,29.297252,5,0.525
baseline,hotspot,21,queue_aware,200,4.169152,0.589569,0.0,0.03,1.204875,3.579583,0.089291,1.0,29.303077,9,0.43
baseline,hotspot,21,range_aware,200,14.310925,0.0,0.0,0.0,5.198978,14.310925,0.0,1.0,29.288102,1,1.0
baseline,hotspot,22,nearest,200,449.012712,447.93167,1534.709997,0.895,0.366937,1.081042,40.0,1.0,36.681636,12,0.36
baseline,hotspot,22,dijkstra,200,493.459254,492.02502,1685.456354,0.88,0.498917,1.434233,40.0,1.0,36.798334,10,0.36
baseline,hotspot,22,cost_optimized,200,6.404216,3.033991,17.917797,0.19,1.079371,3.370225,0.329739,1.0,34.005055,4,0.41
baseline,hotspot,22,static_queue,200,4.891976,1.492293,9.408773,0.12,1.127721,3.399683,0.036253,1.0,34.000325,5,0.435
baseline,hotspot,22,queue_aware,200,4.355558,0.780483,0.067473,0.05,1.225364,3.575075,0.098385,1.0,33.994344,9,0.43
baseline,hotspot,22,range_aware,200,14.452892,0.0,0.0,0.0,5.27804,14.452892,0.0,1.0,33.989239,1,1.0
baseline,hotspot,23,nearest,200,353.239334,352.223167,1047.990329,0.895,0.346763,1.016167,40.0,1.0,34.347108,12,0.37
baseline,hotspot,23,dijkstra,200,482.99263,481.671988,1524.000217,0.915,0.461148,1.320642,40.0,1.0,34.244674,10,0.395
baseline,hotspot,23,cost_optimized,200,4.836544,1.484544,4.119722,0.08,1.089836,3.352,0.275176,1.0,31.981162,4,0.49
baseline,hotspot,23,static_queue,200,3.410951,0.081209,0.0,0.025,1.127612,3.329742,0.029661,1.0,31.973991,5,0.525
baseline,hotspot,23,queue_aware,200,3.454708,0.0,0.0,0.0,1.183411,3.454708,0.098297,1.0,31.971878,9,0.45
baseline,hotspot,23,range_aware,200,14.308592,0.0,0.0,0.0,5.223195,14.308592,0.0,1.0,31.964758,1,1.0
baseline,hotspot,24,nearest,200,826.169858,825.075991,3260.382982,0.865,0.374465,1.093867,40.0,1.0,36.302341,12,0.4
baseline,hotspot,24,dijkstra,200,753.074445,751.646161,2993.495814,0.885,0.499951,1.428283,40.0,1.0,36.224851,11,0.39
baseline,hotspot,24,cost_optimized,200,7.387715,3.896898,30.934186,0.195,1.123398,3.490817,0.183488,1.0,30.433618,4,0.445
baseline,hotspot,24,static_queue,200,4.993856,1.573756,13.510742,0.13,1.137689,3.4201,0.023028,1.0,30.417184,5,0.48
baseline,hotspot,24,queue_aware,200,3.802166,0.263674,0.0,0.035,1.211404,3.538492,0.093568,1.0,30.413027,8,0.445
baseline,hotspot,24,range_aware,200,14.3778,0.0,0.0,0.0,5.262003,14.3778,0.0,1.0,30.41105,1,1.0
baseline,hotspot,25,nearest,200,731.044342,730.001084,2727.267807,0.88,0.349363,1.043258,40.0,1.0,38.365942,12,0.39
baseline,hotspot,25,dijkstra,200,707.47187,706.086011,2465.546211,0.92,0.478794,1.385858,40.0,1.0,38.498081,11,0.4
baseline,hotspot,25,cost_optimized,200,6.910424,3.552665,26.596435,0.195,1.084978,3.357758,0.275381,1.0,34.604835,4,0.48
baseline,hotspot,25,static_queue,200,5.715801,2.30356,20.558248,0.145,1.131048,3.412242,0.031308,1.0,34.575496,5,0.495
baseline,hotspot,25,queue_aware,200,4.737139,1.130414,0.046634,0.05,1.2384,3.606725,0.106265,1.0,34.580235,9,0.42
baseline,hotspot,25,range_aware,200,14.394242,0.0,0.0,0.0,5.250776,14.394242,0.0,1.0,34.572167,1,1.0
baseline,hotspot,26,nearest,200,750.609638,749.54093,2582.536038,0.875,0.360646,1.068708,40.0,1.0,37.376804,12,0.425
baseline,hotspot,26,dijkstra,200,889.3495,887.932367,2795.094784,0.865,0.491557,1.417133,40.0,1.0,37.917069,11,0.46
baseline,hotspot,26,cost_optimized,200,10.035051,6.746901,34.18489,0.285,1.074981,3.28815,0.340608,1.0,33.369353,4,0.525
baseline,hotspot,26,static_queue,200,6.235225,2.84555,20.645182,0.215,1.138632,3.389675,0.036034,1.0,33.313746,5,0.555
baseline,hotspot,26,queue_aware,200,4.270532,0.676257,6.289181,0.09,1.228301,3.594275,0.096683,1.0,33.304057,9,0.485
baseline,hotspot,26,range_aware,200,14.256267,0.0,0.0,0.0,5.194597,14.256267,0.0,1.0,33.294647,1,1.0
baseline,hotspot,27,nearest,200,569.702477,568.580635,1967.48877,0.855,0.368016,1.121842,40.0,1.0,32.729617,11,0.42
baseline,hotspot,27,dijkstra,200,717.658474,716.240157,2331.159334,0.855,0.476216,1.418317,40.0,1.0,32.994068,10,0.475
baseline,hotspot,27,cost_optimized,200,5.701503,2.161711,18.618788,0.15,1.137866,3.539792,0.168924,1.0,30.566672,4,0.51
baseline,hotspot,27,static_queue,200,4.861185,1.35151,8.412834,0.095,1.159685,3.509675,0.021305,1.0,30.57134,5,0.53
baseline,hotspot,27,queue_aware,200,4.093887,0.459896,0.0,0.025,1.233995,3.633992,0.107764,1.0,30.570838,8,0.445
baseline,hotspot,27,range_aware,200,14.353883,0.0,0.0,0.0,5.231793,14.353883,0.0,1.0,30.557155,1,1.0
baseline,hotspot,28,nearest,200,461.082437,460.009495,1561.329423,0.88,0.357697,1.072942,40.0,1.0,35.617361,12,0.32
baseline,hotspot,28,dijkstra,200,505.972424,504.518732,1558.01277,0.92,0.496315,1.453692,40.0,1.0,35.851551,10,0.345
baseline,hotspot,28,cost_optimized,200,6.216394,2.83331,14.943885,0.145,1.092862,3.383083,0.315174,1.0,32.540166,4,0.475
baseline,hotspot,28,static_queue,200,4.452094,1.035369,6.610133,0.075,1.142161,3.416725,0.033913,1.0,32.526214,5,0.5
baseline,hotspot,28,queue_aware,200,4.0007,0.442284,0.0,0.025,1.214418,3.558417,0.089029,1.0,32.515151,9,0.425
baseline,hotspot,28,range_aware,200,14.411425,0.0,0.0,0.0,5.251533,14.411425,0.0,1.0,32.513815,1,1.0
baseline,hotspot,29,nearest,200,386.956422,385.909906,1496.470421,0.82,0.343343,1.046517,40.0,1.0,33.491256,12,0.36
baseline,hotspot,29,dijkstra,200,523.429059,522.038376,1942.799897,0.835,0.468792,1.390683,40.0,1.0,33.880895,10,0.4
baseline,hotspot,29,cost_optimized,200,6.179808,2.821008,11.053941,0.11,1.079562,3.3588,0.341532,1.0,30.612307,4,0.48
baseline,hotspot,29,static_queue,200,3.818732,0.410157,0.021192,0.05,1.13686,3.408575,0.035925,1.0,30.588525,5,0.5
baseline,hotspot,29,queue_aware,200,3.756273,0.138207,0.0,0.015,1.22462,3.618067,0.090711,1.0,30.581538,9,0.425
baseline,hotspot,29,range_aware,200,14.365975,0.0,0.0,0.0,5.223356,14.365975,0.0,1.0,30.578666,1,1.0
high_demand,spread,0,nearest,600,76.527688,75.476127,410.058251,0.518333,0.341175,1.051561,30.029021,1.0,38.623612,116,0.058333
high_demand,spread,0,dijkstra,600,75.09275,73.79247,283.73338,0.523333,0.431954,1.300281,30.171439,1.0,38.464386,113,0.066667
high_demand,spread,0,cost_optimized,600,12.961477,9.86461,58.829772,0.203333,1.069092,3.096867,0.301507,1.0,33.649483,14,0.145
high_demand,spread,0,static_queue,600,3.230058,0.667078,0.0,0.028333,0.873885,2.562981,0.022354,1.0,33.298407,27,0.138333
high_demand,spread,0,queue_aware,600,2.95636,0.328474,0.0,0.008333,0.896792,2.627886,0.043281,1.0,33.291911,30,0.121667
high_demand,spread,0,range_aware,600,10.798647,0.0,0.0,0.0,3.859305,10.798647,0.0,1.0,33.281901,2,0.998333
high_demand,spread,1,nearest,600,80.243426,79.183449,425.632355,0.498333,0.335593,1.059978,29.9847,1.0,40.408809,116,0.053333
high_demand,spread,1,dijkstra,600,73.743152,72.383374,326.497734,0.521667,0.443473,1.359778,30.883738,1.0,40.089818,113,0.058333
high_demand,spread,1,cost_optimized,600,6.027654,2.911665,23.274317,0.126667,1.058686,3.115989,0.239872,1.0,34.946936,14,0.136667
high_demand,spread,1,static_queue,600,2.597919,0.167472,0.0,0.013333,0.820494,2.430447,0.028303,1.0,34.896219,27,0.13
high_demand,spread,1,queue_aware,600,2.571165,0.060954,0.0,0.005,0.850284,2.510211,0.048911,1.0,34.890231,31,0.111667
high_demand,spread,1,range_aware,600,11.03065,0.0,0.0,0.0,3.938543,11.03065,0.0,1.0,34.881737,1,1.0
high_demand,spread,2,nearest,600,72.49233,71.482597,268.274737,0.543333,0.32445,1.009733,30.920941,1.0,37.98255,117,0.06
high_demand,spread,2,dijkstra,600,81.824563,80.512902,301.090559,0.553333,0.436877,1.311661,31.517355,1.0,38.31729,116,0.066667
high_demand,spread,2,cost_optimized,600,7.966842,4.83322,37.003315,0.16,1.081144,3.133622,0.249143,1.0,33.848218,14,0.165
high_demand,spread,2,static_queue,600,2.92809,0.400462,0.0,0.025,0.866689,2.527628,0.02491,1.0,33.756834,27,0.165
high_demand,spread,2,queue_aware,600,2.691083,0.060955,0.0,0.005,0.902902,2.630128,0.050601,1.0,33.751674,30,0.13
high_demand,spread,2,range_aware,600,10.869922,0.0,0.0,0.0,3.884748,10.869922,0.0,1.0,33.747778,1,1.0
high_demand,spread,3,nearest,600,73.696184,72.672326,381.198507,0.498333,0.325769,1.023858,28.497505,1.0,37.412091,115,0.053333
high_demand,spread,3,dijkstra,600,87.753938,86.445921,466.605667,0.523333,0.430426,1.308017,29.25006,1.0,38.438965,111,0.061667
high_demand,spread,3,cost_optimized,600,12.863048,9.64742,66.559641,0.163333,1.105385,3.215628,0.310445,1.0,32.020677,14,0.128333
high_demand,spread,3,static_queue,600,2.879564,0.298966,0.0,0.036667,0.880192,2.580597,0.027646,1.0,31.680762,27,0.125
high_demand,spread,3,queue_aware,600,2.860179,0.180998,0.0,0.013333,0.916586,2.679181,0.051879,1.0,31.673892,31,0.116667
high_demand,spread,3,range_aware,600,11.409183,0.0,0.0,0.0,4.080245,11.409183,0.0,1.0,31.666675,1,1.0
high_demand,spread,4,nearest,600,49.546677,48.585563,217.652663,0.495,0.31127,0.961114,28.691354,1.0,35.350456,115,0.046667
high_demand,spread,4,dijkstra,600,53.990972,52.732817,247.842989,0.52,0.419714,1.258156,29.790027,1.0,34.945434,112,0.056667
high_demand,spread,4,cost_optimized,600,5.58251,2.501646,21.409046,0.096667,1.068412,3.080864,0.302594,1.0,31.911595,14,0.156667
high_demand,spread,4,static_queue,600,2.528932,0.103774,0.0,0.011667,0.831041,2.425158,0.025081,1.0,31.85591,27,0.118333
high_demand,spread,4,queue_aware,600,2.480606,0.0,0.0,0.0,0.850379,2.480606,0.045843,1.0,31.85535,30,0.108333
high_demand,spread,4,range_aware,600,10.663328,0.0,0.0,0.0,3.803727,10.663328,0.0,1.0,31.852456,1,1.0
high_demand,spread,5,nearest,600,102.140591,101.080097,681.097547,0.528333,0.331715,1.060494,28.89095,1.0,38.674208,115,0.063333
high_demand,spread,5,dijkstra,600,101.866505,100.574997,554.694254,0.566667,0.414638,1.291508,29.577235,1.0,38.60897,114,0.065
high_demand,spread,5,cost_optimized,600,7.18519,4.010268,19.49651,0.135,1.0833,3.174922,0.243057,1.0,32.690471,14,0.145
high_demand,spread,5,static_queue,600,3.052612,0.469339,0.014186,0.05,0.86858,2.583272,0.027424,1.0,32.601378,27,0.143333
high_demand,spread,5,queue_aware,600,2.752822,0.080447,0.0,0.008333,0.900444,2.672375,0.051938,1.0,32.582498,31,0.118333
high_demand,spread,5,range_aware,600,10.906514,0.0,0.0,0.0,3.884158,10.906514,0.0,1.0,32.574406,2,0.998333
high_demand,spread,6,nearest,600,72.714723,71.682248,328.715683,0.536667,0.331258,1.032475,30.087582,1.0,36.094018,110,0.06
high_demand,spread,6,dijkstra,600,65.703794,64.425283,326.36355,0.54,0.419562,1.278511,30.368449,1.0,35.823705,113,0.061667
high_demand,spread,6,cost_optimized,600,7.321706,4.161258,25.296238,0.151667,1.086901,3.160447,0.283797,1.0,32.008509,14,0.166667
high_demand,spread,6,static_queue,600,2.996127,0.473529,0.0,0.045,0.858157,2.522597,0.030783,1.0,31.791634,27,0.163333
high_demand,spread,6,queue_aware,600,2.737781,0.140662,0.0,0.016667,0.880859,2.597119,0.055313,1.0,31.793318,30,0.128333
high_demand,spread,6,range_aware,600,11.045831,0.0,0.0,0.0,3.941298,11.045831,0.0,1.0,31.783201,1,1.0
high_demand,spread,7,nearest,600,66.675373,65.655185,266.976681,0.523333,0.333141,1.020189,30.459772,1.0,36.052686,117,0.05
high_demand,spread,7,dijkstra,600,74.064987,72.73359,365.310824,0.511667,0.449099,1.331397,31.185075,1.0,36.627287,116,0.055
high_demand,spread,7,cost_optimized,600,9.590135,6.494448,41.999666,0.156667,1.07492,3.095686,0.269438,1.0,31.304649,14,0.15
high_demand,spread,7,static_queue,600,3.232627,0.72994,0.0,0.041667,0.863195,2.502686,0.026644,1.0,31.168243,27,0.145
high_demand,spread,7,queue_aware,600,2.715277,0.096041,0.0,0.008333,0.90552,2.619236,0.051396,1.0,31.161388,31,0.126667
high_demand,spread,7,range_aware,600,10.9836,0.0,0.0,0.0,3.927439,10.9836,0.0,1.0,31.150018,1,1.0
high_demand,spread,8,nearest,600,55.911888,54.954452,240.862864,0.52,0.311275,0.957436,29.672647,1.0,34.633196,117,0.041667
high_demand,spread,8,dijkstra,600,57.216464,56.04385,237.581704,0.54,0.391489,1.172614,29.926157,1.0,35.326401,115,0.045
high_demand,spread,8,cost_optimized,600,6.311321,3.193599,25.894,0.143333,1.080477,3.117722,0.230502,1.0,30.015034,14,0.148333
high_demand,spread,8,static_queue,600,2.907178,0.437709,0.0,0.03,0.844822,2.469469,0.025347,1.0,29.943619,27,0.14
high_demand,spread,8,queue_aware,600,2.678473,0.118598,0.0,0.006667,0.879932,2.559875,0.056915,1.0,29.932679,31,0.121667
high_demand,spread,8,range_aware,600,11.036144,0.0,0.0,0.0,3.946914,11.036144,0.0,1.0,29.913062,1,1.0
high_demand,spread,9,nearest,600,68.996783,68.002342,343.11374,0.54,0.315612,0.994442,29.972342,1.0,36.288839,114,0.04
high_demand,spread,9,dijkstra,600,51.882545,50.632253,238.951082,0.518333,0.411071,1.250292,29.843971,1.0,35.617138,115,0.041667
high_demand,spread,9,cost_optimized,600,5.784754,2.610632,15.979097,0.111667,1.086542,3.174122,0.293367,1.0,31.963821,14,0.13
high_demand,spread,9,static_queue,600,2.805615,0.29597,0.0,0.016667,0.854577,2.509644,0.029261,1.0,31.914069,27,0.125
high_demand,spread,9,queue_aware,600,2.644795,0.037111,0.0,0.003333,0.891337,2.607683,0.047283,1.0,31.907015,31,0.123333
high_demand,spread,9,range_aware,600,11.189883,0.0,0.0,0.0,3.995978,11.189883,0.0,1.0,31.900947,1,1.0
high_demand,spread,10,nearest,600,66.330347,65.272203,274.999698,0.503333,0.341212,1.058144,29.576067,1.0,37.259356,115,0.066667
high_demand,spread,10,dijkstra,600,71.919303,70.595934,293.600111,0.533333,0.439338,1.323369,31.212206,1.0,37.656428,111,0.068333
high_demand,spread,10,cost_optimized,600,6.896496,3.723368,25.946954,0.133333,1.097267,3.173128,0.210656,1.0,33.657651,14,0.185
high_demand,spread,10,static_queue,600,3.077121,0.506582,1.565306,0.06,0.878824,2.570539,0.02857,1.0,33.530753,27,0.181667
high_demand,spread,10,queue_aware,600,2.788245,0.123284,0.0,0.011667,0.912122,2.664961,0.057747,1.0,33.512127,30,0.138333
high_demand,spread,10,range_aware,600,11.204078,0.0,0.0,0.0,4.011568,11.204078,0.0,1.0,33.50187,1,1.0
high_demand,spread,11,nearest,600,53.424181,52.380476,267.081005,0.448333,0.335676,1.043706,28.576689,1.0,33.673685,118,0.056667
high_demand,spread,11,dijkstra,600,57.646266,56.327683,260.328665,0.505,0.438795,1.318583,29.004443,1.0,33.707161,113,0.058333
high_demand,spread,11,cost_optimized,600,5.67262,2.549178,20.392003,0.128333,1.071068,3.123442,0.261973,1.0,30.504205,14,0.143333
high_demand,spread,11,static_queue,600,2.70241,0.160999,0.0,0.01,0.86508,2.541411,0.023879,1.0,30.48793,27,0.136667
high_demand,spread,11,queue_aware,600,2.692458,0.078969,0.0,0.006667,0.894701,2.613489,0.051605,1.0,30.487623,30,0.123333
high_demand,spread,11,range_aware,600,11.210167,0.0,0.0,0.0,4.015088,11.210167,0.0,1.0,30.445772,1,1.0
high_demand,spread,12,nearest,600,78.342754,77.291704,332.482109,0.52,0.337424,1.05105,30.411021,1.0,33.849141,117,0.063333
high_demand,spread,12,dijkstra,600,93.323684,91.980606,334.306246,0.566667,0.445568,1.343078,31.518845,1.0,34.199907,114,0.066667
high_demand,spread,12,cost_optimized,600,6.594643,3.518926,19.650229,0.11,1.053942,3.075717,0.271376,1.0,29.001428,14,0.168333
high_demand,spread,12,static_queue,600,3.006576,0.51671,0.0,0.031667,0.846262,2.489867,0.024313,1.0,28.873336,27,0.158333
high_demand,spread,12,queue_aware,600,2.754976,0.185326,0.0,0.008333,0.876119,2.56965,0.051235,1.0,28.864166,31,0.133333
high_demand,spread,12,range_aware,600,11.079733,0.0,0.0,0.0,3.958556,11.079733,0.0,1.0,28.857145,1,1.0
high_demand,spread,13,nearest,600,74.108046,73.066488,338.078561,0.535,0.333046,1.041558,29.707943,1.0,41.015156,114,0.06
high_demand,spread,13,dijkstra,600,84.715679,83.441371,402.080319,0.546667,0.417721,1.274308,30.649867,1.0,42.387094,111,0.061667
high_demand,spread,13,cost_optimized,600,8.266843,5.082065,40.225267,0.14,1.098375,3.184778,0.259634,1.0,36.405067,14,0.163333
high_demand,spread,13,static_queue,600,3.887551,1.299942,0.0,0.045,0.884955,2.587608,0.028187,1.0,36.343928,27,0.153333
high_demand,spread,13,queue_aware,600,2.708641,0.017619,0.0,0.003333,0.92298,2.691022,0.051332,1.0,36.3348,30,0.128333
high_demand,spread,13,range_aware,600,11.037381,0.0,0.0,0.0,3.94119,11.037381,0.0,1.0,36.313845,1,1.0
high_demand,spread,14,nearest,600,49.032816,48.028961,216.35902,0.495,0.324066,1.003856,30.371299,1.0,31.978532,116,0.043333
high_demand,spread,14,dijkstra,600,55.871346,54.569757,231.936531,0.52,0.43269,1.301589,31.160527,1.0,32.726755,115,0.05
high_demand,spread,14,cost_optimized,600,5.600575,2.463258,20.926632,0.143333,1.079823,3.137317,0.274624,1.0,28.052653,14,0.133333
high_demand,spread,14,static_queue,600,3.25999,0.677345,0.0,0.035,0.883861,2.582644,0.024291,1.0,28.007373,26,0.14
high_demand,spread,14,queue_aware,600,2.795302,0.133635,0.0,0.013333,0.917546,2.661667,0.053153,1.0,27.999031,30,0.121667
high_demand,spread,14,range_aware,600,11.056069,0.0,0.0,0.0,3.956811,11.056069,0.0,1.0,27.996355,1,1.0
high_demand,spread,15,nearest,600,101.335209,100.309562,537.038564,0.501667,0.330199,1.025647,28.820455,1.0,34.259044,114,0.06
high_demand,spread,15,dijkstra,600,104.891881,103.576673,606.435437,0.493333,0.438007,1.315208,29.685407,1.0,34.438283,112,0.063333
high_demand,spread,15,cost_optimized,600,5.485925,2.33567,18.902171,0.133333,1.093478,3.150256,0.268391,1.0,28.991397,14,0.16
high_demand,spread,15,static_queue,600,3.238571,0.68086,0.0,0.045,0.877746,2.557711,0.025109,1.0,28.951108,27,0.165
high_demand,spread,15,queue_aware,600,2.705028,0.007442,0.0,0.001667,0.929234,2.697586,0.052726,1.0,28.942544,31,0.118333
high_demand,spread,15,range_aware,600,10.848103,0.0,0.0,0.0,3.875997,10.848103,0.0,1.0,28.941828,1,1.0
high_demand,spread,16,nearest,600,49.240295,48.21207,219.579838,0.455,0.318337,1.028225,28.283147,1.0,32.03273,112,0.045
high_demand,spread,16,dijkstra,600,63.39986,62.107779,288.26815,0.491667,0.416519,1.292081,29.812865,1.0,32.643561,114,0.058333
high_demand,spread,16,cost_optimized,600,6.513415,3.338435,29.499557,0.136667,1.086705,3.174981,0.2606,1.0,28.088418,14,0.13
high_demand,spread,16,static_queue,600,2.886744,0.380299,0.0,0.026667,0.843735,2.506444,0.029181,1.0,27.968593,27,0.115
high_demand,spread,16,queue_aware,600,2.737729,0.151682,0.0,0.008333,0.874396,2.586047,0.046583,1.0,27.965589,31,0.103333
high_demand,spread,16,range_aware,600,11.1647,0.0,0.0,0.0,3.980739,11.1647,0.0,1.0,27.960329,2,0.998333
high_demand,spread,17,nearest,600,84.27006,83.142332,384.20462,0.468333,0.351884,1.127728,29.948451,1.0,39.695169,114,0.053333
high_demand,spread,17,dijkstra,600,81.880761,80.457016,365.108745,0.498333,0.457722,1.423744,30.379382,1.0,39.211864,115,0.055
high_demand,spread,17,cost_optimized,600,13.76706,10.551902,48.040584,0.153333,1.094808,3.215158,0.308185,1.0,33.743325,14,0.145
high_demand,spread,17,static_queue,600,2.873411,0.237261,0.0,0.026667,0.884149,2.63615,0.028514,1.0,33.40529,27,0.135
high_demand,spread,17,queue_aware,600,2.724567,0.002451,0.0,0.003333,0.919345,2.722117,0.051567,1.0,33.42077,31,0.111667
high_demand,spread,17,range_aware,600,11.07605,0.0,0.0,0.0,3.944447,11.07605,0.0,1.0,33.393631,1,1.0
high_demand,spread,18,nearest,600,47.487291,46.490097,232.933915,0.458333,0.318612,0.997194,29.554041,1.0,34.158931,117,0.046667
high_demand,spread,18,dijkstra,600,65.992828,64.721056,347.793247,0.488333,0.421437,1.271772,30.403062,1.0,35.302882,115,0.05
high_demand,spread,18,cost_optimized,600,5.822693,2.663629,14.350979,0.108333,1.090068,3.159064,0.265237,1.0,30.098136,14,0.153333
high_demand,spread,18,static_queue,600,2.531615,0.073662,0.0,0.016667,0.838187,2.457953,0.027269,1.0,30.037279,27,0.141667
high_demand,spread,18,queue_aware,600,2.5347,0.010961,0.0,0.003333,0.863972,2.523739,0.047395,1.0,30.037168,30,0.13
high_demand,spread,18,range_aware,600,11.169994,0.0,0.0,0.0,3.992374,11.169994,0.0,1.0,30.019481,1,1.0
high_demand,spread,19,nearest,600,77.581742,76.523511,403.161413,0.49,0.333583,1.058231,29.048515,1.0,34.09124,118,0.058333
high_demand,spread,19,dijkstra,600,86.094211,84.737052,435.230791,0.505,0.445308,1.357158,29.773353,1.0,34.80052,117,0.066667
high_demand,spread,19,cost_optimized,600,6.534289,3.340902,28.863831,0.136667,1.099376,3.193386,0.237815,1.0,28.833919,14,0.155
high_demand,spread,19,static_queue,600,2.915297,0.329275,0.0,0.035,0.874903,2.586022,0.030933,1.0,28.750192,27,0.143333
high_demand,spread,19,queue_aware,600,2.686936,0.00497,0.0,0.001667,0.91252,2.681967,0.052943,1.0,28.748865,31,0.118333
high_demand,spread,19,range_aware,600,10.859722,0.0,0.0,0.0,3.871964,10.859722,0.0,1.0,28.746853,2,0.996667
high_demand,spread,20,nearest,600,54.993885,53.928179,243.243939,0.546667,0.346108,1.065706,30.189964,1.0,37.634513,116,0.065
high_demand,spread,20,dijkstra,600,71.866423,70.539723,372.703829,0.538333,0.444735,1.3267,30.496836,1.0,38.146009,115,0.075
high_demand,spread,20,cost_optimized,600,6.338606,3.154212,25.137211,0.135,1.111882,3.184394,0.2391,1.0,33.736121,14,0.161667
high_demand,spread,20,static_queue,600,3.165872,0.614833,0.0,0.028333,0.883763,2.551039,0.026814,1.0,33.680212,27,0.155
high_demand,spread,20,queue_aware,600,2.829249,0.19053,0.0,0.015,0.915141,2.638719,0.048448,1.0,33.669524,30,0.13
high_demand,spread,20,range_aware,600,11.094889,0.0,0.0,0.0,3.972874,11.094889,0.0,1.0,33.656773,1,1.0
high_demand,spread,21,nearest,600,97.507523,96.411162,447.918912,0.5,0.343686,1.096361,28.705374,1.0,37.89981,114,0.06
high_demand,spread,21,dijkstra,600,115.060239,113.657878,474.349259,0.54,0.45628,1.402361,29.92485,1.0,38.788498,113,0.068333
high_demand,spread,21,cost_optimized,600,9.048076,5.850493,44.466677,0.166667,1.094629,3.197583,0.224215,1.0,32.091168,14,0.158333
high_demand,spread,21,static_queue,600,3.513638,0.893704,4.643475,0.063333,0.886498,2.619933,0.024565,1.0,31.915394,27,0.155
high_demand,spread,21,queue_aware,600,2.840886,0.118339,0.0,0.013333,0.921787,2.722547,0.05071,1.0,31.890287,31,0.126667
high_demand,spread,21,range_aware,600,11.009286,0.0,0.0,0.0,3.928251,11.009286,0.0,1.0,31.873337,1,1.0
high_demand,spread,22,nearest,600,63.698296,62.648671,319.42474,0.51,0.32122,1.049625,29.474213,1.0,36.370195,115,0.045
high_demand,spread,22,dijkstra,600,74.580032,73.225874,368.754195,0.533333,0.434947,1.354158,30.457637,1.0,37.091807,113,0.056667
high_demand,spread,22,cost_optimized,600,9.546172,6.456058,47.126093,0.171667,1.04528,3.090114,0.31306,1.0,32.700149,14,0.136667
high_demand,spread,22,static_queue,600,2.684375,0.142537,0.0,0.021667,0.851449,2.541839,0.029796,1.0,32.498565,27,0.128333
high_demand,spread,22,queue_aware,600,2.697205,0.102444,0.0,0.01,0.870729,2.594761,0.05473,1.0,32.492113,30,0.108333
high_demand,spread,22,range_aware,600,10.966114,0.0,0.0,0.0,3.898054,10.966114,0.0,1.0,32.488301,1,1.0
high_demand,spread,23,nearest,600,55.07937,54.086387,254.372644,0.518333,0.320134,0.992983,30.145387,1.0,34.055208,118,0.04
high_demand,spread,23,dijkstra,600,50.97811,49.719299,241.289336,0.535,0.417061,1.258811,30.870254,1.0,34.118047,114,0.043333
high_demand,spread,23,cost_optimized,600,5.412384,2.365201,20.500738,0.111667,1.050458,3.047183,0.278293,1.0,29.562671,14,0.148333
high_demand,spread,23,static_queue,600,2.778348,0.336898,0.0,0.025,0.830386,2.44145,0.03093,1.0,29.50633,27,0.146667
high_demand,spread,23,queue_aware,600,2.558822,0.045289,0.0,0.008333,0.858176,2.513533,0.056986,1.0,29.499384,30,0.128333
high_demand,spread,23,range_aware,600,11.191231,0.0,0.0,0.0,4.002869,11.191231,0.0,1.0,29.497738,1,1.0
high_demand,spread,24,nearest,600,54.154681,53.141843,248.584316,0.501667,0.318636,1.012839,30.526928,1.0,37.108266,116,0.038333
high_demand,spread,24,dijkstra,600,57.119098,55.807014,236.880328,0.541667,0.430986,1.312083,31.670798,1.0,37.303056,114,0.045
high_demand,spread,24,cost_optimized,600,12.394133,9.278202,73.07651,0.155,1.07019,3.115931,0.288011,1.0,33.518207,14,0.15
high_demand,spread,24,static_queue,600,3.608756,1.048775,0.455949,0.056667,0.87029,2.559981,0.028437,1.0,33.372602,27,0.138333
high_demand,spread,24,queue_aware,600,2.997049,0.336166,0.0,0.016667,0.905469,2.660883,0.047839,1.0,33.328304,30,0.123333
high_demand,spread,24,range_aware,600,10.864342,0.0,0.0,0.0,3.875605,10.864342,0.0,1.0,33.318246,2,0.998333
high_demand,spread,25,nearest,600,57.25857,56.271262,248.697486,0.53,0.326955,0.987308,29.459256,1.0,36.811103,113,0.063333
high_demand,spread,25,dijkstra,600,62.533628,61.295503,256.010543,0.561667,0.417803,1.238125,30.628042,1.0,37.430902,110,0.068333
high_demand,spread,25,cost_optimized,600,8.423894,5.447166,37.888516,0.143333,1.03193,2.976728,0.248181,1.0,33.611264,14,0.158333
high_demand,spread,25,static_queue,600,3.128828,0.690067,0.0,0.046667,0.84302,2.438761,0.027538,1.0,33.477163,27,0.155
high_demand,spread,25,queue_aware,600,2.616144,0.087157,0.0,0.006667,0.877438,2.528986,0.05,1.0,33.510655,30,0.126667
high_demand,spread,25,range_aware,600,11.023497,0.0,0.0,0.0,3.952995,11.023497,0.0,1.0,33.455627,2,0.998333
high_demand,spread,26,nearest,600,76.390214,75.351983,357.313413,0.503333,0.336335,1.038231,29.291829,1.0,36.41863,113,0.055
high_demand,spread,26,dijkstra,600,74.277047,72.996539,324.320686,0.53,0.426375,1.280508,29.865667,1.0,36.197115,112,0.061667
high_demand,spread,26,cost_optimized,600,6.417243,3.284124,17.906571,0.116667,1.083361,3.133119,0.247761,1.0,32.182357,14,0.14
high_demand,spread,26,static_queue,600,2.862963,0.403166,0.0,0.03,0.846044,2.459797,0.022518,1.0,32.118081,27,0.136667
high_demand,spread,26,queue_aware,600,2.682454,0.158976,0.0,0.006667,0.867376,2.523478,0.048154,1.0,32.112501,30,0.116667
high_demand,spread,26,range_aware,600,10.947539,0.0,0.0,0.0,3.921632,10.947539,0.0,1.0,32.100551,1,1.0
high_demand,spread,27,nearest,600,49.692824,48.673388,223.854187,0.488333,0.323151,1.019436,29.327332,1.0,37.020273,113,0.055
high_demand,spread,27,dijkstra,600,61.746622,60.498633,260.984366,0.51,0.409212,1.247989,30.154836,1.0,37.721562,112,0.063333
high_demand,spread,27,cost_optimized,600,6.933091,3.855463,28.457531,0.156667,1.064397,3.077628,0.26105,1.0,34.236028,14,0.158333
high_demand,spread,27,static_queue,600,3.05599,0.540607,0.0,0.028333,0.856876,2.515383,0.030785,1.0,34.210102,26,0.148333
high_demand,spread,27,queue_aware,600,2.668513,0.066722,0.0,0.005,0.887529,2.601792,0.053742,1.0,34.198578,30,0.123333
high_demand,spread,27,range_aware,600,10.587786,0.0,0.0,0.0,3.766899,10.587786,0.0,1.0,34.198152,1,1.0
high_demand,spread,28,nearest,600,47.188491,46.163236,221.781771,0.471667,0.330032,1.025256,29.066087,1.0,39.460538,113,0.06
high_demand,spread,28,dijkstra,600,56.177437,54.869999,269.514392,0.501667,0.435154,1.307439,30.893126,1.0,40.371425,113,0.063333
high_demand,spread,28,cost_optimized,600,5.318927,2.191799,17.740341,0.118333,1.082605,3.127128,0.269054,1.0,36.190986,14,0.161667
high_demand,spread,28,static_queue,600,2.873632,0.376168,0.0,0.036667,0.855093,2.497464,0.027556,1.0,36.134018,27,0.158333
high_demand,spread,28,queue_aware,600,2.641529,0.038524,0.0,0.008333,0.892389,2.603006,0.052332,1.0,36.117618,30,0.121667
high_demand,spread,28,range_aware,600,11.074311,0.0,0.0,0.0,3.96094,11.074311,0.0,1.0,36.11309,1,1.0
high_demand,spread,29,nearest,600,56.832881,55.755287,297.490712,0.485,0.332438,1.077594,29.757202,1.0,34.09904,115,0.055
high_demand,spread,29,dijkstra,600,55.863167,54.485908,293.87014,0.46,0.439001,1.377258,29.39797,1.0,34.705896,113,0.056667
high_demand,spread,29,cost_optimized,600,7.317724,4.079563,23.548358,0.096667,1.103555,3.238161,0.296225,1.0,30.679588,14,0.145
high_demand,spread,29,static_queue,600,2.948179,0.303551,0.0,0.021667,0.888394,2.644628,0.02244,1.0,30.533848,27,0.138333
high_demand,spread,29,queue_aware,600,2.72683,0.016505,0.0,0.001667,0.914243,2.710325,0.045261,1.0,30.523096,30,0.118333
high_demand,spread,29,range_aware,600,11.161444,0.0,0.0,0.0,3.975012,11.161444,0.0,1.0,30.515681,1,1.0
high_demand,corridor,0,nearest,600,251.878725,250.901128,1555.696643,0.678333,0.309938,0.977597,34.505052,1.0,37.43926,65,0.125
high_demand,corridor,0,dijkstra,600,238.83203,237.694647,1453.50566,0.696667,0.364655,1.137383,34.361719,1.0,38.019322,61,0.115
high_demand,corridor,0,cost_optimized,600,161.327069,158.241105,669.77328,0.621667,1.070472,3.085964,0.466667,1.0,31.827607,10,0.418333
high_demand,corridor,0,static_queue,600,44.896173,42.366978,157.044235,0.433333,0.890333,2.529194,0.049281,1.0,30.710834,12,0.383333
high_demand,corridor,0,queue_aware,600,3.025618,0.12152,0.0,0.018333,1.013063,2.904097,0.066775,1.0,30.525155,15,0.298333
high_demand,corridor,0,range_aware,600,12.636208,0.0,0.0,0.0,4.55688,12.636208,0.0,1.0,30.522282,1,1.0
high_demand,corridor,1,nearest,600,120.118516,119.155502,630.951476,0.598333,0.30505,0.963014,33.133911,1.0,37.749656,66,0.098333
high_demand,corridor,1,dijkstra,600,94.264789,93.13017,382.659439,0.628333,0.364882,1.134619,33.133574,1.0,37.526958,60,0.075
high_demand,corridor,1,cost_optimized,600,134.463399,131.371613,369.109159,0.591667,1.065471,3.091786,0.401248,1.0,33.754912,10,0.428333
high_demand,corridor,1,static_queue,600,60.256663,57.813169,193.980461,0.45,0.85891,2.443494,0.050021,1.0,33.116431,12,0.386667
high_demand,corridor,1,queue_aware,600,3.494752,0.658529,0.0,0.033333,0.989378,2.836222,0.071216,1.0,32.665991,15,0.281667
high_demand,corridor,1,range_aware,600,12.692667,0.0,0.0,0.0,4.577633,12.692667,0.0,1.0,32.64569,1,1.0
high_demand,corridor,2,nearest,600,203.271623,202.248543,815.917253,0.668333,0.326684,1.023081,32.970678,1.0,42.970099,66,0.11
high_demand,corridor,2,dijkstra,600,200.210839,199.019578,770.704338,0.678333,0.385996,1.191261,32.977176,1.0,42.822474,61,0.103333
high_demand,corridor,2,cost_optimized,600,198.310295,195.115462,611.322288,0.575,1.110552,3.194833,0.376024,1.0,37.259514,10,0.418333
high_demand,corridor,2,static_queue,600,96.250841,93.70481,344.068091,0.495,0.904435,2.546031,0.058101,1.0,35.780056,12,0.378333
high_demand,corridor,2,queue_aware,600,3.613418,0.705207,2.708208,0.055,1.018428,2.908211,0.068759,1.0,35.197526,16,0.251667
high_demand,corridor,2,range_aware,600,12.599964,0.0,0.0,0.0,4.547535,12.599964,0.0,1.0,35.175608,1,1.0
high_demand,corridor,3,nearest,600,170.41251,169.408851,788.916199,0.701667,0.315353,1.003658,34.139128,1.0,38.111757,66,0.116667
high_demand,corridor,3,dijkstra,600,124.521398,123.332456,456.904034,0.67,0.378588,1.188942,33.597412,1.0,37.620361,61,0.09
high_demand,corridor,3,cost_optimized,600,163.934806,160.779815,500.827068,0.606667,1.088534,3.154992,0.375029,1.0,33.400698,10,0.44
high_demand,corridor,3,static_queue,600,73.097259,70.551571,255.612797,0.441667,0.890668,2.545689,0.048912,1.0,32.451933,12,0.386667
high_demand,corridor,3,queue_aware,600,3.561733,0.666813,0.0,0.041667,1.008334,2.894919,0.068328,1.0,32.060807,15,0.273333
high_demand,corridor,3,range_aware,600,12.662761,0.0,0.0,0.0,4.562623,12.662761,0.0,1.0,32.036624,1,1.0
high_demand,corridor,4,nearest,600,249.88889,248.827868,1366.000783,0.666667,0.340071,1.061022,33.650981,1.0,41.566801,67,0.12
high_demand,corridor,4,dijkstra,600,224.122028,222.901673,1034.317139,0.713333,0.395335,1.220356,34.460305,1.0,41.581192,60,0.105
high_demand,corridor,4,cost_optimized,600,219.138342,216.059797,610.159804,0.625,1.068849,3.078544,0.372489,1.0,33.999118,10,0.48
high_demand,corridor,4,static_queue,600,138.686482,136.127621,441.587246,0.471667,0.901862,2.558861,0.044774,1.0,33.412368,12,0.441667
high_demand,corridor,4,queue_aware,600,4.169809,1.157145,0.018201,0.051667,1.056351,3.012664,0.072064,1.0,32.796485,15,0.236667
high_demand,corridor,4,range_aware,600,12.572183,0.0,0.0,0.0,4.536742,12.572183,0.0,1.0,32.779792,1,1.0
high_demand,corridor,5,nearest,600,241.422542,240.402556,1254.884581,0.711667,0.327866,1.019986,33.572999,1.0,41.810477,65,0.12
high_demand,corridor,5,dijkstra,600,251.418092,250.204159,1129.017748,0.721667,0.395874,1.213933,33.512426,1.0,43.192302,60,0.108333
high_demand,corridor,5,cost_optimized,600,122.351677,119.235246,479.628357,0.523333,1.074875,3.116431,0.399966,1.0,34.513638,10,0.421667
high_demand,corridor,5,static_queue,600,64.062294,61.572833,384.185598,0.385,0.881114,2.489461,0.06339,1.0,33.801051,12,0.403333
high_demand,corridor,5,queue_aware,600,3.11181,0.154308,0.0,0.02,1.034734,2.957503,0.070578,1.0,33.457408,15,0.256667
high_demand,corridor,5,range_aware,600,12.760878,0.0,0.0,0.0,4.607069,12.760878,0.0,1.0,33.447816,1,1.0
high_demand,corridor,6,nearest,600,195.695965,194.661563,1165.883352,0.67,0.326873,1.034403,34.652261,1.0,36.654691,65,0.11
high_demand,corridor,6,dijkstra,600,186.449728,185.209919,1029.910327,0.666667,0.396905,1.239808,34.11994,1.0,37.046013,60,0.091667
high_demand,corridor,6,cost_optimized,600,186.543392,183.429372,508.266464,0.601667,1.07278,3.114019,0.41687,1.0,31.88613,10,0.451667
high_demand,corridor,6,static_queue,600,87.127886,84.627128,334.351447,0.468333,0.873572,2.500758,0.049887,1.0,31.253,12,0.423333
high_demand,corridor,6,queue_aware,600,3.216875,0.317695,0.0,0.015,1.003482,2.899181,0.070721,1.0,30.786051,15,0.275
high_demand,corridor,6,range_aware,600,12.662914,0.0,0.0,0.0,4.562672,12.662914,0.0,1.0,30.766667,1,1.0
high_demand,corridor,7,nearest,600,218.485059,217.475267,1314.30994,0.676667,0.323388,1.009792,34.004179,1.0,39.406363,65,0.12
high_demand,corridor,7,dijkstra,600,181.772972,180.571233,910.867007,0.703333,0.390536,1.201739,34.078659,1.0,38.846436,60,0.106667
high_demand,corridor,7,cost_optimized,600,102.247812,99.095079,365.669669,0.6,1.087064,3.152733,0.370706,1.0,32.527611,10,0.443333
high_demand,corridor,7,static_queue,600,53.22246,50.73436,256.01493,0.43,0.880514,2.4881,0.04968,1.0,32.039252,12,0.41
high_demand,corridor,7,queue_aware,600,3.509457,0.651216,0.0,0.031667,1.002495,2.858242,0.070559,1.0,31.775292,16,0.283333
high_demand,corridor,7,range_aware,600,12.605486,0.0,0.0,0.0,4.546655,12.605486,0.0,1.0,31.755733,1,1.0
high_demand,corridor,8,nearest,600,224.542798,223.513728,1478.773506,0.676667,0.325862,1.029069,34.906333,1.0,38.826626,66,0.121667
high_demand,corridor,8,dijkstra,600,192.574869,191.388897,1054.210224,0.675,0.380309,1.185972,34.302798,1.0,38.75045,61,0.101667
high_demand,corridor,8,cost_optimized,600,184.851869,181.738572,529.273787,0.598333,1.077974,3.113297,0.365284,1.0,31.736063,10,0.47
high_demand,corridor,8,static_queue,600,108.118028,105.540712,404.37347,0.47,0.905634,2.577317,0.039185,1.0,31.473994,12,0.43
high_demand,corridor,8,queue_aware,600,3.062134,0.110114,0.0,0.015,1.02795,2.952019,0.064457,1.0,31.245186,14,0.258333
high_demand,corridor,8,range_aware,600,12.422417,0.0,0.0,0.0,4.478374,12.422417,0.0,1.0,31.23054,1,1.0
high_demand,corridor,9,nearest,600,273.528887,272.487131,1678.807231,0.721667,0.332276,1.041756,34.163268,1.0,36.600377,66,0.125
high_demand,corridor,9,dijkstra,600,243.912899,242.707899,1143.411565,0.723333,0.389227,1.205,34.303537,1.0,36.570441,59,0.101667
high_demand,corridor,9,cost_optimized,600,175.597567,172.445203,534.19227,0.616667,1.091885,3.152364,0.33542,1.0,29.448491,10,0.476667
high_demand,corridor,9,static_queue,600,109.847144,107.278383,410.128542,0.461667,0.907191,2.568761,0.045478,1.0,28.866999,12,0.435
high_demand,corridor,9,queue_aware,600,3.460826,0.461426,0.0,0.03,1.052559,2.9994,0.069157,1.0,28.455039,15,0.246667
high_demand,corridor,9,range_aware,600,12.549519,0.0,0.0,0.0,4.529963,12.549519,0.0,1.0,28.448504,1,1.0
high_demand,corridor,10,nearest,600,212.354774,211.315985,1104.261154,0.673333,0.331609,1.038789,34.444179,1.0,36.189448,66,0.136667
high_demand,corridor,10,dijkstra,600,203.24097,201.995415,871.087044,0.713333,0.401289,1.245556,34.5796,1.0,36.614564,59,0.121667
high_demand,corridor,10,cost_optimized,600,116.573671,113.431093,615.322239,0.585,1.091231,3.142578,0.409227,1.0,31.884488,10,0.445
high_demand,corridor,10,static_queue,600,41.589761,38.992375,233.502139,0.391667,0.915853,2.597386,0.042347,1.0,30.280264,12,0.41
high_demand,corridor,10,queue_aware,600,3.086364,0.132341,0.0,0.016667,1.028633,2.954022,0.06466,1.0,30.192423,15,0.275
high_demand,corridor,10,range_aware,600,12.557197,0.0,0.0,0.0,4.528642,12.557197,0.0,1.0,30.189217,1,1.0
high_demand,corridor,11,nearest,600,289.788227,288.701685,1704.625208,0.7,0.346788,1.086542,34.881282,1.0,38.103692,66,0.135
high_demand,corridor,11,dijkstra,600,249.23899,247.979454,1413.398158,0.7,0.40555,1.259536,34.489465,1.0,37.667059,59,0.121667
high_demand,corridor,11,cost_optimized,600,177.205376,174.064664,567.608926,0.64,1.088767,3.140711,0.344042,1.0,31.052657,10,0.475
high_demand,corridor,11,static_queue,600,121.20495,118.594486,425.717133,0.488333,0.922248,2.610464,0.046854,1.0,30.486476,11,0.44
high_demand,corridor,11,queue_aware,600,3.799911,0.760016,3.561868,0.06,1.057768,3.039894,0.071761,1.0,29.651407,16,0.258333
high_demand,corridor,11,range_aware,600,12.547564,0.0,0.0,0.0,4.522536,12.547564,0.0,1.0,29.642575,1,1.0
high_demand,corridor,12,nearest,600,222.137857,221.141341,1549.849818,0.623333,0.31768,0.996517,33.907174,1.0,41.054391,66,0.111667
high_demand,corridor,12,dijkstra,600,211.876192,210.723353,1228.253606,0.645,0.374982,1.152839,33.456806,1.0,40.93096,60,0.098333
high_demand,corridor,12,cost_optimized,600,107.655442,104.526798,407.352603,0.593333,1.079964,3.128644,0.361386,1.0,34.353501,10,0.433333
high_demand,corridor,12,static_queue,600,61.659619,59.21835,271.350153,0.446667,0.86329,2.441269,0.054827,1.0,34.063801,11,0.39
high_demand,corridor,12,queue_aware,600,3.073121,0.252341,0.0,0.033333,0.987487,2.820781,0.066087,1.0,33.795016,15,0.283333
high_demand,corridor,12,range_aware,600,12.645236,0.0,0.0,0.0,4.561328,12.645236,0.0,1.0,33.776231,2,0.998333
high_demand,corridor,13,nearest,600,195.725532,194.70186,1251.590233,0.64,0.319503,1.023672,33.70519,1.0,38.419346,66,0.103333
high_demand,corridor,13,dijkstra,600,180.738921,179.53903,1001.555873,0.673333,0.382625,1.199892,34.032968,1.0,38.852866,60,0.083333
high_demand,corridor,13,cost_optimized,600,138.521548,135.459268,453.197725,0.663333,1.053286,3.062281,0.427545,1.0,32.011309,10,0.428333
high_demand,corridor,13,static_queue,600,69.066833,66.575475,221.299774,0.468333,0.872627,2.491358,0.053289,1.0,31.441687,12,0.4
high_demand,corridor,13,queue_aware,600,2.989605,0.097697,0.0,0.013333,1.003837,2.891908,0.07036,1.0,31.226611,16,0.263333
high_demand,corridor,13,range_aware,600,12.624131,0.0,0.0,0.0,4.546744,12.624131,0.0,1.0,31.213896,2,0.998333
high_demand,corridor,14,nearest,600,173.09827,172.073703,599.52952,0.706667,0.328883,1.024567,34.312092,1.0,40.436187,66,0.121667
high_demand,corridor,14,dijkstra,600,155.109956,153.88275,545.999935,0.695,0.397636,1.227206,33.870174,1.0,40.561082,60,0.1
high_demand,corridor,14,cost_optimized,600,111.266058,108.209167,382.292399,0.536667,1.058464,3.056892,0.33552,1.0,34.93303,10,0.448333
high_demand,corridor,14,static_queue,600,66.400297,63.93095,253.778478,0.44,0.870467,2.469347,0.041171,1.0,34.390205,12,0.428333
high_demand,corridor,14,queue_aware,600,3.022991,0.143775,0.0,0.023333,1.005634,2.879217,0.070601,1.0,34.12473,15,0.24
high_demand,corridor,14,range_aware,600,12.415772,0.0,0.0,0.0,4.476872,12.415772,0.0,1.0,34.118471,1,1.0
high_demand,corridor,15,nearest,600,181.373014,180.359817,859.437582,0.666667,0.323392,1.013197,34.705491,1.0,42.783354,66,0.106667
high_demand,corridor,15,dijkstra,600,184.738452,183.561274,842.094551,0.68,0.378676,1.177178,35.091855,1.0,43.633464,60,0.093333
high_demand,corridor,15,cost_optimized,600,144.395727,141.277324,462.016294,0.595,1.080505,3.118403,0.404509,1.0,36.053015,10,0.456667
high_demand,corridor,15,static_queue,600,98.224734,95.706584,409.8394,0.458333,0.88877,2.51815,0.046483,1.0,35.509644,11,0.426667
high_demand,corridor,15,queue_aware,600,3.279023,0.366625,0.0,0.041667,1.018845,2.912397,0.068078,1.0,35.187707,14,0.27
high_demand,corridor,15,range_aware,600,12.545842,0.0,0.0,0.0,4.527455,12.545842,0.0,1.0,35.174863,1,1.0
high_demand,corridor,16,nearest,600,300.470567,299.452864,1733.536192,0.71,0.32409,1.017703,34.814177,1.0,42.714248,66,0.138333
high_demand,corridor,16,dijkstra,600,273.112691,271.952685,1474.089956,0.73,0.374099,1.160006,35.194481,1.0,42.895188,61,0.123333
high_demand,corridor,16,cost_optimized,600,278.045484,275.020728,1077.139051,0.641667,1.053108,3.024756,0.45582,1.0,35.050193,10,0.441667
high_demand,corridor,16,static_queue,600,140.703616,138.195118,507.029128,0.48,0.883369,2.508497,0.047093,1.0,32.862345,12,0.421667
high_demand,corridor,16,queue_aware,600,3.525739,0.62075,0.0,0.048333,1.012264,2.904989,0.07117,1.0,31.670161,16,0.275
high_demand,corridor,16,range_aware,600,12.559365,0.000768,0.0,0.001667,4.526459,12.558597,0.0,1.0,31.644996,1,1.0
high_demand,corridor,17,nearest,600,168.332161,167.291114,929.563287,0.7,0.335439,1.041047,35.017546,1.0,37.694661,66,0.118333
high_demand,corridor,17,dijkstra,600,157.727802,156.522991,660.59712,0.721667,0.393445,1.204811,34.773746,1.0,38.150919,60,0.103333
high_demand,corridor,17,cost_optimized,600,197.76335,194.660083,831.700581,0.648333,1.075108,3.103267,0.437209,1.0,33.066343,10,0.44
high_demand,corridor,17,static_queue,600,92.158415,89.619837,349.573911,0.495,0.899838,2.538578,0.050659,1.0,32.023619,12,0.406667
high_demand,corridor,17,queue_aware,600,3.408693,0.440085,0.0,0.033333,1.040139,2.968608,0.068479,1.0,31.623728,15,0.286667
high_demand,corridor,17,range_aware,600,12.691289,0.0,0.0,0.0,4.581109,12.691289,0.0,1.0,31.597645,1,1.0
high_demand,corridor,18,nearest,600,297.248902,296.166944,1908.8202,0.643333,0.348463,1.081958,33.846604,1.0,42.25785,66,0.14
high_demand,corridor,18,dijkstra,600,240.254185,238.999004,1575.607214,0.653333,0.409086,1.255181,34.144414,1.0,41.485091,58,0.125
high_demand,corridor,18,cost_optimized,600,143.464311,140.272591,488.212218,0.621667,1.106429,3.191719,0.354045,1.0,35.355476,10,0.441667
high_demand,corridor,18,static_queue,600,102.924505,100.369821,404.786107,0.416667,0.905344,2.554683,0.047668,1.0,35.034179,12,0.415
high_demand,corridor,18,queue_aware,600,3.122355,0.172075,0.0,0.023333,1.033161,2.950281,0.063942,1.0,34.63179,16,0.27
high_demand,corridor,18,range_aware,600,12.57855,0.0,0.0,0.0,4.542781,12.57855,0.0,1.0,34.625995,2,0.996667
high_demand,corridor,19,nearest,600,232.42957,231.448512,1227.174356,0.71,0.307979,0.981058,34.229162,1.0,42.885281,67,0.101667
high_demand,corridor,19,dijkstra,600,213.601962,212.397609,1077.00625,0.703333,0.385729,1.204353,33.932766,1.0,42.33076,61,0.09
high_demand,corridor,19,cost_optimized,600,162.494418,159.442631,493.556999,0.656667,1.053094,3.051786,0.402228,1.0,33.865432,10,0.431667
high_demand,corridor,19,static_queue,600,51.178836,48.731758,174.916966,0.493333,0.860713,2.447078,0.055678,1.0,32.902186,12,0.393333
high_demand,corridor,19,queue_aware,600,3.087358,0.23368,0.0,0.031667,0.996824,2.853678,0.075818,1.0,32.668063,15,0.261667
high_demand,corridor,19,range_aware,600,12.705536,0.0,0.0,0.0,4.580815,12.705536,0.0,1.0,32.663346,1,1.0
high_demand,corridor,20,nearest,600,219.3714,218.357841,1610.553329,0.67,0.321506,1.013558,33.69674,1.0,37.997972,65,0.115
high_demand,corridor,20,dijkstra,600,172.109968,170.905432,1024.559632,0.701667,0.383878,1.204536,34.535156,1.0,37.526871,61,0.09
high_demand,corridor,20,cost_optimized,600,183.795827,180.732566,457.086194,0.63,1.062372,3.063261,0.380671,1.0,31.548279,10,0.463333
high_demand,corridor,20,static_queue,600,111.576132,109.057774,372.331322,0.453333,0.889685,2.518358,0.0443,1.0,30.949105,12,0.433333
high_demand,corridor,20,queue_aware,600,3.225576,0.317318,0.0,0.028333,1.019732,2.908258,0.070651,1.0,30.40143,15,0.256667
high_demand,corridor,20,range_aware,600,12.498683,0.0,0.0,0.0,4.508809,12.498683,0.0,1.0,30.394518,1,1.0
high_demand,corridor,21,nearest,600,172.056122,170.997122,1018.745936,0.646667,0.329911,1.059,35.006603,1.0,39.723313,67,0.113333
high_demand,corridor,21,dijkstra,600,161.033824,159.802182,777.465565,0.685,0.389716,1.231642,34.211554,1.0,39.974267,60,0.1
high_demand,corridor,21,cost_optimized,600,151.552058,148.458291,428.889533,0.621667,1.071612,3.093767,0.420343,1.0,35.453898,10,0.453333
high_demand,corridor,21,static_queue,600,85.669173,83.110184,277.216749,0.465,0.899405,2.558989,0.054134,1.0,35.026941,12,0.423333
high_demand,corridor,21,queue_aware,600,3.101381,0.096156,0.0,0.015,1.047158,3.005225,0.077248,1.0,34.327573,16,0.251667
high_demand,corridor,21,range_aware,600,12.763444,0.0,0.0,0.0,4.60121,12.763444,0.0,1.0,34.322401,1,1.0
high_demand,corridor,22,nearest,600,189.863964,188.877531,1254.509764,0.64,0.315733,0.986433,33.438419,1.0,35.48377,66,0.1
high_demand,corridor,22,dijkstra,600,162.723436,161.551652,899.674986,0.645,0.380689,1.171783,33.342291,1.0,35.573287,61,0.085
high_demand,corridor,22,cost_optimized,600,139.650786,136.475644,535.754002,0.551667,1.096181,3.175142,0.476094,1.0,31.021276,10,0.383333
high_demand,corridor,22,static_queue,600,53.310959,50.808953,227.814256,0.408333,0.879366,2.502006,0.054763,1.0,30.342383,12,0.355
high_demand,corridor,22,queue_aware,600,3.038957,0.227807,0.0,0.021667,0.980898,2.81115,0.061309,1.0,30.039156,14,0.333333
high_demand,corridor,22,range_aware,600,12.828603,0.0,0.0,0.0,4.631717,12.828603,0.0,1.0,30.025729,1,1.0
high_demand,corridor,23,nearest,600,220.314257,219.25526,1306.770212,0.675,0.336566,1.058997,34.363741,1.0,37.075386,67,0.126667
high_demand,corridor,23,dijkstra,600,205.455211,204.224566,951.70796,0.688333,0.396244,1.230644,33.780408,1.0,37.802174,61,0.105
high_demand,corridor,23,cost_optimized,600,83.174494,80.050522,436.900133,0.595,1.086515,3.123972,0.386469,1.0,31.038915,10,0.42
high_demand,corridor,23,static_queue,600,22.325188,19.809919,103.740675,0.388333,0.890964,2.515269,0.051533,1.0,30.526855,12,0.378333
high_demand,corridor,23,queue_aware,600,3.122561,0.24387,0.0,0.02,1.008345,2.878692,0.069818,1.0,30.41619,15,0.266667
high_demand,corridor,23,range_aware,600,12.617886,0.0,0.0,0.0,4.554029,12.617886,0.0,1.0,30.405617,1,1.0
high_demand,corridor,24,nearest,600,134.598995,133.663433,523.500441,0.668333,0.296668,0.935561,34.393167,1.0,40.3513,66,0.103333
high_demand,corridor,24,dijkstra,600,133.932256,132.838998,528.287158,0.705,0.349861,1.093258,34.116871,1.0,40.35901,60,0.086667
high_demand,corridor,24,cost_optimized,600,154.442074,151.393963,464.744261,0.606667,1.06212,3.048111,0.388827,1.0,34.01106,10,0.44
high_demand,corridor,24,static_queue,600,83.514696,81.024346,339.947452,0.468333,0.879364,2.49035,0.047702,1.0,33.18597,12,0.406667
high_demand,corridor,24,queue_aware,600,3.024513,0.155754,0.0,0.021667,1.00113,2.868758,0.064622,1.0,32.668662,15,0.265
high_demand,corridor,24,range_aware,600,12.544072,0.0,0.0,0.0,4.522992,12.544072,0.0,1.0,32.657641,1,1.0
high_demand,corridor,25,nearest,600,191.886057,190.889585,1033.974331,0.646667,0.318262,0.996472,34.040475,1.0,36.595435,66,0.115
high_demand,corridor,25,dijkstra,600,196.654103,195.494403,732.090302,0.7,0.376669,1.1597,34.319329,1.0,37.485745,61,0.105
high_demand,corridor,25,cost_optimized,600,171.437825,168.38927,530.730011,0.6,1.053397,3.048556,0.409562,1.0,31.367748,10,0.443333
high_demand,corridor,25,static_queue,600,82.975816,80.485316,326.765825,0.463333,0.87789,2.4905,0.054666,1.0,30.203132,12,0.418333
high_demand,corridor,25,queue_aware,600,2.927822,0.023661,0.0,0.008333,1.015205,2.904161,0.075875,1.0,30.015862,15,0.253333
high_demand,corridor,25,range_aware,600,12.577942,0.0,0.0,0.0,4.534756,12.577942,0.0,1.0,30.010126,1,1.0
high_demand,corridor,26,nearest,600,226.583013,225.553816,1626.135238,0.675,0.324358,1.029197,34.796907,1.0,36.00305,67,0.118333
high_demand,corridor,26,dijkstra,600,177.617055,176.404927,933.229516,0.69,0.387455,1.212128,34.587449,1.0,36.029749,60,0.098333
high_demand,corridor,26,cost_optimized,600,134.002388,130.946791,476.154389,0.573333,1.055827,3.055597,0.408138,1.0,31.997955,10,0.47
high_demand,corridor,26,static_queue,600,73.98031,71.411419,385.612066,0.426667,0.900399,2.568892,0.046553,1.0,31.252045,11,0.436667
high_demand,corridor,26,queue_aware,600,3.347941,0.36903,0.0,0.025,1.035317,2.978911,0.073128,1.0,30.918536,16,0.238333
high_demand,corridor,26,range_aware,600,12.398475,0.0,0.0,0.0,4.460245,12.398475,0.0,1.0,30.913254,1,1.0
high_demand,corridor,27,nearest,600,171.29098,170.30063,809.570826,0.68,0.307675,0.99035,34.711181,1.0,35.397511,63,0.111667
high_demand,corridor,27,dijkstra,600,143.381492,142.212145,616.735345,0.685,0.36845,1.169347,34.513707,1.0,34.77518,57,0.096667
high_demand,corridor,27,cost_optimized,600,161.540458,158.50013,526.53971,0.606667,1.051917,3.040328,0.461682,1.0,31.189667,10,0.426667
high_demand,corridor,27,static_queue,600,63.248143,60.731785,314.484783,0.45,0.88012,2.516358,0.043385,1.0,30.084173,12,0.39
high_demand,corridor,27,queue_aware,600,3.113241,0.257205,0.0,0.021667,0.994244,2.856036,0.058737,1.0,29.623236,15,0.283333
high_demand,corridor,27,range_aware,600,12.491997,0.0,0.0,0.0,4.498031,12.491997,0.0,1.0,29.594985,1,1.0
high_demand,corridor,28,nearest,600,291.260501,290.168915,1831.394103,0.688333,0.341122,1.091586,34.803372,1.0,41.151464,65,0.136667
high_demand,corridor,28,dijkstra,600,256.567817,255.296219,1534.975363,0.701667,0.40016,1.271597,35.844986,1.0,41.106194,60,0.121667
high_demand,corridor,28,cost_optimized,600,174.921047,171.720775,536.141435,0.671667,1.098357,3.200272,0.364992,1.0,32.906086,10,0.478333
high_demand,corridor,28,static_queue,600,83.675932,81.032649,287.905878,0.46,0.920768,2.643283,0.043594,1.0,32.440489,12,0.415
high_demand,corridor,28,queue_aware,600,3.500219,0.467083,0.0,0.035,1.046771,3.033136,0.067579,1.0,32.024066,16,0.266667
high_demand,corridor,28,range_aware,600,12.590144,0.0,0.0,0.0,4.528643,12.590144,0.0,1.0,32.01239,1,1.0
high_demand,corridor,29,nearest,600,260.001478,258.968064,1534.225716,0.713333,0.33352,1.033414,35.518892,1.0,42.312927,66,0.128333
high_demand,corridor,29,dijkstra,600,225.425489,224.212109,1049.004473,0.706667,0.396261,1.213381,35.38775,1.0,41.840735,60,0.115
high_demand,corridor,29,cost_optimized,600,219.853116,216.764274,657.946058,0.643333,1.085774,3.088842,0.441413,1.0,35.312108,10,0.443333
high_demand,corridor,29,static_queue,600,112.6997,110.095325,452.326581,0.47,0.925458,2.604375,0.048373,1.0,34.148546,12,0.411667
high_demand,corridor,29,queue_aware,600,3.392576,0.454762,0.0,0.025,1.031259,2.937814,0.064636,1.0,33.696431,15,0.246667
high_demand,corridor,29,range_aware,600,12.477731,0.0,0.0,0.0,4.50237,12.477731,0.0,1.0,33.681903,1,1.0
high_demand,hotspot,0,nearest,600,2105.458934,2104.357031,7742.612304,0.973333,0.364815,1.101903,40.0,1.0,49.738203,12,0.368333
high_demand,hotspot,0,dijkstra,600,2545.799198,2544.33275,8876.09019,0.975,0.500666,1.466447,40.0,1.0,50.01785,11,0.416667
high_demand,hotspot,0,cost_optimized,600,338.597239,335.123656,740.62156,0.866667,1.112,3.473583,0.204615,1.0,32.475938,4,0.49
high_demand,hotspot,0,static_queue,600,284.861675,281.410397,839.795507,0.765,1.141668,3.451278,0.024158,1.0,32.160564,5,0.52
high_demand,hotspot,0,queue_aware,600,4.516789,0.379906,0.612174,0.056667,1.465136,4.136883,0.112283,1.0,30.962216,12,0.358333
high_demand,hotspot,0,range_aware,600,14.333477,0.006966,0.0,0.005,5.216861,14.326511,0.0,1.0,30.939992,1,1.0
high_demand,hotspot,1,nearest,600,1971.992769,1970.876564,7015.07967,0.961667,0.373138,1.116206,40.0,1.0,61.877548,12,0.376667
high_demand,hotspot,1,dijkstra,600,2155.821252,2154.298424,7750.141021,0.973333,0.524317,1.522828,40.0,1.0,62.111105,11,0.39
high_demand,hotspot,1,cost_optimized,600,316.081547,312.653333,802.465504,0.871667,1.103825,3.428214,0.226597,1.0,36.737661,4,0.493333
high_demand,hotspot,1,static_queue,600,239.727173,236.294392,610.675228,0.77,1.136069,3.432781,0.02659,1.0,35.952805,5,0.511667
high_demand,hotspot,1,queue_aware,600,4.644035,0.478297,0.589438,0.055,1.476685,4.165739,0.119173,1.0,34.648846,13,0.355
high_demand,hotspot,1,range_aware,600,14.353253,0.0,0.0,0.0,5.232829,14.353253,0.0,1.0,34.642893,1,1.0
high_demand,hotspot,2,nearest,600,2315.763024,2314.641708,8438.526073,0.97,0.372866,1.121317,40.0,1.0,50.476125,12,0.425
high_demand,hotspot,2,dijkstra,600,2404.020915,2402.522346,8743.680761,0.961667,0.514727,1.498569,40.0,1.0,50.472927,11,0.43
high_demand,hotspot,2,cost_optimized,600,252.429811,249.007142,650.342697,0.876667,1.096692,3.422669,0.23569,1.0,32.203283,4,0.48
high_demand,hotspot,2,static_queue,600,209.254164,205.817014,742.693621,0.775,1.134205,3.43715,0.027501,1.0,31.662885,5,0.508333
high_demand,hotspot,2,queue_aware,600,4.846598,0.695571,0.0,0.046667,1.4746,4.151028,0.104388,1.0,30.652487,11,0.378333
high_demand,hotspot,2,range_aware,600,14.314194,0.0,0.0,0.0,5.21672,14.314194,0.0,1.0,30.636064,1,1.0
high_demand,hotspot,3,nearest,600,1867.83119,1866.752754,6803.454758,0.965,0.362078,1.078436,40.0,1.0,49.167156,12,0.375
high_demand,hotspot,3,dijkstra,600,2078.411434,2077.018,7694.69442,0.968333,0.478425,1.393433,40.0,1.0,48.838408,11,0.406667
high_demand,hotspot,3,cost_optimized,600,222.881837,219.467582,707.153509,0.866667,1.094566,3.414256,0.253639,1.0,31.91591,4,0.465
high_demand,hotspot,3,static_queue,600,224.602788,221.158071,787.772918,0.715,1.134404,3.444717,0.029528,1.0,31.764666,5,0.491667
high_demand,hotspot,3,queue_aware,600,5.112818,0.922126,5.406285,0.07,1.490653,4.190692,0.11342,1.0,30.923558,11,0.351667
high_demand,hotspot,3,range_aware,600,14.395378,0.0,0.0,0.0,5.25277,14.395378,0.0,1.0,30.90489,1,1.0
high_demand,hotspot,4,nearest,600,1842.263707,1841.152146,6597.192341,0.941667,0.368137,1.111561,40.0,1.0,47.222874,12,0.378333
high_demand,hotspot,4,dijkstra,600,2228.092178,2226.646389,7858.123217,0.953333,0.491959,1.445789,40.0,1.0,47.118711,11,0.406667
high_demand,hotspot,4,cost_optimized,600,302.068947,298.659539,713.244174,0.87,1.097189,3.409408,0.243997,1.0,34.447147,4,0.505
high_demand,hotspot,4,static_queue,600,259.72019,256.296237,792.074374,0.783333,1.133429,3.423953,0.027932,1.0,33.768798,5,0.521667
high_demand,hotspot,4,queue_aware,600,5.66909,1.554243,12.698173,0.103333,1.458105,4.114847,0.109418,1.0,32.470466,11,0.385
high_demand,hotspot,4,range_aware,600,14.326914,0.0,0.0,0.0,5.221486,14.326914,0.0,1.0,32.423812,1,1.0
high_demand,hotspot,5,nearest,600,1779.366715,1778.24756,6423.035045,0.96,0.370129,1.119156,40.0,1.0,47.630921,12,0.371667
high_demand,hotspot,5,dijkstra,600,1935.014674,1933.508082,6730.187938,0.961667,0.513751,1.506592,40.0,1.0,48.117675,11,0.39
high_demand,hotspot,5,cost_optimized,600,282.438143,279.009943,673.115022,0.906667,1.096767,3.4282,0.284509,1.0,31.220482,4,0.465
high_demand,hotspot,5,static_queue,600,191.775313,188.305599,526.650595,0.776667,1.141756,3.469714,0.032046,1.0,30.418135,5,0.481667
high_demand,hotspot,5,queue_aware,600,5.240996,1.016844,6.617156,0.081667,1.497244,4.224153,0.117486,1.0,29.449672,16,0.361667
high_demand,hotspot,5,range_aware,600,14.403325,0.0,0.0,0.0,5.248526,14.403325,0.0,1.0,29.433719,1,1.0
high_demand,hotspot,6,nearest,600,2242.758385,2241.64523,7455.613391,0.968333,0.371647,1.113156,40.0,1.0,51.1818,12,0.408333
high_demand,hotspot,6,dijkstra,600,2381.523564,2380.099517,7770.371503,0.975,0.484579,1.424047,40.0,1.0,51.085955,11,0.426667
high_demand,hotspot,6,cost_optimized,600,318.550162,315.12464,662.603748,0.9,1.098127,3.425522,0.30191,1.0,32.82106,4,0.476667
high_demand,hotspot,6,static_queue,600,265.669736,262.200934,716.397949,0.785,1.145979,3.468803,0.033285,1.0,32.274731,5,0.495
high_demand,hotspot,6,queue_aware,600,5.328273,1.157976,7.745465,0.091667,1.475281,4.170297,0.121697,1.0,30.826768,11,0.36
high_demand,hotspot,6,range_aware,600,14.333683,0.0,0.0,0.0,5.220637,14.333683,0.0,1.0,30.799188,1,1.0
high_demand,hotspot,7,nearest,600,2474.80446,2473.692421,8607.654572,0.96,0.366646,1.112039,40.0,1.0,49.000224,12,0.41
high_demand,hotspot,7,dijkstra,600,2672.339989,2670.886375,9289.558759,0.973333,0.49418,1.453614,40.0,1.0,48.169221,11,0.44
high_demand,hotspot,7,cost_optimized,600,316.823949,313.375286,690.306571,0.848333,1.101829,3.448664,0.253639,1.0,32.496517,4,0.465
high_demand,hotspot,7,static_queue,600,273.837861,270.369839,720.793334,0.783333,1.141627,3.468022,0.029219,1.0,32.300499,5,0.495
high_demand,hotspot,7,queue_aware,600,4.419092,0.25357,0.0,0.035,1.476175,4.165522,0.112201,1.0,30.541049,11,0.383333
high_demand,hotspot,7,range_aware,600,14.355228,0.0,0.0,0.0,5.231599,14.355228,0.0,1.0,30.53336,1,1.0
high_demand,hotspot,8,nearest,600,2196.362641,2195.30718,7562.910396,0.976667,0.353175,1.055461,40.0,1.0,52.534176,12,0.39
high_demand,hotspot,8,dijkstra,600,2535.280255,2533.939527,8758.825322,0.981667,0.46034,1.340728,40.0,1.0,53.650453,11,0.423333
high_demand,hotspot,8,cost_optimized,600,307.561842,304.173928,866.205651,0.9,1.08057,3.387914,0.249605,1.0,34.577341,4,0.446667
high_demand,hotspot,8,static_queue,600,225.072509,221.675475,550.046893,0.805,1.117208,3.397033,0.029053,1.0,33.963655,5,0.466667
high_demand,hotspot,8,queue_aware,600,7.796895,3.723673,40.174153,0.116667,1.446661,4.073222,0.118261,1.0,32.863638,11,0.365
high_demand,hotspot,8,range_aware,600,14.344064,0.0,0.0,0.0,5.232452,14.344064,0.0,1.0,32.795021,1,1.0
high_demand,hotspot,9,nearest,600,2194.403245,2193.317797,7872.202732,0.975,0.366981,1.085447,40.0,1.0,52.559837,12,0.386667
high_demand,hotspot,9,dijkstra,600,2135.023992,2133.584892,7383.307116,0.978333,0.498655,1.4391,40.0,1.0,52.995257,10,0.378333
high_demand,hotspot,9,cost_optimized,600,322.663794,319.250139,689.778861,0.866667,1.103229,3.413656,0.262322,1.0,36.499175,4,0.471667
high_demand,hotspot,9,static_queue,600,225.950482,222.537393,693.50931,0.78,1.138716,3.413089,0.029684,1.0,35.73632,5,0.498333
high_demand,hotspot,9,queue_aware,600,4.65922,0.594548,0.0,0.046667,1.447235,4.064672,0.111283,1.0,34.366725,11,0.358333
high_demand,hotspot,9,range_aware,600,14.360878,0.0,0.0,0.0,5.242989,14.360878,0.0,1.0,34.351541,1,1.0
high_demand,hotspot,10,nearest,600,2205.23949,2204.188223,7589.446293,0.938333,0.344593,1.051267,40.0,1.0,46.023311,12,0.386667
high_demand,hotspot,10,dijkstra,600,2618.414439,2617.107692,8843.842903,0.955,0.438535,1.306747,40.0,1.0,46.405998,10,0.441667
high_demand,hotspot,10,cost_optimized,600,266.47795,263.053639,637.080401,0.865,1.093255,3.424311,0.271518,1.0,31.453261,4,0.453333
high_demand,hotspot,10,static_queue,600,189.370524,185.92911,502.141572,0.768333,1.135673,3.441414,0.030971,1.0,30.742381,5,0.48
high_demand,hotspot,10,queue_aware,600,4.558814,0.460831,0.0,0.048333,1.449682,4.097983,0.119499,1.0,29.755047,11,0.363333
high_demand,hotspot,10,range_aware,600,14.359508,0.0,0.0,0.0,5.234053,14.359508,0.0,1.0,29.736294,1,1.0
high_demand,hotspot,11,nearest,600,2205.405566,2204.318136,8469.218244,0.953333,0.365678,1.087431,40.0,1.0,47.979937,12,0.385
high_demand,hotspot,11,dijkstra,600,2406.008047,2404.544772,8833.112995,0.953333,0.506322,1.463275,40.0,1.0,49.171942,11,0.406667
high_demand,hotspot,11,cost_optimized,600,287.820486,284.436917,783.649519,0.87,1.087932,3.383569,0.248373,1.0,34.110874,4,0.506667
high_demand,hotspot,11,static_queue,600,242.843334,239.456656,698.287708,0.798333,1.124835,3.386678,0.027926,1.0,34.06154,5,0.54
high_demand,hotspot,11,queue_aware,600,5.223004,1.03766,7.370072,0.075,1.487729,4.185344,0.114706,1.0,32.782303,13,0.356667
high_demand,hotspot,11,range_aware,600,14.318756,0.0,0.0,0.0,5.220455,14.318756,0.0,1.0,32.748809,1,1.0
high_demand,hotspot,12,nearest,600,2080.9549,2079.877156,6885.261339,0.97,0.355931,1.077744,40.0,1.0,58.215806,12,0.39
high_demand,hotspot,12,dijkstra,600,2136.148668,2134.70621,7469.024049,0.97,0.491882,1.442458,40.0,1.0,58.395152,11,0.395
high_demand,hotspot,12,cost_optimized,600,308.847741,305.400705,886.411248,0.85,1.095437,3.447036,0.18318,1.0,38.103139,4,0.46
high_demand,hotspot,12,static_queue,600,205.15371,201.750088,438.380274,0.743333,1.116005,3.403622,0.022925,1.0,37.366313,5,0.483333
high_demand,hotspot,12,queue_aware,600,4.363957,0.258193,0.0,0.031667,1.452036,4.105764,0.115197,1.0,36.023342,11,0.366667
high_demand,hotspot,12,range_aware,600,14.370625,0.0,0.0,0.0,5.237881,14.370625,0.0,1.0,36.013838,1,1.0
high_demand,hotspot,13,nearest,600,2041.454162,2040.406046,7440.060184,0.955,0.348031,1.048117,40.0,1.0,50.51459,12,0.355
high_demand,hotspot,13,dijkstra,600,2358.327163,2356.971297,8390.611525,0.975,0.460051,1.355867,40.0,1.0,51.340605,11,0.393333
high_demand,hotspot,13,cost_optimized,600,350.677411,347.250981,735.248912,0.901667,1.102378,3.426431,0.244647,1.0,34.050895,4,0.473333
high_demand,hotspot,13,static_queue,600,294.991269,291.550838,733.845287,0.801667,1.139031,3.440431,0.028273,1.0,33.63157,5,0.488333
high_demand,hotspot,13,queue_aware,600,5.775704,1.702026,10.563381,0.115,1.443994,4.073678,0.107842,1.0,32.258672,11,0.38
high_demand,hotspot,13,range_aware,600,14.385789,0.0,0.0,0.0,5.246262,14.385789,0.0,1.0,32.218332,1,1.0
high_demand,hotspot,14,nearest,600,2224.329694,2223.236533,7878.929262,0.956667,0.359581,1.093161,40.0,1.0,52.338676,12,0.4
high_demand,hotspot,14,dijkstra,600,2235.590759,2234.149426,7828.896988,0.958333,0.488915,1.441333,40.0,1.0,51.623737,11,0.411667
high_demand,hotspot,14,cost_optimized,600,282.795989,279.338387,753.214662,0.871667,1.098334,3.457603,0.191556,1.0,31.956146,4,0.481667
high_demand,hotspot,14,static_queue,600,229.292965,225.846374,522.456537,0.793333,1.12523,3.446592,0.023805,1.0,31.712459,5,0.508333
high_demand,hotspot,14,queue_aware,600,4.292619,0.067722,0.0,0.013333,1.495239,4.224897,0.120015,1.0,30.877276,11,0.38
high_demand,hotspot,14,range_aware,600,14.390947,0.0,0.0,0.0,5.242728,14.390947,0.0,1.0,30.87209,1,1.0
high_demand,hotspot,15,nearest,600,2009.019785,2007.938096,7124.431138,0.96,0.361922,1.081689,40.0,1.0,46.973746,12,0.373333
high_demand,hotspot,15,dijkstra,600,2217.822016,2216.443263,7666.220841,0.966667,0.46936,1.378753,40.0,1.0,47.495395,11,0.398333
high_demand,hotspot,15,cost_optimized,600,213.228272,209.844356,732.086078,0.886667,1.083158,3.383917,0.298047,1.0,34.747315,4,0.45
high_demand,hotspot,15,static_queue,600,161.837163,158.403835,415.429178,0.805,1.132975,3.433328,0.033429,1.0,34.513234,5,0.475
high_demand,hotspot,15,queue_aware,600,4.451153,0.305778,0.0,0.036667,1.475403,4.145375,0.115713,1.0,33.731905,12,0.368333
high_demand,hotspot,15,range_aware,600,14.386772,0.0,0.0,0.0,5.248424,14.386772,0.0,1.0,33.725424,1,1.0
high_demand,hotspot,16,nearest,600,1872.892589,1871.787264,6609.573338,0.981667,0.363825,1.105325,40.0,1.0,53.445958,12,0.385
high_demand,hotspot,16,dijkstra,600,2069.736412,2068.290645,7218.106201,0.968333,0.492492,1.445767,40.0,1.0,54.312214,11,0.415
high_demand,hotspot,16,cost_optimized,600,224.60608,221.170777,593.898506,0.855,1.099071,3.435303,0.249023,1.0,35.142293,4,0.475
high_demand,hotspot,16,static_queue,600,169.446811,165.997225,521.521887,0.768333,1.137665,3.449586,0.028507,1.0,34.648915,5,0.505
high_demand,hotspot,16,queue_aware,600,5.29138,1.200716,8.97777,0.098333,1.445992,4.090664,0.112928,1.0,33.569147,11,0.375
high_demand,hotspot,16,range_aware,600,14.328722,0.0,0.0,0.0,5.218659,14.328722,0.0,1.0,33.523564,1,1.0
high_demand,hotspot,17,nearest,600,2080.952646,2079.858644,7468.30401,0.953333,0.368165,1.094003,40.0,1.0,46.196445,12,0.373333
high_demand,hotspot,17,dijkstra,600,2335.094126,2333.630282,8005.16549,0.976667,0.504164,1.463844,40.0,1.0,46.388777,11,0.408333
high_demand,hotspot,17,cost_optimized,600,284.621304,281.250474,626.959402,0.888333,1.082718,3.370831,0.275005,1.0,30.999369,4,0.498333
high_demand,hotspot,17,static_queue,600,233.768835,230.352643,660.325589,0.815,1.128448,3.416192,0.030932,1.0,30.683142,5,0.513333
high_demand,hotspot,17,queue_aware,600,4.647194,0.474507,0.0,0.048333,1.482182,4.172686,0.115362,1.0,29.918789,12,0.356667
high_demand,hotspot,17,range_aware,600,14.317967,0.0,0.0,0.0,5.217142,14.317967,0.0,1.0,29.896019,1,1.0
high_demand,hotspot,18,nearest,600,2242.320706,2241.25292,8080.944027,0.975,0.351757,1.067786,40.0,1.0,53.54923,12,0.373333
high_demand,hotspot,18,dijkstra,600,2597.821428,2596.440172,9085.759629,0.986667,0.466903,1.381256,40.0,1.0,53.766962,11,0.421667
high_demand,hotspot,18,cost_optimized,600,311.595039,308.174203,990.199157,0.856667,1.093385,3.420836,0.297466,1.0,33.276165,4,0.478333
high_demand,hotspot,18,static_queue,600,218.39024,214.925534,595.49319,0.785,1.142674,3.464706,0.032882,1.0,32.466628,5,0.503333
high_demand,hotspot,18,queue_aware,600,4.513431,0.378825,0.008817,0.05,1.465066,4.134606,0.106008,1.0,31.490836,11,0.388333
high_demand,hotspot,18,range_aware,600,14.377897,0.0,0.0,0.0,5.23409,14.377897,0.0,1.0,31.484823,1,1.0
high_demand,hotspot,19,nearest,600,2098.748214,2097.612292,7501.932479,0.953333,0.375444,1.135922,40.0,1.0,51.949178,12,0.38
high_demand,hotspot,19,dijkstra,600,2515.897119,2514.40303,8592.933788,0.968333,0.508264,1.494089,40.0,1.0,53.010669,11,0.423333
high_demand,hotspot,19,cost_optimized,600,273.10291,269.710752,660.097951,0.89,1.086631,3.392158,0.266595,1.0,34.003888,4,0.478333
high_demand,hotspot,19,static_queue,600,237.095363,233.655446,575.593999,0.781667,1.134001,3.439917,0.030466,1.0,33.63788,5,0.503333
high_demand,hotspot,19,queue_aware,600,4.929807,0.779285,2.265576,0.056667,1.470838,4.150522,0.118133,1.0,32.708202,10,0.35
high_demand,hotspot,19,range_aware,600,14.350503,0.0,0.0,0.0,5.228758,14.350503,0.0,1.0,32.686023,1,1.0
high_demand,hotspot,20,nearest,600,2057.464924,2056.411715,7039.908647,0.956667,0.354141,1.053208,40.0,1.0,46.988949,12,0.401667
high_demand,hotspot,20,dijkstra,600,2168.470562,2167.121814,7222.56831,0.968333,0.463698,1.348747,40.0,1.0,47.381407,11,0.421667
high_demand,hotspot,20,cost_optimized,600,243.744051,240.362659,532.788977,0.903333,1.090916,3.381392,0.26198,1.0,32.774326,4,0.488333
high_demand,hotspot,20,static_queue,600,183.192715,179.79067,502.03035,0.82,1.130276,3.402044,0.029616,1.0,32.212679,5,0.511667
high_demand,hotspot,20,queue_aware,600,4.312202,0.197355,0.0,0.028333,1.463596,4.114847,0.117121,1.0,31.258791,11,0.371667
high_demand,hotspot,20,range_aware,600,14.338125,0.0,0.0,0.0,5.233405,14.338125,0.0,1.0,31.248091,1,1.0
high_demand,hotspot,21,nearest,600,2751.531102,2750.392713,9146.874189,0.978333,0.369531,1.138389,40.0,1.0,50.233543,12,0.426667
high_demand,hotspot,21,dijkstra,600,2540.368594,2538.860566,8498.039916,0.983333,0.507322,1.508028,40.0,1.0,50.448247,11,0.413333
high_demand,hotspot,21,cost_optimized,600,352.194259,348.782064,962.719979,0.875,1.08989,3.412194,0.288167,1.0,30.837137,4,0.501667
high_demand,hotspot,21,static_queue,600,325.859262,322.404762,1030.591785,0.773333,1.137553,3.4545,0.031733,1.0,30.550483,5,0.528333
high_demand,hotspot,21,queue_aware,600,5.117467,0.845636,4.845859,0.068333,1.508224,4.271831,0.116914,1.0,29.326124,14,0.353333
high_demand,hotspot,21,range_aware,600,14.330939,0.0,0.0,0.0,5.21145,14.330939,0.0,1.0,29.288102,1,1.0
high_demand,hotspot,22,nearest,600,2055.873035,2054.804824,7133.199282,0.976667,0.357025,1.068211,40.0,1.0,47.577818,12,0.366667
high_demand,hotspot,22,dijkstra,600,2177.944483,2176.459944,7688.526757,0.985,0.514232,1.484539,40.0,1.0,47.842935,11,0.356667
high_demand,hotspot,22,cost_optimized,600,305.161731,301.759101,729.405402,0.863333,1.09335,3.402631,0.244647,1.0,35.702613,4,0.473333
high_demand,hotspot,22,static_queue,600,253.527913,250.111497,722.144706,0.763333,1.129417,3.416417,0.028376,1.0,35.482471,5,0.485
high_demand,hotspot,22,queue_aware,600,7.128382,2.991773,25.136084,0.135,1.469824,4.136608,0.109847,1.0,34.052265,11,0.376667
high_demand,hotspot,22,range_aware,600,14.391945,0.011462,0.0,0.01,5.243557,14.380483,0.0,1.0,33.989286,1,1.0
high_demand,hotspot,23,nearest,600,1926.897749,1925.814049,7200.535877,0.958333,0.360798,1.0837,40.0,1.0,46.05344,12,0.383333
high_demand,hotspot,23,dijkstra,600,1923.538788,1922.099002,6864.527681,0.97,0.4947,1.439786,40.0,1.0,47.41428,11,0.371667
high_demand,hotspot,23,cost_optimized,600,249.56871,246.198288,517.92076,0.88,1.078263,3.370422,0.320029,1.0,33.460261,4,0.453333
high_demand,hotspot,23,static_queue,600,190.757713,187.333788,593.592063,0.803333,1.130036,3.423925,0.035243,1.0,32.856304,5,0.473333
high_demand,hotspot,23,queue_aware,600,4.347308,0.251438,0.0,0.036667,1.454081,4.095869,0.116341,1.0,31.969978,11,0.368333
high_demand,hotspot,23,range_aware,600,14.359075,0.0,0.0,0.0,5.234303,14.359075,0.0,1.0,31.964758,1,1.0
high_demand,hotspot,24,nearest,600,1928.375045,1927.337112,7545.814281,0.981667,0.349641,1.037933,40.0,1.0,49.865186,12,0.348333
high_demand,hotspot,24,dijkstra,600,2275.922713,2274.592841,8415.24042,0.981667,0.456466,1.329872,40.0,1.0,50.875424,11,0.395
high_demand,hotspot,24,cost_optimized,600,256.465774,252.988121,662.385599,0.883333,1.11387,3.477653,0.205675,1.0,31.845613,4,0.438333
high_demand,hotspot,24,static_queue,600,185.111014,181.672664,650.552157,0.755,1.137977,3.43835,0.025081,1.0,31.522583,5,0.466667
high_demand,hotspot,24,queue_aware,600,4.595198,0.514117,1.461518,0.06,1.451201,4.081081,0.108236,1.0,30.425372,11,0.365
high_demand,hotspot,24,range_aware,600,14.425178,0.0,0.0,0.0,5.263271,14.425178,0.0,1.0,30.41105,1,1.0
high_demand,hotspot,25,nearest,600,2088.411956,2087.349237,7254.29732,0.945,0.355465,1.062719,40.0,1.0,47.83166,12,0.388333
high_demand,hotspot,25,dijkstra,600,2470.812013,2469.4086,8268.707378,0.968333,0.484136,1.403414,40.0,1.0,47.825487,11,0.435
high_demand,hotspot,25,cost_optimized,600,203.493089,200.084845,494.116301,0.876667,1.096782,3.408244,0.253433,1.0,35.571166,4,0.475
high_demand,hotspot,25,static_queue,600,174.7114,171.308939,486.125252,0.741667,1.131533,3.402461,0.028601,1.0,35.389766,5,0.503333
high_demand,hotspot,25,queue_aware,600,4.526084,0.440087,0.0,0.036667,1.45219,4.085997,0.115467,1.0,34.584024,12,0.361667
high_demand,hotspot,25,range_aware,600,14.344164,0.0,0.0,0.0,5.232095,14.344164,0.0,1.0,34.572167,1,1.0
high_demand,hotspot,26,nearest,600,1661.52731,1660.44146,6037.808562,0.983333,0.35993,1.08585,40.0,1.0,46.315807,12,0.37
high_demand,hotspot,26,dijkstra,600,1871.638041,1870.15818,6498.995178,0.973333,0.505897,1.479861,40.0,1.0,46.895152,11,0.398333
high_demand,hotspot,26,cost_optimized,600,243.792716,240.346074,556.068123,0.891667,1.105965,3.446642,0.2441,1.0,34.551589,4,0.5
high_demand,hotspot,26,static_queue,600,193.73465,190.304375,652.09192,0.751667,1.139464,3.430275,0.027246,1.0,34.049118,5,0.531667
high_demand,hotspot,26,queue_aware,600,4.679705,0.551613,0.0,0.035,1.462814,4.128092,0.113507,1.0,33.322613,11,0.365
high_demand,hotspot,26,range_aware,600,14.344497,0.0,0.0,0.0,5.224836,14.344497,0.0,1.0,33.294647,1,1.0
high_demand,hotspot,27,nearest,600,2137.180357,2136.068257,7570.160131,0.961667,0.367223,1.1121,40.0,1.0,42.732811,12,0.415
high_demand,hotspot,27,dijkstra,600,2348.034863,2346.574569,8209.805189,0.966667,0.498008,1.460294,40.0,1.0,42.925769,11,0.43
high_demand,hotspot,27,cost_optimized,600,311.843271,308.412482,720.763983,0.886667,1.095465,3.430789,0.226597,1.0,31.923475,4,0.493333
high_demand,hotspot,27,static_queue,600,259.675956,256.246539,761.89764,0.806667,1.130432,3.429417,0.026214,1.0,31.557254,5,0.528333
high_demand,hotspot,27,queue_aware,600,4.956452,0.75751,2.214848,0.061667,1.487012,4.198942,0.11767,1.0,30.581235,11,0.368333
high_demand,hotspot,27,range_aware,600,14.310394,0.0,0.0,0.0,5.21189,14.310394,0.0,1.0,30.557155,1,1.0
high_demand,hotspot,28,nearest,600,2171.006663,2170.002794,7073.22841,0.971667,0.333413,1.003869,40.0,1.0,50.613649,12,0.355
high_demand,hotspot,28,dijkstra,600,2445.447528,2444.129914,7981.814039,0.976667,0.45037,1.317614,40.0,1.0,51.368986,11,0.381667
high_demand,hotspot,28,cost_optimized,600,327.330401,323.979956,632.850963,0.911667,1.067025,3.350444,0.284543,1.0,34.803656,4,0.463333
high_demand,hotspot,28,static_queue,600,249.349902,245.967732,618.148872,0.816667,1.112402,3.382169,0.031908,1.0,33.918613,5,0.481667
high_demand,hotspot,28,queue_aware,600,4.847166,0.711741,2.461287,0.071667,1.463003,4.135425,0.10995,1.0,32.534646,12,0.361667
high_demand,hotspot,28,range_aware,600,14.371428,0.0,0.0,0.0,5.232987,14.371428,0.0,1.0,32.513815,1,1.0
high_demand,hotspot,29,nearest,600,1946.730461,1945.65128,6869.403305,0.943333,0.358617,1.079181,40.0,1.0,47.172675,12,0.403333
high_demand,hotspot,29,dijkstra,600,1957.954006,1956.513859,6665.246907,0.965,0.495173,1.440147,40.0,1.0,47.291243,11,0.401667
high_demand,hotspot,29,cost_optimized,600,234.435922,231.067383,568.159901,0.888333,1.084138,3.368539,0.262082,1.0,32.054592,4,0.483333
high_demand,hotspot,29,static_queue,600,197.485116,194.097952,539.884451,0.756667,1.125804,3.387164,0.029445,1.0,31.462084,5,0.521667
high_demand,hotspot,29,queue_aware,600,4.710105,0.55478,0.0,0.041667,1.476017,4.155325,0.116414,1.0,30.590629,11,0.37
high_demand,hotspot,29,range_aware,600,14.334372,0.0,0.0,0.0,5.226385,14.334372,0.0,1.0,30.578666,1,1.0
distance_priority,spread,0,nearest,200,35.151398,34.103815,151.933724,0.425,0.351345,1.047583,29.801102,1.0,34.372434,86,0.065
distance_priority,spread,0,dijkstra,200,33.333195,32.012004,148.253236,0.4,0.447055,1.321192,29.160745,1.0,34.230996,86,0.07
distance_priority,spread,0,cost_optimized,200,4.764293,2.53716,10.318812,0.07,0.771995,2.227133,0.94017,1.0,33.389982,34,0.15
distance_priority,spread,0,static_queue,200,2.474158,0.0,0.0,0.0,0.85991,2.474158,0.01867,1.0,33.281901,27,0.15
distance_priority,spread,0,queue_aware,200,2.495742,0.0,0.0,0.0,0.866122,2.495742,0.024776,1.0,33.281901,28,0.145
distance_priority,spread,0,range_aware,200,11.358183,0.0,0.0,0.0,4.076681,11.358183,0.0,1.0,33.281901,1,1.0
distance_priority,spread,1,nearest,200,43.951362,42.933421,242.521989,0.435,0.328547,1.017942,30.456171,1.0,36.421103,87,0.045
distance_priority,spread,1,dijkstra,200,50.054088,48.710422,239.870378,0.495,0.452652,1.343667,30.775608,1.0,36.70935,86,0.05
distance_priority,spread,1,cost_optimized,200,3.570058,1.438458,7.983072,0.07,0.728899,2.1316,1.009062,1.0,34.923276,33,0.12
distance_priority,spread,1,static_queue,200,2.45542,0.103054,0.0,0.01,0.802025,2.352367,0.02424,1.0,34.888613,26,0.12
distance_priority,spread,1,queue_aware,200,2.426429,0.04787,0.0,0.005,0.814251,2.378558,0.030693,1.0,34.887601,27,0.13
distance_priority,spread,1,range_aware,200,10.91945,0.0,0.0,0.0,3.901866,10.91945,0.0,1.0,34.881737,1,1.0
distance_priority,spread,2,nearest,200,44.534484,43.559318,240.189223,0.43,0.32746,0.975167,29.402901,1.0,34.99044,86,0.06
distance_priority,spread,2,dijkstra,200,44.575353,43.346945,240.189223,0.445,0.415708,1.228408,29.445191,1.0,35.248384,88,0.06
distance_priority,spread,2,cost_optimized,200,3.858313,1.778063,14.754788,0.105,0.72883,2.08025,1.102535,1.0,33.781692,31,0.1
distance_priority,spread,2,static_queue,200,2.445183,0.0,0.0,0.0,0.852588,2.445183,0.029507,1.0,33.747778,26,0.115
distance_priority,spread,2,queue_aware,200,2.495317,0.0,0.0,0.0,0.868993,2.495317,0.039116,1.0,33.747778,28,0.12
distance_priority,spread,2,range_aware,200,10.920683,0.0,0.0,0.0,3.92213,10.920683,0.0,1.0,33.747778,1,1.0
distance_priority,spread,3,nearest,200,35.287542,34.153692,162.626649,0.45,0.360689,1.13385,30.323518,1.0,32.930106,87,0.05
distance_priority,spread,3,dijkstra,200,38.38361,36.980568,170.583481,0.45,0.454196,1.403042,30.483249,1.0,33.175649,91,0.065
distance_priority,spread,3,cost_optimized,200,4.289047,2.019114,6.734426,0.07,0.76607,2.269933,0.995791,1.0,31.681185,31,0.13
distance_priority,spread,3,static_queue,200,2.542279,0.011295,0.0,0.01,0.856211,2.530983,0.027332,1.0,31.667674,27,0.13
distance_priority,spread,3,queue_aware,200,2.556825,0.0,0.0,0.0,0.865439,2.556825,0.028614,1.0,31.667338,28,0.13
distance_priority,spread,3,range_aware,200,11.120258,0.0,0.0,0.0,3.966388,11.120258,0.0,1.0,31.666675,1,1.0
distance_priority,spread,4,nearest,200,29.107034,28.010809,144.988681,0.37,0.345737,1.096225,28.418651,1.0,32.56498,90,0.055
distance_priority,spread,4,dijkstra,200,27.706078,26.337087,122.638889,0.405,0.449465,1.368992,30.032443,1.0,32.470853,89,0.065
distance_priority,spread,4,cost_optimized,200,3.272209,0.994243,0.0,0.035,0.771739,2.277967,0.77167,1.0,31.924113,34,0.15
distance_priority,spread,4,static_queue,200,2.525017,0.0,0.0,0.0,0.856655,2.525017,0.020262,1.0,31.852456,25,0.165
distance_priority,spread,4,queue_aware,200,2.534808,0.0,0.0,0.0,0.859728,2.534808,0.028512,1.0,31.852456,26,0.145
distance_priority,spread,4,range_aware,200,11.294583,0.0,0.0,0.0,4.041643,11.294583,0.0,1.0,31.852456,1,1.0
distance_priority,spread,5,nearest,200,34.830143,33.859335,178.57723,0.385,0.303694,0.970808,29.295521,1.0,34.322929,101,0.035
distance_priority,spread,5,dijkstra,200,32.737028,31.446878,160.817123,0.385,0.41908,1.29015,30.230154,1.0,34.046884,98,0.045
distance_priority,spread,5,cost_optimized,200,2.948076,0.914993,0.0,0.04,0.686524,2.033083,1.194681,1.0,32.611753,35,0.115
distance_priority,spread,5,static_queue,200,2.627884,0.238867,0.0,0.015,0.804855,2.389017,0.030166,1.0,32.591338,27,0.125
distance_priority,spread,5,queue_aware,200,2.39835,0.0,0.0,0.0,0.809412,2.39835,0.038727,1.0,32.577454,29,0.125
distance_priority,spread,5,range_aware,200,10.932167,0.0,0.0,0.0,3.894662,10.932167,0.0,1.0,32.574406,1,1.0
distance_priority,spread,6,nearest,200,36.338937,35.426837,148.098623,0.43,0.293218,0.9121,29.549576,1.0,32.617155,89,0.04
distance_priority,spread,6,dijkstra,200,39.65353,38.509072,179.061109,0.435,0.377326,1.144458,30.416805,1.0,32.637625,89,0.04
distance_priority,spread,6,cost_optimized,200,3.650716,1.678566,11.883204,0.07,0.667038,1.97215,1.099353,1.0,31.856705,33,0.13
distance_priority,spread,6,static_queue,200,2.408638,0.011829,0.0,0.005,0.805199,2.396808,0.03179,1.0,31.785278,27,0.135
distance_priority,spread,6,queue_aware,200,2.432617,0.0,0.0,0.0,0.820186,2.432617,0.040328,1.0,31.785404,29,0.135
distance_priority,spread,6,range_aware,200,11.054217,0.0,0.0,0.0,3.946994,11.054217,0.0,1.0,31.783201,1,1.0
distance_priority,spread,7,nearest,200,31.095171,30.131388,152.757286,0.4,0.315537,0.963783,26.708593,1.0,32.124647,86,0.055
distance_priority,spread,7,dijkstra,200,28.537632,27.311657,134.745934,0.415,0.415128,1.225975,27.217416,1.0,32.007784,86,0.065
distance_priority,spread,7,cost_optimized,200,3.860147,1.868913,7.844873,0.08,0.682313,1.991233,1.101663,1.0,31.190545,33,0.105
distance_priority,spread,7,static_queue,200,2.426921,0.036305,0.0,0.005,0.818419,2.390617,0.02089,1.0,31.169705,25,0.12
distance_priority,spread,7,queue_aware,200,2.434029,0.036305,0.0,0.005,0.822531,2.397725,0.031925,1.0,31.167133,27,0.115
distance_priority,spread,7,range_aware,200,10.741725,0.0,0.0,0.0,3.83745,10.741725,0.0,1.0,31.150018,1,1.0
distance_priority,spread,8,nearest,200,33.43239,32.455398,157.502855,0.425,0.306204,0.976992,28.629488,1.0,31.204191,86,0.04
distance_priority,spread,8,dijkstra,200,38.610347,37.236847,169.907916,0.465,0.452009,1.3735,29.497003,1.0,31.235991,86,0.05
distance_priority,spread,8,cost_optimized,200,5.503023,3.500548,21.941371,0.095,0.673325,2.002475,1.26339,1.0,30.025641,33,0.11
distance_priority,spread,8,static_queue,200,2.437058,0.0,0.0,0.0,0.819492,2.437058,0.025981,1.0,29.914065,26,0.125
distance_priority,spread,8,queue_aware,200,2.45065,0.0,0.0,0.0,0.8248,2.45065,0.032992,1.0,29.914065,27,0.13
distance_priority,spread,8,range_aware,200,10.811975,0.0,0.0,0.0,3.843408,10.811975,0.0,1.0,29.913062,1,1.0
distance_priority,spread,9,nearest,200,39.606043,38.67396,214.570344,0.45,0.302005,0.932083,31.428529,1.0,32.852609,96,0.045
distance_priority,spread,9,dijkstra,200,41.090282,39.86859,217.169398,0.475,0.411333,1.221692,32.390731,1.0,33.216498,92,0.05
distance_priority,spread,9,cost_optimized,200,3.614621,1.430629,0.0,0.045,0.744997,2.183992,1.009278,1.0,31.922653,36,0.165
distance_priority,spread,9,static_queue,200,2.609617,0.0,0.0,0.0,0.892411,2.609617,0.019672,1.0,31.900947,26,0.18
distance_priority,spread,9,queue_aware,200,2.607858,0.0,0.0,0.0,0.893909,2.607858,0.029253,1.0,31.900947,28,0.18
distance_priority,spread,9,range_aware,200,11.16235,0.0,0.0,0.0,4.007147,11.16235,0.0,1.0,31.900947,1,1.0
distance_priority,spread,10,nearest,200,39.24484,38.19574,166.626505,0.465,0.319876,1.0491,28.707753,1.0,34.64474,89,0.045
distance_priority,spread,10,dijkstra,200,38.716104,37.420479,183.016392,0.45,0.409301,1.295625,29.547507,1.0,34.66702,87,0.055
distance_priority,spread,10,cost_optimized,200,4.856995,2.786128,18.754577,0.095,0.687443,2.070867,1.143384,1.0,33.550959,31,0.105
distance_priority,spread,10,static_queue,200,2.509492,0.0,0.0,0.0,0.835185,2.509492,0.031376,1.0,33.503563,27,0.105
distance_priority,spread,10,queue_aware,200,2.51895,0.0,0.0,0.0,0.84123,2.51895,0.040258,1.0,33.503563,28,0.105
distance_priority,spread,10,range_aware,200,10.828858,0.0,0.0,0.0,3.839688,10.828858,0.0,1.0,33.50187,1,1.0
distance_priority,spread,11,nearest,200,35.806461,34.771494,181.410761,0.425,0.327021,1.034967,29.776044,1.0,31.542983,86,0.06
distance_priority,spread,11,dijkstra,200,36.843002,35.538085,181.410761,0.435,0.431113,1.304917,31.563464,1.0,31.634331,84,0.07
distance_priority,spread,11,cost_optimized,200,2.980295,0.873703,0.751388,0.055,0.713979,2.106592,1.089759,1.0,30.452994,31,0.13
distance_priority,spread,11,static_queue,200,2.502958,0.0,0.0,0.0,0.839439,2.502958,0.024326,1.0,30.445772,25,0.135
distance_priority,spread,11,queue_aware,200,2.533667,0.0,0.0,0.0,0.84759,2.533667,0.030139,1.0,30.445772,27,0.135
distance_priority,spread,11,range_aware,200,10.862142,0.0,0.0,0.0,3.883591,10.862142,0.0,1.0,30.445772,2,0.99
distance_priority,spread,12,nearest,200,35.342142,34.341575,192.713248,0.44,0.331037,1.000567,30.761372,1.0,30.386264,84,0.045
distance_priority,spread,12,dijkstra,200,34.786204,33.518362,180.759139,0.43,0.426095,1.267842,30.320825,1.0,30.359045,84,0.05
distance_priority,spread,12,cost_optimized,200,4.253007,2.133066,5.971514,0.06,0.725869,2.119942,0.970749,1.0,28.899285,33,0.13
distance_priority,spread,12,static_queue,200,2.474202,0.001019,0.0,0.005,0.849036,2.473183,0.021537,1.0,28.859907,26,0.14
distance_priority,spread,12,queue_aware,200,2.490927,0.001019,0.0,0.005,0.85414,2.489908,0.022122,1.0,28.859907,27,0.135
distance_priority,spread,12,range_aware,200,11.216233,0.0,0.0,0.0,4.012572,11.216233,0.0,1.0,28.857145,1,1.0
distance_priority,spread,13,nearest,200,34.30373,33.338138,149.185475,0.44,0.310853,0.965592,29.604121,1.0,37.386617,85,0.045
distance_priority,spread,13,dijkstra,200,41.993946,40.79303,206.84374,0.455,0.39965,1.200917,29.297313,1.0,37.651789,89,0.055
distance_priority,spread,13,cost_optimized,200,3.311552,1.241127,7.8451,0.085,0.714652,2.070425,1.09028,1.0,36.335088,30,0.105
distance_priority,spread,13,static_queue,200,2.589723,0.124089,0.0,0.01,0.851077,2.465633,0.030087,1.0,36.32341,26,0.105
distance_priority,spread,13,queue_aware,200,2.575765,0.09384,0.0,0.005,0.855389,2.481925,0.045691,1.0,36.321672,27,0.11
distance_priority,spread,13,range_aware,200,11.056325,0.0,0.0,0.0,3.955624,11.056325,0.0,1.0,36.313845,1,1.0
distance_priority,spread,14,nearest,200,21.314728,20.327678,103.468921,0.375,0.309968,0.98705,27.668372,1.0,28.874197,88,0.03
distance_priority,spread,14,dijkstra,200,34.927443,33.627993,157.121557,0.395,0.425576,1.29945,31.601039,1.0,29.19406,86,0.03
distance_priority,spread,14,cost_optimized,200,5.021695,3.055995,20.077057,0.07,0.657392,1.9657,1.236103,1.0,28.052575,32,0.085
distance_priority,spread,14,static_queue,200,2.388433,0.0,0.0,0.0,0.802002,2.388433,0.033597,1.0,27.996449,26,0.115
distance_priority,spread,14,queue_aware,200,2.392792,0.0,0.0,0.0,0.80526,2.392792,0.035548,1.0,27.996449,27,0.115
distance_priority,spread,14,range_aware,200,11.201217,0.0,0.0,0.0,3.989888,11.201217,0.0,1.0,27.996355,1,1.0
distance_priority,spread,15,nearest,200,38.974692,37.810117,174.013298,0.45,0.357721,1.164575,29.683131,1.0,30.174499,84,0.065
distance_priority,spread,15,dijkstra,200,38.151988,36.686705,179.381171,0.43,0.466179,1.465283,30.38922,1.0,30.276895,84,0.07
distance_priority,spread,15,cost_optimized,200,3.274074,1.059132,0.0,0.045,0.736103,2.214942,0.941891,1.0,29.031486,32,0.155
distance_priority,spread,15,static_queue,200,2.536642,0.0,0.0,0.0,0.843246,2.536642,0.020503,1.0,28.941828,26,0.155
distance_priority,spread,15,queue_aware,200,2.553067,0.0,0.0,0.0,0.848085,2.553067,0.031242,1.0,28.941828,28,0.155
distance_priority,spread,15,range_aware,200,10.809633,0.0,0.0,0.0,3.833712,10.809633,0.0,1.0,28.941828,1,1.0
distance_priority,spread,16,nearest,200,41.429556,40.367639,193.422193,0.46,0.333822,1.061917,27.841705,1.0,29.591602,89,0.065
distance_priority,spread,16,dijkstra,200,46.78077,45.509853,198.40435,0.475,0.410603,1.270917,29.6569,1.0,29.35661,89,0.065
distance_priority,spread,16,cost_optimized,200,3.948736,1.857978,7.869032,0.09,0.711022,2.090758,1.034803,1.0,28.018727,35,0.15
distance_priority,spread,16,static_queue,200,2.52755,0.05395,0.0,0.015,0.836947,2.4736,0.024424,1.0,27.960454,25,0.16
distance_priority,spread,16,queue_aware,200,2.537517,0.05395,0.0,0.015,0.842519,2.483567,0.03266,1.0,27.960454,26,0.155
distance_priority,spread,16,range_aware,200,11.168775,0.0,0.0,0.0,3.981255,11.168775,0.0,1.0,27.960329,1,1.0
distance_priority,spread,17,nearest,200,51.956366,50.934408,262.918061,0.485,0.304314,1.021958,30.187848,1.0,35.492022,89,0.035
distance_priority,spread,17,dijkstra,200,50.755668,49.443809,244.752703,0.515,0.404892,1.311858,31.589829,1.0,35.107412,86,0.035
distance_priority,spread,17,cost_optimized,200,5.447093,3.326202,27.413727,0.095,0.6915,2.120892,1.153486,1.0,33.434937,31,0.13
distance_priority,spread,17,static_queue,200,2.5052,0.0,0.0,0.0,0.821729,2.5052,0.018578,1.0,33.393631,25,0.145
distance_priority,spread,17,queue_aware,200,2.608163,0.084138,0.0,0.005,0.832632,2.524025,0.03266,1.0,33.393631,26,0.15
distance_priority,spread,17,range_aware,200,11.100433,0.0,0.0,0.0,3.937524,11.100433,0.0,1.0,33.393631,1,1.0
distance_priority,spread,18,nearest,200,35.832766,34.798674,160.120418,0.46,0.337069,1.034092,29.536312,1.0,31.051373,90,0.065
distance_priority,spread,18,dijkstra,200,42.773836,41.520044,190.489568,0.475,0.417657,1.253792,29.964057,1.0,31.402483,86,0.07
distance_priority,spread,18,cost_optimized,200,3.218466,1.093849,0.0,0.04,0.740493,2.124617,1.101739,1.0,30.084354,34,0.16
distance_priority,spread,18,static_queue,200,2.61303,0.05193,0.0,0.005,0.8873,2.5611,0.022579,1.0,30.021096,26,0.175
distance_priority,spread,18,queue_aware,200,2.617688,0.05193,0.0,0.005,0.890122,2.565758,0.028532,1.0,30.019551,28,0.175
distance_priority,spread,18,range_aware,200,11.366183,0.0,0.0,0.0,4.073569,11.366183,0.0,1.0,30.019481,2,0.995
distance_priority,spread,19,nearest,200,29.498066,28.470624,151.863438,0.355,0.329232,1.027442,30.574419,1.0,29.630386,84,0.055
distance_priority,spread,19,dijkstra,200,33.249058,31.968299,177.0444,0.38,0.419299,1.280758,31.827389,1.0,29.900907,83,0.055
distance_priority,spread,19,cost_optimized,200,3.898419,1.730344,5.585386,0.08,0.743427,2.168075,1.038848,1.0,28.812075,32,0.115
distance_priority,spread,19,static_queue,200,2.520525,0.0,0.0,0.0,0.85464,2.520525,0.029675,1.0,28.746853,26,0.115
distance_priority,spread,19,queue_aware,200,2.531133,0.0,0.0,0.0,0.860216,2.531133,0.038618,1.0,28.746853,27,0.12
distance_priority,spread,19,range_aware,200,11.208142,0.0,0.0,0.0,4.008626,11.208142,0.0,1.0,28.746853,1,1.0
distance_priority,spread,20,nearest,200,29.536322,28.433447,168.959326,0.385,0.349253,1.102875,31.121594,1.0,34.813128,87,0.05
distance_priority,spread,20,dijkstra,200,36.021727,34.67061,176.568258,0.43,0.441394,1.351117,32.12245,1.0,35.120482,84,0.05
distance_priority,spread,20,cost_optimized,200,2.916643,0.647285,0.0,0.04,0.76745,2.269358,1.021059,1.0,33.678074,27,0.145
distance_priority,spread,20,static_queue,200,2.685004,0.160079,0.0,0.01,0.850616,2.524925,0.028014,1.0,33.656773,25,0.155
distance_priority,spread,20,queue_aware,200,2.708604,0.160079,0.0,0.01,0.860079,2.548525,0.037287,1.0,33.656773,27,0.16
distance_priority,spread,20,range_aware,200,11.010783,0.0,0.0,0.0,3.923723,11.010783,0.0,1.0,33.656773,1,1.0
distance_priority,spread,21,nearest,200,51.577372,50.517213,237.785434,0.45,0.336177,1.060158,30.814205,1.0,33.163897,87,0.06
distance_priority,spread,21,dijkstra,200,51.553084,50.17765,231.523326,0.475,0.455461,1.375433,31.095164,1.0,33.236507,90,0.06
distance_priority,spread,21,cost_optimized,200,4.065411,1.703852,10.746659,0.085,0.810476,2.361558,0.974907,1.0,31.975483,34,0.185
distance_priority,spread,21,static_queue,200,2.845205,0.12173,0.0,0.01,0.932408,2.723475,0.022791,1.0,31.875018,25,0.21
distance_priority,spread,21,queue_aware,200,2.860572,0.086922,0.0,0.005,0.948246,2.77365,0.041674,1.0,31.874985,26,0.2
distance_priority,spread,21,range_aware,200,10.900108,0.0,0.0,0.0,3.887415,10.900108,0.0,1.0,31.873337,1,1.0
distance_priority,spread,22,nearest,200,23.514834,22.583442,113.127501,0.34,0.296166,0.931392,28.25484,1.0,33.507131,92,0.035
distance_priority,spread,22,dijkstra,200,34.489772,33.261897,186.216612,0.405,0.408016,1.227875,28.525888,1.0,33.594572,92,0.035
distance_priority,spread,22,cost_optimized,200,3.724685,1.696569,15.255165,0.07,0.689797,2.028117,1.141363,1.0,32.541543,37,0.12
distance_priority,spread,22,static_queue,200,2.462583,0.0,0.0,0.0,0.839684,2.462583,0.017666,1.0,32.488301,25,0.15
distance_priority,spread,22,queue_aware,200,2.471542,0.0,0.0,0.0,0.844752,2.471542,0.027708,1.0,32.488301,27,0.145
distance_priority,spread,22,range_aware,200,11.113692,0.0,0.0,0.0,3.97456,11.113692,0.0,1.0,32.488301,1,1.0
distance_priority,spread,23,nearest,200,43.383545,42.372236,199.929642,0.46,0.333509,1.011308,29.65663,1.0,30.78913,87,0.085
distance_priority,spread,23,dijkstra,200,31.720714,30.475222,180.188484,0.375,0.427183,1.245492,30.300021,1.0,30.532288,84,0.105
distance_priority,spread,23,cost_optimized,200,5.005962,2.896878,21.245419,0.085,0.740752,2.109083,1.11156,1.0,29.669894,34,0.16
distance_priority,spread,23,static_queue,200,2.423617,0.0,0.0,0.0,0.842468,2.423617,0.025222,1.0,29.501366,26,0.175
distance_priority,spread,23,queue_aware,200,2.433517,0.0,0.0,0.0,0.84501,2.433517,0.030243,1.0,29.501366,27,0.175
distance_priority,spread,23,range_aware,200,10.874783,0.0,0.0,0.0,3.898696,10.874783,0.0,1.0,29.497738,1,1.0
distance_priority,spread,24,nearest,200,38.763217,37.739983,188.811628,0.415,0.30814,1.023233,28.25625,1.0,34.729066,88,0.04
distance_priority,spread,24,dijkstra,200,38.191824,36.831691,153.199675,0.47,0.435693,1.360133,29.510226,1.0,34.382419,86,0.045
distance_priority,spread,24,cost_optimized,200,4.730426,2.643276,8.630955,0.065,0.697809,2.08715,1.066527,1.0,33.357821,34,0.1
distance_priority,spread,24,static_queue,200,2.537842,0.0,0.0,0.0,0.850226,2.537842,0.025537,1.0,33.321446,27,0.12
distance_priority,spread,24,queue_aware,200,2.55905,0.0,0.0,0.0,0.859829,2.55905,0.032048,1.0,33.321446,30,0.13
distance_priority,spread,24,range_aware,200,10.676233,0.0,0.0,0.0,3.790994,10.676233,0.0,1.0,33.318246,2,0.995
distance_priority,spread,25,nearest,200,39.732172,38.70333,169.677662,0.48,0.323867,1.028842,29.054515,1.0,34.592734,89,0.06
distance_priority,spread,25,dijkstra,200,38.14591,36.91171,169.954149,0.465,0.396552,1.2342,29.308918,1.0,34.49013,90,0.065
distance_priority,spread,25,cost_optimized,200,4.88951,2.818035,16.588089,0.11,0.708318,2.071475,1.152281,1.0,33.4743,32,0.15
distance_priority,spread,25,static_queue,200,2.596658,0.065791,0.0,0.005,0.86213,2.530867,0.022391,1.0,33.456983,25,0.155
distance_priority,spread,25,queue_aware,200,2.600824,0.065791,0.0,0.005,0.862187,2.535033,0.03217,1.0,33.458833,26,0.15
distance_priority,spread,25,range_aware,200,10.966758,0.0,0.0,0.0,3.912519,10.966758,0.0,1.0,33.455627,1,1.0
distance_priority,spread,26,nearest,200,30.329247,29.382739,141.652004,0.4,0.282055,0.946508,26.430661,1.0,33.227833,86,0.045
distance_priority,spread,26,dijkstra,200,31.609165,30.392998,141.443817,0.445,0.384387,1.216167,28.244477,1.0,33.380869,86,0.045
distance_priority,spread,26,cost_optimized,200,4.68853,2.65548,5.407171,0.06,0.680261,2.03305,1.075925,1.0,32.162664,35,0.13
distance_priority,spread,26,static_queue,200,2.62038,0.08073,0.0,0.01,0.853998,2.53965,0.0329,1.0,32.101159,26,0.135
distance_priority,spread,26,queue_aware,200,2.647947,0.08073,0.0,0.01,0.862962,2.567217,0.037993,1.0,32.101159,28,0.135
distance_priority,spread,26,range_aware,200,10.664708,0.0,0.0,0.0,3.781363,10.664708,0.0,1.0,32.100551,1,1.0
distance_priority,spread,27,nearest,200,26.244161,25.265011,144.4021,0.365,0.316227,0.97915,28.842711,1.0,35.29489,93,0.04
distance_priority,spread,27,dijkstra,200,33.289063,32.066854,162.710648,0.405,0.409928,1.222208,28.750154,1.0,35.639031,91,0.045
distance_priority,spread,27,cost_optimized,200,3.168583,1.096942,0.0,0.045,0.711297,2.071642,1.038562,1.0,34.238403,34,0.11
distance_priority,spread,27,static_queue,200,2.414883,0.0,0.0,0.0,0.829501,2.414883,0.025626,1.0,34.202201,26,0.13
distance_priority,spread,27,queue_aware,200,2.422367,0.0,0.0,0.0,0.832729,2.422367,0.034774,1.0,34.198152,28,0.125
distance_priority,spread,27,range_aware,200,10.701842,0.0,0.0,0.0,3.826106,10.701842,0.0,1.0,34.198152,1,1.0
distance_priority,spread,28,nearest,200,25.546782,24.599957,145.6663,0.34,0.3081,0.946825,27.721308,1.0,37.285037,89,0.06
distance_priority,spread,28,dijkstra,200,27.113186,25.876477,147.075346,0.355,0.418527,1.236708,29.522045,1.0,37.293159,86,0.07
distance_priority,spread,28,cost_optimized,200,4.630238,2.554421,9.721086,0.065,0.712379,2.075817,0.984186,1.0,36.179677,35,0.135
distance_priority,spread,28,static_queue,200,2.504592,0.0,0.0,0.0,0.857267,2.504592,0.017973,1.0,36.113237,27,0.15
distance_priority,spread,28,queue_aware,200,2.5042,0.0,0.0,0.0,0.858755,2.5042,0.035281,1.0,36.113237,28,0.14
distance_priority,spread,28,range_aware,200,10.808242,0.0,0.0,0.0,3.858947,10.808242,0.0,1.0,36.11309,1,1.0
distance_priority,spread,29,nearest,200,27.658739,26.649631,151.953342,0.355,0.312846,1.009108,30.563224,1.0,31.406771,83,0.045
distance_priority,spread,29,dijkstra,200,34.34227,33.016087,190.813987,0.395,0.427754,1.326183,32.151951,1.0,31.513298,80,0.05
distance_priority,spread,29,cost_optimized,200,3.129912,0.999679,5.078428,0.06,0.722524,2.130233,1.061776,1.0,30.543875,32,0.14
distance_priority,spread,29,static_queue,200,2.435592,0.0,0.0,0.0,0.827458,2.435592,0.025862,1.0,30.515681,26,0.155
distance_priority,spread,29,queue_aware,200,2.452675,0.0,0.0,0.0,0.835087,2.452675,0.032813,1.0,30.515681,27,0.16
distance_priority,spread,29,range_aware,200,10.91785,0.0,0.0,0.0,3.884891,10.91785,0.0,1.0,30.515681,1,1.0
distance_priority,corridor,0,nearest,200,54.683682,53.584865,232.082022,0.515,0.3395,1.098817,35.341821,1.0,31.685988,55,0.13
distance_priority,corridor,0,dijkstra,200,61.244636,59.962286,274.259164,0.535,0.400304,1.28235,35.621818,1.0,31.754763,50,0.125
distance_priority,corridor,0,cost_optimized,200,3.522139,0.992472,0.0,0.035,0.87622,2.529667,0.456523,1.0,30.530556,16,0.42
distance_priority,corridor,0,static_queue,200,2.934682,0.253682,0.0,0.025,0.933607,2.681,0.036023,1.0,30.524573,12,0.445
distance_priority,corridor,0,queue_aware,200,2.892567,0.127808,0.0,0.005,0.957639,2.764758,0.052291,1.0,30.522282,13,0.39
distance_priority,corridor,0,range_aware,200,12.636725,0.0,0.0,0.0,4.545026,12.636725,0.0,1.0,30.522282,1,1.0
distance_priority,corridor,1,nearest,200,65.35951,64.30621,275.831751,0.535,0.340409,1.0533,34.883743,1.0,34.218882,55,0.115
distance_priority,corridor,1,dijkstra,200,52.675579,51.373629,207.958989,0.545,0.420499,1.30195,34.987982,1.0,33.834451,52,0.095
distance_priority,corridor,1,cost_optimized,200,2.715876,0.269101,0.0,0.02,0.862106,2.446775,0.51116,1.0,32.649957,17,0.305
distance_priority,corridor,1,static_queue,200,2.687319,0.135235,0.0,0.02,0.904335,2.552083,0.045504,1.0,32.646966,12,0.355
distance_priority,corridor,1,queue_aware,200,2.650933,0.0,0.0,0.0,0.925054,2.650933,0.051456,1.0,32.646136,13,0.295
distance_priority,corridor,1,range_aware,200,12.604358,0.0,0.0,0.0,4.559026,12.604358,0.0,1.0,32.64569,1,1.0
distance_priority,corridor,2,nearest,200,57.062997,55.844739,247.934314,0.505,0.382067,1.218258,33.424554,1.0,36.096446,59,0.155
distance_priority,corridor,2,dijkstra,200,59.874611,58.528703,271.928326,0.51,0.427297,1.345908,33.503443,1.0,36.170912,56,0.145
distance_priority,corridor,2,cost_optimized,200,6.044501,3.491759,20.710378,0.135,0.893078,2.552742,0.705909,1.0,35.229498,13,0.405
distance_priority,corridor,2,static_queue,200,3.823217,1.084534,3.513816,0.065,0.959313,2.738683,0.044197,1.0,35.181216,10,0.43
distance_priority,corridor,2,queue_aware,200,3.065453,0.19907,0.0,0.02,0.994272,2.866383,0.056574,1.0,35.180711,12,0.365
distance_priority,corridor,2,range_aware,200,12.874217,0.0,0.0,0.0,4.635191,12.874217,0.0,1.0,35.175608,1,1.0
distance_priority,corridor,3,nearest,200,59.298024,58.257266,236.091923,0.59,0.32711,1.040758,34.22677,1.0,33.377775,51,0.13
distance_priority,corridor,3,dijkstra,200,50.158979,49.008146,221.024174,0.555,0.364285,1.150833,34.651012,1.0,33.367667,49,0.1
distance_priority,corridor,3,cost_optimized,200,3.676357,1.310724,3.364007,0.06,0.829976,2.365633,0.6248,1.0,32.075855,15,0.4
distance_priority,corridor,3,static_queue,200,3.403608,0.780683,0.178899,0.055,0.927163,2.622925,0.035814,1.0,32.041089,10,0.42
distance_priority,corridor,3,queue_aware,200,2.977773,0.278073,0.0,0.015,0.947526,2.6997,0.05389,1.0,32.038379,12,0.355
distance_priority,corridor,3,range_aware,200,12.813642,0.0,0.0,0.0,4.63325,12.813642,0.0,1.0,32.036624,2,0.995
distance_priority,corridor,4,nearest,200,61.797007,60.67504,362.742715,0.475,0.359651,1.121967,33.789094,1.0,34.149611,55,0.14
distance_priority,corridor,4,dijkstra,200,58.897611,57.587811,317.439739,0.525,0.424566,1.3098,34.652121,1.0,34.269269,45,0.125
distance_priority,corridor,4,cost_optimized,200,3.311254,0.831037,0.0,0.045,0.876064,2.480217,0.599032,1.0,32.855944,13,0.365
distance_priority,corridor,4,static_queue,200,2.975577,0.351435,0.0,0.02,0.928655,2.624142,0.044091,1.0,32.78673,11,0.4
distance_priority,corridor,4,queue_aware,200,2.701942,0.0,0.0,0.0,0.946628,2.701942,0.053082,1.0,32.780344,13,0.34
distance_priority,corridor,4,range_aware,200,12.744617,0.0,0.0,0.0,4.600174,12.744617,0.0,1.0,32.779792,1,1.0
distance_priority,corridor,5,nearest,200,76.344914,75.311672,311.754733,0.56,0.326409,1.033242,34.911722,1.0,35.756641,51,0.095
distance_priority,corridor,5,dijkstra,200,103.728924,102.525907,380.069871,0.615,0.379706,1.203017,34.962631,1.0,36.250515,48,0.085
distance_priority,corridor,5,cost_optimized,200,8.31725,6.008109,45.003305,0.13,0.803704,2.309142,0.604499,1.0,33.505343,16,0.36
distance_priority,corridor,5,static_queue,200,3.060012,0.603337,0.0,0.045,0.858904,2.456675,0.064105,1.0,33.46533,12,0.41
distance_priority,corridor,5,queue_aware,200,2.78882,0.168378,0.0,0.01,0.913619,2.620442,0.066645,1.0,33.449776,13,0.35
distance_priority,corridor,5,range_aware,200,12.702967,0.0,0.0,0.0,4.572604,12.702967,0.0,1.0,33.447816,1,1.0
distance_priority,corridor,6,nearest,200,54.711851,53.719176,292.677917,0.485,0.31702,0.992675,33.766371,1.0,31.94207,59,0.1
distance_priority,corridor,6,dijkstra,200,50.96476,49.873743,257.546103,0.495,0.353538,1.091017,33.070612,1.0,31.947744,54,0.1
distance_priority,corridor,6,cost_optimized,200,3.06195,0.819008,0.820075,0.055,0.789137,2.242942,0.574093,1.0,30.783365,16,0.36
distance_priority,corridor,6,static_queue,200,2.732322,0.333172,0.0,0.035,0.847953,2.39915,0.048139,1.0,30.772015,11,0.39
distance_priority,corridor,6,queue_aware,200,2.512812,0.024321,0.0,0.005,0.87224,2.488492,0.052392,1.0,30.769024,12,0.33
distance_priority,corridor,6,range_aware,200,12.528258,0.0,0.0,0.0,4.518275,12.528258,0.0,1.0,30.766667,1,1.0
distance_priority,corridor,7,nearest,200,93.21289,92.125748,595.032705,0.52,0.339799,1.087142,33.973438,1.0,33.725801,55,0.135
distance_priority,corridor,7,dijkstra,200,85.29525,84.047067,418.330405,0.52,0.395955,1.248183,34.62677,1.0,33.534081,54,0.115
distance_priority,corridor,7,cost_optimized,200,6.109469,3.689686,25.050193,0.12,0.855019,2.419783,0.602875,1.0,31.851177,16,0.37
distance_priority,corridor,7,static_queue,200,3.967302,1.395169,10.206112,0.095,0.909858,2.572133,0.045406,1.0,31.761852,10,0.4
distance_priority,corridor,7,queue_aware,200,2.850626,0.187409,0.0,0.02,0.934839,2.663217,0.046751,1.0,31.757952,13,0.35
distance_priority,corridor,7,range_aware,200,12.376333,0.0,0.0,0.0,4.457571,12.376333,0.0,1.0,31.755733,1,1.0
distance_priority,corridor,8,nearest,200,104.277402,103.198502,480.998201,0.58,0.346279,1.0789,34.547881,1.0,33.266263,52,0.15
distance_priority,corridor,8,dijkstra,200,79.330893,78.031293,358.119527,0.55,0.41935,1.2996,35.584346,1.0,32.957938,49,0.12
distance_priority,corridor,8,cost_optimized,200,4.767825,2.2925,18.454441,0.075,0.868247,2.475325,0.43238,1.0,31.25587,15,0.38
distance_priority,corridor,8,static_queue,200,4.432607,1.836107,11.749701,0.08,0.914889,2.5965,0.037131,1.0,31.237957,12,0.43
distance_priority,corridor,8,queue_aware,200,2.726884,0.045459,0.0,0.005,0.939036,2.681425,0.048565,1.0,31.238771,13,0.36
distance_priority,corridor,8,range_aware,200,12.115175,0.0,0.0,0.0,4.365098,12.115175,0.0,1.0,31.23054,1,1.0
distance_priority,corridor,9,nearest,200,81.555346,80.515388,282.422291,0.64,0.324251,1.039958,34.36485,1.0,30.067154,55,0.12
distance_priority,corridor,9,dijkstra,200,70.142092,68.973592,254.2509,0.615,0.370559,1.1685,34.603636,1.0,29.903687,53,0.09
distance_priority,corridor,9,cost_optimized,200,4.148843,1.778768,2.085188,0.06,0.829116,2.370075,0.593076,1.0,28.48922,14,0.375
distance_priority,corridor,9,static_queue,200,2.853142,0.340842,0.0,0.03,0.883187,2.5123,0.053685,1.0,28.449586,11,0.405
distance_priority,corridor,9,queue_aware,200,2.769765,0.16259,0.0,0.02,0.90733,2.607175,0.05575,1.0,28.449586,13,0.37
distance_priority,corridor,9,range_aware,200,12.497458,0.0,0.0,0.0,4.500507,12.497458,0.0,1.0,28.448504,1,1.0
distance_priority,corridor,10,nearest,200,65.67982,64.69327,260.223922,0.52,0.318385,0.98655,33.158995,1.0,31.924836,54,0.11
distance_priority,corridor,10,dijkstra,200,63.900665,62.700915,280.383544,0.535,0.385991,1.19975,32.01274,1.0,31.732583,51,0.09
distance_priority,corridor,10,cost_optimized,200,4.623011,2.402344,8.45773,0.105,0.779955,2.220667,0.64641,1.0,30.334868,15,0.385
distance_priority,corridor,10,static_queue,200,3.396915,1.04459,0.068863,0.05,0.829789,2.352325,0.069442,1.0,30.209746,10,0.4
distance_priority,corridor,10,queue_aware,200,2.505539,0.008923,0.0,0.005,0.871952,2.496617,0.069854,1.0,30.189795,13,0.34
distance_priority,corridor,10,range_aware,200,12.366392,0.0,0.0,0.0,4.45119,12.366392,0.0,1.0,30.189217,1,1.0
distance_priority,corridor,11,nearest,200,55.225197,54.24848,259.620892,0.56,0.306577,0.976717,34.400002,1.0,31.135225,55,0.105
distance_priority,corridor,11,dijkstra,200,43.124568,42.033426,210.798992,0.54,0.346886,1.091142,34.078891,1.0,31.072152,55,0.095
distance_priority,corridor,11,cost_optimized,200,4.453843,2.099251,15.479796,0.095,0.826966,2.354592,0.551763,1.0,29.679183,14,0.395
distance_priority,corridor,11,static_queue,200,3.071846,0.526137,3.316401,0.06,0.894717,2.545708,0.040355,1.0,29.643583,11,0.44
distance_priority,corridor,11,queue_aware,200,2.756432,0.116857,0.0,0.02,0.919275,2.639575,0.04999,1.0,29.642575,12,0.345
distance_priority,corridor,11,range_aware,200,12.521808,0.0,0.0,0.0,4.511126,12.521808,0.0,1.0,29.642575,1,1.0
distance_priority,corridor,12,nearest,200,63.343949,62.338358,281.233141,0.55,0.32615,1.005592,33.069195,1.0,35.762585,58,0.095
distance_priority,corridor,12,dijkstra,200,66.902395,65.78927,295.367267,0.575,0.362945,1.113125,32.922527,1.0,35.786184,51,0.09
distance_priority,corridor,12,cost_optimized,200,5.146005,2.885713,25.643801,0.14,0.795456,2.260292,0.760552,1.0,33.825547,17,0.345
distance_priority,corridor,12,static_queue,200,3.280326,0.808934,4.242931,0.075,0.868391,2.471392,0.050459,1.0,33.781276,12,0.38
distance_priority,corridor,12,queue_aware,200,2.675493,0.089852,0.0,0.01,0.903243,2.585642,0.051276,1.0,33.778854,13,0.315
distance_priority,corridor,12,range_aware,200,13.045792,0.0,0.0,0.0,4.719658,13.045792,0.0,1.0,33.776231,1,1.0
distance_priority,corridor,13,nearest,200,95.977804,94.920854,491.46125,0.595,0.343516,1.05695,35.143032,1.0,33.582949,59,0.135
distance_priority,corridor,13,dijkstra,200,76.517065,75.276048,461.72379,0.6,0.405817,1.241017,35.783133,1.0,33.394453,56,0.11
distance_priority,corridor,13,cost_optimized,200,8.914126,6.460968,54.942861,0.1,0.870611,2.453158,0.658736,1.0,31.267733,16,0.37
distance_priority,corridor,13,static_queue,200,3.209365,0.586306,3.080057,0.065,0.931362,2.623058,0.044093,1.0,31.218003,12,0.425
distance_priority,corridor,13,queue_aware,200,2.777796,0.032421,0.0,0.005,0.962173,2.745375,0.059965,1.0,31.213896,13,0.345
distance_priority,corridor,13,range_aware,200,12.615,0.0,0.0,0.0,4.555266,12.615,0.0,1.0,31.213896,1,1.0
distance_priority,corridor,14,nearest,200,102.482622,101.489797,419.280353,0.595,0.311838,0.992825,35.294753,1.0,36.140376,53,0.12
distance_priority,corridor,14,dijkstra,200,83.307863,82.164963,371.487305,0.555,0.363232,1.1429,35.944449,1.0,36.077123,51,0.1
distance_priority,corridor,14,cost_optimized,200,5.325255,2.957088,4.780147,0.065,0.829222,2.368167,0.520658,1.0,34.1802,16,0.375
distance_priority,corridor,14,static_queue,200,3.273815,0.786857,0.0,0.035,0.871208,2.486958,0.040661,1.0,34.118471,12,0.4
distance_priority,corridor,14,queue_aware,200,2.578283,0.0,0.0,0.0,0.899123,2.578283,0.05087,1.0,34.118471,13,0.325
distance_priority,corridor,14,range_aware,200,12.506508,0.0,0.0,0.0,4.504396,12.506508,0.0,1.0,34.118471,1,1.0
distance_priority,corridor,15,nearest,200,67.069442,65.938008,272.61953,0.605,0.345742,1.131433,34.738182,1.0,37.283555,53,0.12
distance_priority,corridor,15,dijkstra,200,77.262795,75.938853,345.048391,0.6,0.411816,1.323942,34.390509,1.0,37.316867,50,0.11
distance_priority,corridor,15,cost_optimized,200,6.139134,3.6901,4.396675,0.08,0.848641,2.449033,0.548535,1.0,35.261664,16,0.36
distance_priority,corridor,15,static_queue,200,2.763229,0.177737,0.0,0.03,0.900947,2.585492,0.046721,1.0,35.17631,12,0.395
distance_priority,corridor,15,queue_aware,200,2.718021,0.024104,0.0,0.015,0.931635,2.693917,0.053779,1.0,35.174863,13,0.325
distance_priority,corridor,15,range_aware,200,12.780025,0.0,0.0,0.0,4.601256,12.780025,0.0,1.0,35.174863,1,1.0
distance_priority,corridor,16,nearest,200,68.325693,67.242168,292.778175,0.5,0.331859,1.083525,33.40253,1.0,33.227046,58,0.105
distance_priority,corridor,16,dijkstra,200,78.593828,77.315378,309.038608,0.555,0.401556,1.27845,34.214855,1.0,33.591679,53,0.09
distance_priority,corridor,16,cost_optimized,200,3.945819,1.516736,0.089496,0.05,0.840951,2.429083,0.639239,1.0,31.67502,15,0.37
distance_priority,corridor,16,static_queue,200,2.906161,0.309052,0.0,0.025,0.902349,2.597108,0.05046,1.0,31.646186,11,0.395
distance_priority,corridor,16,queue_aware,200,2.828795,0.14372,0.0,0.02,0.929408,2.685075,0.055347,1.0,31.645022,13,0.355
distance_priority,corridor,16,range_aware,200,12.53145,0.0,0.0,0.0,4.504947,12.53145,0.0,1.0,31.644996,1,1.0
distance_priority,corridor,17,nearest,200,57.261084,56.336926,279.605103,0.55,0.294502,0.924158,34.572225,1.0,33.219548,60,0.105
distance_priority,corridor,17,dijkstra,200,58.276357,57.183932,279.382769,0.555,0.352371,1.092425,34.438994,1.0,33.448287,52,0.095
distance_priority,corridor,17,cost_optimized,200,4.100615,1.754024,6.082534,0.075,0.821226,2.346592,0.667427,1.0,31.642104,16,0.37
distance_priority,corridor,17,static_queue,200,2.834468,0.34261,0.0,0.045,0.872239,2.491858,0.046826,1.0,31.608328,11,0.415
distance_priority,corridor,17,queue_aware,200,2.677875,0.095192,0.0,0.01,0.899231,2.582683,0.061692,1.0,31.600218,14,0.345
distance_priority,corridor,17,range_aware,200,12.61415,0.0,0.0,0.0,4.547359,12.61415,0.0,1.0,31.597645,1,1.0
distance_priority,corridor,18,nearest,200,58.590872,57.695872,335.865342,0.46,0.28727,0.895,32.237576,1.0,35.982874,58,0.095
distance_priority,corridor,18,dijkstra,200,59.904228,58.901787,335.865342,0.475,0.323092,1.002442,32.664242,1.0,35.915483,52,0.095
distance_priority,corridor,18,cost_optimized,200,3.878712,1.662053,0.0,0.04,0.77165,2.216658,0.550749,1.0,34.647712,14,0.32
distance_priority,corridor,18,static_queue,200,2.447116,0.100241,0.0,0.02,0.818624,2.346875,0.051461,1.0,34.628965,12,0.35
distance_priority,corridor,18,queue_aware,200,2.622639,0.196023,0.0,0.025,0.843676,2.426617,0.050393,1.0,34.628322,13,0.31
distance_priority,corridor,18,range_aware,200,12.757608,0.0,0.0,0.0,4.5955,12.757608,0.0,1.0,34.625995,1,1.0
distance_priority,corridor,19,nearest,200,93.352379,92.290663,357.892282,0.615,0.32679,1.061717,33.15193,1.0,35.652647,52,0.095
distance_priority,corridor,19,dijkstra,200,84.986238,83.74763,307.308844,0.605,0.38929,1.238608,33.454958,1.0,35.518164,51,0.085
distance_priority,corridor,19,cost_optimized,200,2.685633,0.367467,0.0,0.01,0.801809,2.318167,0.44187,1.0,32.702349,16,0.375
distance_priority,corridor,19,static_queue,200,2.618077,0.201094,0.0,0.03,0.843526,2.416983,0.048037,1.0,32.667606,11,0.4
distance_priority,corridor,19,queue_aware,200,2.586713,0.05253,0.0,0.005,0.87512,2.534183,0.056726,1.0,32.663404,12,0.35
distance_priority,corridor,19,range_aware,200,12.746375,0.0,0.0,0.0,4.596428,12.746375,0.0,1.0,32.663346,1,1.0
distance_priority,corridor,20,nearest,200,98.05823,97.057955,781.51097,0.51,0.308971,1.000275,33.962529,1.0,33.049098,57,0.1
distance_priority,corridor,20,dijkstra,200,72.923893,71.766868,357.159327,0.53,0.36239,1.157025,34.427982,1.0,32.573838,53,0.08
distance_priority,corridor,20,cost_optimized,200,4.137961,1.901361,12.381309,0.075,0.779813,2.2366,0.685197,1.0,30.428288,16,0.375
distance_priority,corridor,20,static_queue,200,2.827164,0.384456,0.0,0.03,0.853847,2.442708,0.060055,1.0,30.398363,11,0.4
distance_priority,corridor,20,queue_aware,200,2.570358,0.0,0.0,0.0,0.895503,2.570358,0.065314,1.0,30.394615,13,0.34
distance_priority,corridor,20,range_aware,200,12.664025,0.0,0.0,0.0,4.563198,12.664025,0.0,1.0,30.394518,1,1.0
distance_priority,corridor,21,nearest,200,38.224063,37.15098,170.823467,0.46,0.340646,1.073083,33.516674,1.0,35.361944,52,0.12
distance_priority,corridor,21,dijkstra,200,34.990293,33.733559,170.036786,0.45,0.405288,1.256733,33.566679,1.0,35.419343,50,0.115
distance_priority,corridor,21,cost_optimized,200,3.370954,1.001204,0.0,0.03,0.83942,2.36975,0.538734,1.0,34.348423,17,0.345
distance_priority,corridor,21,static_queue,200,3.67439,1.173707,0.0,0.02,0.890164,2.500683,0.053888,1.0,34.329362,11,0.375
distance_priority,corridor,21,queue_aware,200,2.620892,0.0,0.0,0.0,0.926136,2.620892,0.051346,1.0,34.322401,13,0.295
distance_priority,corridor,21,range_aware,200,12.504842,0.0,0.0,0.0,4.508705,12.504842,0.0,1.0,34.322401,1,1.0
distance_priority,corridor,22,nearest,200,75.652416,74.541941,472.979145,0.485,0.351549,1.110475,31.795464,1.0,31.200585,56,0.135
distance_priority,corridor,22,dijkstra,200,66.020777,64.746652,405.756943,0.5,0.406696,1.274125,32.446679,1.0,31.241722,48,0.12
distance_priority,corridor,22,cost_optimized,200,2.772289,0.470889,0.0,0.025,0.811761,2.3014,0.498838,1.0,30.035021,14,0.355
distance_priority,corridor,22,static_queue,200,2.909102,0.481285,0.0,0.03,0.856406,2.427817,0.04481,1.0,30.030503,11,0.375
distance_priority,corridor,22,queue_aware,200,2.554932,0.025899,0.0,0.01,0.884514,2.529033,0.052295,1.0,30.030293,12,0.325
distance_priority,corridor,22,range_aware,200,12.199617,0.0,0.0,0.0,4.39294,12.199617,0.0,1.0,30.025729,2,0.995
distance_priority,corridor,23,nearest,200,75.798326,74.724385,275.976821,0.595,0.345655,1.073942,33.964952,1.0,32.229665,55,0.16
distance_priority,corridor,23,dijkstra,200,72.629468,71.377051,282.902481,0.585,0.406275,1.252417,33.456067,1.0,32.424485,50,0.13
distance_priority,corridor,23,cost_optimized,200,3.151192,0.771292,0.0,0.035,0.847333,2.3799,0.635596,1.0,30.44652,16,0.31
distance_priority,corridor,23,static_queue,200,2.847531,0.286631,0.0,0.015,0.916658,2.5609,0.052674,1.0,30.415941,11,0.355
distance_priority,corridor,23,queue_aware,200,2.687779,0.017737,0.0,0.005,0.94283,2.670042,0.056718,1.0,30.414388,13,0.295
distance_priority,corridor,23,range_aware,200,12.513775,0.0,0.0,0.0,4.520645,12.513775,0.0,1.0,30.405617,1,1.0
distance_priority,corridor,24,nearest,200,75.765768,74.663026,413.23261,0.57,0.346476,1.102742,34.949195,1.0,34.350342,57,0.16
distance_priority,corridor,24,dijkstra,200,67.571409,66.299925,347.281082,0.55,0.40462,1.271483,33.867982,1.0,34.222129,50,0.135
distance_priority,corridor,24,cost_optimized,200,4.680189,2.117664,7.220018,0.085,0.897252,2.562525,0.593183,1.0,32.682339,16,0.415
distance_priority,corridor,24,static_queue,200,2.806245,0.080069,0.0,0.03,0.959274,2.726175,0.044303,1.0,32.663477,12,0.455
distance_priority,corridor,24,queue_aware,200,2.857809,0.027093,0.0,0.005,0.985691,2.830717,0.058263,1.0,32.65956,14,0.365
distance_priority,corridor,24,range_aware,200,12.743808,0.0,0.0,0.0,4.594397,12.743808,0.0,1.0,32.657641,1,1.0
distance_priority,corridor,25,nearest,200,70.538116,69.638891,266.543648,0.57,0.281936,0.899225,34.023033,1.0,31.211926,54,0.085
distance_priority,corridor,25,dijkstra,200,55.363487,54.326912,242.277822,0.565,0.326292,1.036575,34.06677,1.0,31.072298,55,0.075
distance_priority,corridor,25,cost_optimized,200,4.099571,1.991421,19.220347,0.1,0.737667,2.10815,0.648726,1.0,30.04782,14,0.335
distance_priority,corridor,25,static_queue,200,3.241663,0.917038,3.422704,0.06,0.815523,2.324625,0.042774,1.0,30.013409,11,0.39
distance_priority,corridor,25,queue_aware,200,2.424459,0.034601,0.0,0.005,0.836379,2.389858,0.06074,1.0,30.01095,13,0.35
distance_priority,corridor,25,range_aware,200,12.484675,0.0,0.0,0.0,4.504017,12.484675,0.0,1.0,30.010126,2,0.995
distance_priority,corridor,26,nearest,200,63.964097,62.917847,289.214279,0.515,0.329329,1.04625,34.956571,1.0,33.04505,58,0.12
distance_priority,corridor,26,dijkstra,200,51.714476,50.518467,256.679517,0.495,0.378034,1.196008,35.184552,1.0,32.959303,55,0.11
distance_priority,corridor,26,cost_optimized,200,3.224381,0.886598,0.0,0.03,0.826098,2.337783,0.572781,1.0,30.965574,16,0.395
distance_priority,corridor,26,static_queue,200,3.013152,0.490669,0.0,0.025,0.892352,2.522483,0.040971,1.0,30.917811,11,0.405
distance_priority,corridor,26,queue_aware,200,2.615611,0.025561,0.0,0.005,0.904302,2.59005,0.049485,1.0,30.913254,12,0.33
distance_priority,corridor,26,range_aware,200,12.2936,0.0,0.0,0.0,4.428982,12.2936,0.0,1.0,30.913254,1,1.0
distance_priority,corridor,27,nearest,200,53.831074,52.806599,230.222911,0.535,0.330369,1.024475,34.238789,1.0,31.071279,55,0.12
distance_priority,corridor,27,dijkstra,200,54.119988,52.970021,232.424584,0.555,0.375936,1.149967,34.290909,1.0,31.143823,50,0.095
distance_priority,corridor,27,cost_optimized,200,6.861429,4.559604,34.49887,0.125,0.811376,2.301825,0.707117,1.0,29.646739,14,0.365
distance_priority,corridor,27,static_queue,200,3.467577,0.922086,0.0,0.03,0.90342,2.545492,0.043087,1.0,29.613696,10,0.42
distance_priority,corridor,27,queue_aware,200,3.33447,0.704803,0.0,0.015,0.924905,2.629667,0.053612,1.0,29.612798,13,0.35
distance_priority,corridor,27,range_aware,200,12.889642,0.0,0.0,0.0,4.665109,12.889642,0.0,1.0,29.594985,1,1.0
distance_priority,corridor,28,nearest,200,71.947746,70.887463,349.559446,0.56,0.325897,1.060283,33.998893,1.0,33.889889,56,0.105
distance_priority,corridor,28,dijkstra,200,55.304989,54.080481,223.900358,0.595,0.38033,1.224508,34.649903,1.0,33.615659,51,0.075
distance_priority,corridor,28,cost_optimized,200,5.03847,2.735687,15.251701,0.115,0.79872,2.302783,0.662681,1.0,32.070171,16,0.365
distance_priority,corridor,28,static_queue,200,6.3293,3.816158,23.172857,0.135,0.872185,2.513142,0.049353,1.0,32.020174,12,0.41
distance_priority,corridor,28,queue_aware,200,2.85879,0.173723,0.0,0.02,0.925836,2.685067,0.056815,1.0,32.022231,13,0.31
distance_priority,corridor,28,range_aware,200,12.590417,0.0,0.0,0.0,4.523905,12.590417,0.0,1.0,32.01239,1,1.0
distance_priority,corridor,29,nearest,200,115.973441,114.9318,653.479072,0.555,0.334673,1.041642,34.175862,1.0,36.330167,58,0.115
distance_priority,corridor,29,dijkstra,200,98.883518,97.646735,546.216295,0.52,0.403419,1.236783,34.252328,1.0,36.205699,51,0.095
distance_priority,corridor,29,cost_optimized,200,3.6933,1.35915,0.0,0.04,0.820298,2.33415,0.639339,1.0,33.705028,16,0.34
distance_priority,corridor,29,static_queue,200,2.865648,0.380832,0.0,0.035,0.878075,2.484817,0.044191,1.0,33.687674,11,0.37
distance_priority,corridor,29,queue_aware,200,2.573126,0.018101,0.0,0.005,0.900045,2.555025,0.058039,1.0,33.683157,12,0.325
distance_priority,corridor,29,range_aware,200,12.681733,0.0,0.0,0.0,4.572179,12.681733,0.0,1.0,33.681903,1,1.0
distance_priority,hotspot,0,nearest,200,882.594159,881.418484,2848.774563,0.845,0.383968,1.175675,40.0,1.0,35.462174,12,0.48
distance_priority,hotspot,0,dijkstra,200,897.10572,895.623603,2817.276802,0.88,0.498983,1.482117,40.0,1.0,35.707328,10,0.475
distance_priority,hotspot,0,cost_optimized,200,6.552268,3.21326,18.810303,0.2,1.079522,3.339008,0.446244,1.0,30.970125,5,0.525
distance_priority,hotspot,0,static_queue,200,4.253771,0.818171,6.514058,0.155,1.14249,3.4356,0.03178,1.0,30.946184,5,0.57
distance_priority,hotspot,0,queue_aware,200,3.856338,0.193796,0.0,0.03,1.237934,3.662542,0.103644,1.0,30.944944,8,0.475
distance_priority,hotspot,0,range_aware,200,14.278017,0.0,0.0,0.0,5.18915,14.278017,0.0,1.0,30.939992,1,1.0
distance_priority,hotspot,1,nearest,200,478.292612,477.237454,1568.966595,0.925,0.347059,1.055158,40.0,1.0,40.411586,12,0.37
distance_priority,hotspot,1,dijkstra,200,561.751866,560.403399,2012.757358,0.925,0.457742,1.348467,40.0,1.0,40.405007,11,0.415
distance_priority,hotspot,1,cost_optimized,200,8.692626,5.407451,32.130384,0.215,1.051074,3.285175,0.554138,1.0,34.71061,5,0.43
distance_priority,hotspot,1,static_queue,200,4.409239,0.980355,10.396789,0.11,1.111505,3.428883,0.029215,1.0,34.646512,5,0.455
distance_priority,hotspot,1,queue_aware,200,3.763234,0.157434,0.0,0.02,1.213733,3.6058,0.109412,1.0,34.642893,9,0.44
distance_priority,hotspot,1,range_aware,200,14.436425,0.0,0.0,0.0,5.262122,14.436425,0.0,1.0,34.642893,1,1.0
distance_priority,hotspot,2,nearest,200,717.563745,716.35232,2735.974573,0.865,0.397996,1.211425,40.0,1.0,36.604803,12,0.435
distance_priority,hotspot,2,dijkstra,200,631.549203,629.954445,2269.883319,0.89,0.5434,1.594758,40.0,1.0,36.597123,11,0.39
distance_priority,hotspot,2,cost_optimized,200,6.156325,2.837825,19.107289,0.225,1.088848,3.3185,0.472498,1.0,30.682877,5,0.525
distance_priority,hotspot,2,static_queue,200,5.365438,1.937972,15.676263,0.175,1.137146,3.427467,0.023524,1.0,30.649692,5,0.535
distance_priority,hotspot,2,queue_aware,200,3.863213,0.309546,0.0,0.045,1.202388,3.553667,0.108248,1.0,30.637097,9,0.455
distance_priority,hotspot,2,range_aware,200,14.285542,0.0,0.0,0.0,5.205913,14.285542,0.0,1.0,30.636064,1,1.0
distance_priority,hotspot,3,nearest,200,934.146194,932.979552,3166.14398,0.875,0.384707,1.166642,40.0,1.0,37.802294,11,0.425
distance_priority,hotspot,3,dijkstra,200,910.564231,908.95159,3215.401862,0.905,0.551417,1.612642,40.0,1.0,37.391888,10,0.425
distance_priority,hotspot,3,cost_optimized,200,12.676286,9.455369,40.689185,0.325,1.048696,3.220917,0.592801,1.0,31.048118,5,0.47
distance_priority,hotspot,3,static_queue,200,5.528431,2.133189,16.357085,0.195,1.13155,3.395242,0.038968,1.0,30.909374,5,0.5
distance_priority,hotspot,3,queue_aware,200,4.197096,0.629304,4.927698,0.085,1.215225,3.567792,0.111694,1.0,30.911919,8,0.45
distance_priority,hotspot,3,range_aware,200,14.331158,0.0,0.0,0.0,5.221165,14.331158,0.0,1.0,30.90489,1,1.0
distance_priority,hotspot,4,nearest,200,592.729126,591.628576,2224.468407,0.855,0.359165,1.10055,40.0,1.0,36.204994,12,0.35
distance_priority,hotspot,4,dijkstra,200,761.193543,759.794951,2758.522878,0.87,0.467334,1.398592,40.0,1.0,36.070253,10,0.43
distance_priority,hotspot,4,cost_optimized,200,15.572916,12.237391,87.476943,0.3,1.069143,3.335525,0.55342,1.0,32.677849,5,0.465
distance_priority,hotspot,4,static_queue,200,5.202055,1.72793,12.22089,0.145,1.135289,3.474125,0.03252,1.0,32.434258,5,0.49
distance_priority,hotspot,4,queue_aware,200,4.08657,0.48177,0.808841,0.055,1.211237,3.6048,0.100158,1.0,32.429261,9,0.455
distance_priority,hotspot,4,range_aware,200,14.382067,0.0,0.0,0.0,5.228169,14.382067,0.0,1.0,32.423812,1,1.0
distance_priority,hotspot,5,nearest,200,526.876583,525.710342,2190.632074,0.87,0.392065,1.166242,40.0,1.0,33.221002,12,0.425
distance_priority,hotspot,5,dijkstra,200,466.137897,464.589014,1950.604244,0.87,0.537525,1.548883,40.0,1.0,33.154817,11,0.415
distance_priority,hotspot,5,cost_optimized,200,8.480571,5.03683,45.020802,0.15,1.11915,3.443742,0.447167,1.0,29.546582,5,0.48
distance_priority,hotspot,5,static_queue,200,4.85888,1.368364,9.737917,0.11,1.156361,3.490517,0.020298,1.0,29.433719,5,0.52
distance_priority,hotspot,5,queue_aware,200,3.878832,0.216749,0.0,0.025,1.248042,3.662083,0.091436,1.0,29.433719,9,0.435
distance_priority,hotspot,5,range_aware,200,14.363508,0.0,0.0,0.0,5.239403,14.363508,0.0,1.0,29.433719,1,1.0
distance_priority,hotspot,6,nearest,200,489.521776,488.471217,1381.908418,0.86,0.357668,1.050558,40.0,1.0,36.743915,12,0.32
distance_priority,hotspot,6,dijkstra,200,531.058751,529.778801,1624.278752,0.895,0.440691,1.27995,40.0,1.0,36.703055,11,0.365
distance_priority,hotspot,6,cost_optimized,200,12.874861,9.576145,65.915764,0.245,1.055999,3.298717,0.554753,1.0,30.91207,5,0.395
distance_priority,hotspot,6,static_queue,200,6.551588,3.098297,23.69384,0.135,1.126295,3.453292,0.036276,1.0,30.826531,5,0.41
distance_priority,hotspot,6,queue_aware,200,3.799789,0.253306,0.0,0.03,1.20362,3.546483,0.103621,1.0,30.800092,9,0.415
distance_priority,hotspot,6,range_aware,200,14.41485,0.0,0.0,0.0,5.263446,14.41485,0.0,1.0,30.799188,1,1.0
distance_priority,hotspot,7,nearest,200,541.159098,540.109648,2204.04363,0.865,0.35083,1.04945,40.0,1.0,33.764677,11,0.355
distance_priority,hotspot,7,dijkstra,200,559.915382,558.53094,2047.079462,0.88,0.473916,1.384442,40.0,1.0,33.818255,10,0.375
distance_priority,hotspot,7,cost_optimized,200,5.630145,2.434853,21.097125,0.115,1.042761,3.195292,0.646133,1.0,30.572566,5,0.45
distance_priority,hotspot,7,static_queue,200,4.057443,0.692551,0.211171,0.055,1.120625,3.364892,0.036747,1.0,30.53336,5,0.465
distance_priority,hotspot,7,queue_aware,200,3.542174,0.017082,0.0,0.005,1.200602,3.525092,0.096396,1.0,30.534091,9,0.44
distance_priority,hotspot,7,range_aware,200,14.364108,0.0,0.0,0.0,5.238416,14.364108,0.0,1.0,30.53336,1,1.0
distance_priority,hotspot,8,nearest,200,619.168591,618.053716,2212.295143,0.91,0.364313,1.114875,40.0,1.0,37.964356,12,0.37
distance_priority,hotspot,8,dijkstra,200,621.558102,620.115577,2191.12434,0.94,0.492008,1.442525,40.0,1.0,37.799694,10,0.385
distance_priority,hotspot,8,cost_optimized,200,7.54803,4.227022,29.387015,0.19,1.064469,3.321008,0.514241,1.0,32.829019,5,0.43
distance_priority,hotspot,8,static_queue,200,5.371146,1.948571,18.151638,0.12,1.115344,3.422575,0.025063,1.0,32.805688,5,0.455
distance_priority,hotspot,8,queue_aware,200,3.833905,0.26393,0.0,0.02,1.20707,3.569975,0.097401,1.0,32.795021,9,0.415
distance_priority,hotspot,8,range_aware,200,14.353383,0.0,0.0,0.0,5.232235,14.353383,0.0,1.0,32.795021,1,1.0
distance_priority,hotspot,9,nearest,200,819.503039,818.447522,3103.096492,0.84,0.351866,1.055517,40.0,1.0,38.607113,12,0.415
distance_priority,hotspot,9,dijkstra,200,915.162707,913.751482,3331.137674,0.875,0.484159,1.411225,40.0,1.0,38.720758,10,0.465
distance_priority,hotspot,9,cost_optimized,200,6.506476,3.233884,14.041566,0.125,1.05983,3.272592,0.459782,1.0,34.391618,5,0.515
distance_priority,hotspot,9,static_queue,200,3.911985,0.526826,3.732173,0.065,1.112413,3.385158,0.026052,1.0,34.357417,5,0.54
distance_priority,hotspot,9,queue_aware,200,3.8857,0.341092,0.0,0.035,1.200992,3.544608,0.10435,1.0,34.355275,9,0.455
distance_priority,hotspot,9,range_aware,200,14.280425,0.0,0.0,0.0,5.203203,14.280425,0.0,1.0,34.351541,1,1.0
distance_priority,hotspot,10,nearest,200,629.168227,628.112519,2214.056726,0.89,0.344055,1.055708,40.0,1.0,33.271306,12,0.42
distance_priority,hotspot,10,dijkstra,200,681.046043,679.703235,2241.420599,0.92,0.451324,1.342808,40.0,1.0,33.430399,10,0.45
distance_priority,hotspot,10,cost_optimized,200,5.106085,1.846718,9.215865,0.115,1.047204,3.259367,0.539985,1.0,29.755742,4,0.48
distance_priority,hotspot,10,static_queue,200,4.502781,1.078114,5.276847,0.075,1.126917,3.424667,0.039278,1.0,29.755986,5,0.505
distance_priority,hotspot,10,queue_aware,200,3.646233,0.033967,0.0,0.01,1.229453,3.612267,0.108652,1.0,29.740478,9,0.475
distance_priority,hotspot,10,range_aware,200,14.293742,0.0,0.0,0.0,5.200604,14.293742,0.0,1.0,29.736294,1,1.0
distance_priority,hotspot,11,nearest,200,515.430219,514.327569,1906.067482,0.88,0.368317,1.10265,40.0,1.0,36.024171,12,0.37
distance_priority,hotspot,11,dijkstra,200,623.844605,622.300372,2174.219423,0.88,0.533172,1.544233,40.0,1.0,36.170531,10,0.4
distance_priority,hotspot,11,cost_optimized,200,5.166734,1.853276,14.555517,0.14,1.063744,3.313458,0.44727,1.0,32.774423,5,0.475
distance_priority,hotspot,11,static_queue,200,5.064062,1.661845,12.11266,0.1,1.108622,3.402217,0.023237,1.0,32.767424,5,0.505
distance_priority,hotspot,11,queue_aware,200,3.840371,0.240938,0.0,0.015,1.21152,3.599433,0.100317,1.0,32.754022,9,0.415
distance_priority,hotspot,11,range_aware,200,14.360542,0.0,0.0,0.0,5.233875,14.360542,0.0,1.0,32.748809,1,1.0
distance_priority,hotspot,12,nearest,200,731.846111,730.754586,2912.43058,0.89,0.358824,1.091525,40.0,1.0,41.585227,12,0.415
distance_priority,hotspot,12,dijkstra,200,770.181412,768.778987,3113.155688,0.865,0.474474,1.402425,40.0,1.0,41.544821,11,0.425
distance_priority,hotspot,12,cost_optimized,200,4.994013,1.628863,13.389235,0.13,1.091706,3.36515,0.513113,1.0,36.03159,5,0.49
distance_priority,hotspot,12,static_queue,200,4.143368,0.668718,3.312555,0.065,1.14755,3.47465,0.028369,1.0,36.020993,5,0.5
distance_priority,hotspot,12,queue_aware,200,3.710699,0.134432,0.0,0.025,1.212583,3.576267,0.093775,1.0,36.015346,9,0.465
distance_priority,hotspot,12,range_aware,200,14.387367,0.0,0.0,0.0,5.239232,14.387367,0.0,1.0,36.013838,1,1.0
distance_priority,hotspot,13,nearest,200,437.867405,436.820672,1498.57425,0.84,0.344233,1.046733,40.0,1.0,36.066085,12,0.345
distance_priority,hotspot,13,dijkstra,200,438.452033,437.128816,1549.38357,0.86,0.450724,1.323217,40.0,1.0,35.858007,11,0.365
distance_priority,hotspot,13,cost_optimized,200,12.307258,9.112491,51.676569,0.215,1.04022,3.194767,0.712795,1.0,32.303885,5,0.41
distance_priority,hotspot,13,static_queue,200,6.294692,2.928734,25.962518,0.12,1.114939,3.365958,0.034731,1.0,32.235477,5,0.425
distance_priority,hotspot,13,queue_aware,200,4.224801,0.694293,0.0,0.03,1.200779,3.530508,0.086824,1.0,32.226375,9,0.405
distance_priority,hotspot,13,range_aware,200,14.417917,0.0,0.0,0.0,5.2565,14.417917,0.0,1.0,32.218332,1,1.0
distance_priority,hotspot,14,nearest,200,666.388277,665.317602,2580.032472,0.845,0.354355,1.070675,40.0,1.0,36.195159,12,0.43
distance_priority,hotspot,14,dijkstra,200,566.493355,565.024205,2259.811285,0.885,0.506265,1.46915,40.0,1.0,35.745609,10,0.395
distance_priority,hotspot,14,cost_optimized,200,7.065274,3.815357,23.84639,0.16,1.061256,3.249917,0.499163,1.0,30.913062,5,0.515
distance_priority,hotspot,14,static_queue,200,5.297474,1.975074,23.84639,0.09,1.101652,3.3224,0.018058,1.0,30.8759,5,0.555
distance_priority,hotspot,14,queue_aware,200,3.725406,0.176989,0.0,0.02,1.200999,3.548417,0.102503,1.0,30.873511,9,0.425
distance_priority,hotspot,14,range_aware,200,14.342042,0.0,0.0,0.0,5.225607,14.342042,0.0,1.0,30.87209,1,1.0
distance_priority,hotspot,15,nearest,200,623.132447,622.072864,2408.458725,0.855,0.34197,1.059583,40.0,1.0,37.055098,12,0.335
distance_priority,hotspot,15,dijkstra,200,774.303765,772.930573,2884.628834,0.88,0.455166,1.373192,40.0,1.0,36.498087,11,0.385
distance_priority,hotspot,15,cost_optimized,200,9.638973,6.223748,46.510184,0.24,1.083653,3.415225,0.460601,1.0,33.762239,5,0.45
distance_priority,hotspot,15,static_queue,200,6.941928,3.457511,36.200169,0.14,1.137852,3.484417,0.028264,1.0,33.737995,5,0.49
distance_priority,hotspot,15,queue_aware,200,4.600138,0.967829,0.0,0.045,1.222805,3.632308,0.096555,1.0,33.728835,9,0.425
distance_priority,hotspot,15,range_aware,200,14.412375,0.0,0.0,0.0,5.234709,14.412375,0.0,1.0,33.725424,1,1.0
distance_priority,hotspot,16,nearest,200,484.080812,483.007353,1856.176114,0.9,0.363787,1.073458,40.0,1.0,37.498798,12,0.385
distance_priority,hotspot,16,dijkstra,200,529.880708,528.418399,1730.365571,0.9,0.507155,1.462308,40.0,1.0,37.998635,11,0.385
distance_priority,hotspot,16,cost_optimized,200,6.697094,3.477294,19.262885,0.155,1.061874,3.2198,0.592493,1.0,33.572195,5,0.485
distance_priority,hotspot,16,static_queue,200,4.444447,1.053713,6.335676,0.09,1.134404,3.390733,0.034326,1.0,33.540826,5,0.495
distance_priority,hotspot,16,queue_aware,200,3.785828,0.209194,0.0,0.02,1.229375,3.576633,0.092863,1.0,33.532456,9,0.44
distance_priority,hotspot,16,range_aware,200,14.392533,0.0,0.0,0.0,5.25582,14.392533,0.0,1.0,33.523564,1,1.0
distance_priority,hotspot,17,nearest,200,512.777449,511.600249,1593.727431,0.845,0.387098,1.1772,40.0,1.0,33.765162,12,0.36
distance_priority,hotspot,17,dijkstra,200,565.729914,564.171506,1894.338258,0.885,0.5322,1.558408,40.0,1.0,33.764599,10,0.375
distance_priority,hotspot,17,cost_optimized,200,7.871306,4.555948,25.918735,0.17,1.072906,3.315358,0.459781,1.0,29.919775,5,0.505
distance_priority,hotspot,17,static_queue,200,4.678053,1.24367,13.164604,0.105,1.134345,3.434383,0.031801,1.0,29.909328,5,0.52
distance_priority,hotspot,17,queue_aware,200,3.776668,0.169759,0.0,0.02,1.221084,3.606908,0.095089,1.0,29.905963,9,0.435
distance_priority,hotspot,17,range_aware,200,14.330033,0.0,0.0,0.0,5.220555,14.330033,0.0,1.0,29.896019,1,1.0
distance_priority,hotspot,18,nearest,200,618.000274,616.973949,2272.115976,0.935,0.345565,1.026325,40.0,1.0,37.615138,12,0.365
distance_priority,hotspot,18,dijkstra,200,637.962423,636.591865,2100.61512,0.92,0.476623,1.370558,40.0,1.0,37.647167,11,0.345
distance_priority,hotspot,18,cost_optimized,200,10.708212,7.44392,52.159738,0.275,1.076035,3.264292,0.579367,1.0,31.566751,5,0.49
distance_priority,hotspot,18,static_queue,200,7.168806,3.783406,26.831236,0.175,1.135115,3.3854,0.028163,1.0,31.493833,5,0.51
distance_priority,hotspot,18,queue_aware,200,4.36154,0.828198,4.340929,0.07,1.215043,3.533342,0.094647,1.0,31.48751,9,0.45
distance_priority,hotspot,18,range_aware,200,14.352892,0.0,0.0,0.0,5.241445,14.352892,0.0,1.0,31.484823,1,1.0
distance_priority,hotspot,19,nearest,200,845.561385,844.42481,2831.189966,0.9,0.366452,1.136575,40.0,1.0,38.177924,12,0.44
distance_priority,hotspot,19,dijkstra,200,1057.483183,1055.997225,3485.338892,0.92,0.49625,1.485958,40.0,1.0,38.91117,10,0.48
distance_priority,hotspot,19,cost_optimized,200,8.153499,4.753815,29.631397,0.27,1.103333,3.399683,0.512806,1.0,32.719436,5,0.51
distance_priority,hotspot,19,static_queue,200,7.298632,3.785148,26.481737,0.245,1.160215,3.513483,0.026646,1.0,32.704643,5,0.555
distance_priority,hotspot,19,queue_aware,200,4.77719,1.094298,7.726231,0.075,1.250104,3.682892,0.100009,1.0,32.691256,9,0.475
distance_priority,hotspot,19,range_aware,200,14.317367,0.0,0.0,0.0,5.206589,14.317367,0.0,1.0,32.686023,1,1.0
distance_priority,hotspot,20,nearest,200,785.541362,784.396337,2729.399922,0.88,0.375421,1.145025,40.0,1.0,35.961888,11,0.445
distance_priority,hotspot,20,dijkstra,200,760.409344,758.850519,2698.292654,0.85,0.528405,1.558825,40.0,1.0,35.695562,11,0.455
distance_priority,hotspot,20,cost_optimized,200,6.496178,3.226353,19.629824,0.27,1.057921,3.269825,0.499472,1.0,31.298536,5,0.505
distance_priority,hotspot,20,static_queue,200,5.393266,1.987983,12.669914,0.195,1.123917,3.405283,0.030489,1.0,31.257944,5,0.55
distance_priority,hotspot,20,queue_aware,200,3.922135,0.296827,0.0,0.025,1.217187,3.625308,0.107472,1.0,31.252433,8,0.445
distance_priority,hotspot,20,range_aware,200,14.312233,0.0,0.0,0.0,5.206274,14.312233,0.0,1.0,31.248091,1,1.0
distance_priority,hotspot,21,nearest,200,502.956654,501.865404,1936.044907,0.88,0.349067,1.09125,40.0,1.0,33.174285,12,0.37
distance_priority,hotspot,21,dijkstra,200,604.323516,602.86375,2259.663167,0.885,0.485647,1.459767,40.0,1.0,34.002705,11,0.4
distance_priority,hotspot,21,cost_optimized,200,10.57308,7.202272,49.74637,0.21,1.079597,3.370808,0.459884,1.0,29.362532,5,0.505
distance_priority,hotspot,21,static_queue,200,6.141963,2.702096,22.13424,0.15,1.123184,3.439867,0.02342,1.0,29.297252,5,0.525
distance_priority,hotspot,21,queue_aware,200,4.169152,0.589569,0.0,0.03,1.204875,3.579583,0.089291,1.0,29.303077,9,0.43
distance_priority,hotspot,21,range_aware,200,14.310925,0.0,0.0,0.0,5.198978,14.310925,0.0,1.0,29.288102,1,1.0
distance_priority,hotspot,22,nearest,200,449.012712,447.93167,1534.709997,0.895,0.366937,1.081042,40.0,1.0,36.681636,12,0.36
distance_priority,hotspot,22,dijkstra,200,493.459254,492.02502,1685.456354,0.88,0.498917,1.434233,40.0,1.0,36.798334,10,0.36
distance_priority,hotspot,22,cost_optimized,200,5.951382,2.718482,17.191333,0.18,1.052419,3.2329,0.633517,1.0,34.026406,5,0.41
distance_priority,hotspot,22,static_queue,200,4.891976,1.492293,9.408773,0.12,1.127721,3.399683,0.036253,1.0,34.000325,5,0.435
distance_priority,hotspot,22,queue_aware,200,4.355558,0.780483,0.067473,0.05,1.225364,3.575075,0.098385,1.0,33.994344,9,0.43
distance_priority,hotspot,22,range_aware,200,14.452892,0.0,0.0,0.0,5.27804,14.452892,0.0,1.0,33.989239,1,1.0
distance_priority,hotspot,23,nearest,200,353.239334,352.223167,1047.990329,0.895,0.346763,1.016167,40.0,1.0,34.347108,12,0.37
distance_priority,hotspot,23,dijkstra,200,482.99263,481.671988,1524.000217,0.915,0.461148,1.320642,40.0,1.0,34.244674,10,0.395
distance_priority,hotspot,23,cost_optimized,200,5.328635,2.138543,11.0654,0.1,1.059379,3.190092,0.618542,1.0,31.997685,5,0.49
distance_priority,hotspot,23,static_queue,200,3.410951,0.081209,0.0,0.025,1.127612,3.329742,0.029661,1.0,31.973991,5,0.525
distance_priority,hotspot,23,queue_aware,200,3.454708,0.0,0.0,0.0,1.183411,3.454708,0.098297,1.0,31.971878,9,0.45
distance_priority,hotspot,23,range_aware,200,14.308592,0.0,0.0,0.0,5.223195,14.308592,0.0,1.0,31.964758,1,1.0
distance_priority,hotspot,24,nearest,200,826.169858,825.075991,3260.382982,0.865,0.374465,1.093867,40.0,1.0,36.302341,12,0.4
distance_priority,hotspot,24,dijkstra,200,753.074445,751.646161,2993.495814,0.885,0.499951,1.428283,40.0,1.0,36.224851,11,0.39
distance_priority,hotspot,24,cost_optimized,200,6.091537,2.725962,21.588758,0.175,1.097121,3.365575,0.407782,1.0,30.439784,5,0.445
distance_priority,hotspot,24,static_queue,200,4.993856,1.573756,13.510742,0.13,1.137689,3.4201,0.023028,1.0,30.417184,5,0.48
distance_priority,hotspot,24,queue_aware,200,3.802166,0.263674,0.0,0.035,1.211404,3.538492,0.093568,1.0,30.413027,8,0.445
distance_priority,hotspot,24,range_aware,200,14.3778,0.0,0.0,0.0,5.262003,14.3778,0.0,1.0,30.41105,1,1.0
distance_priority,hotspot,25,nearest,200,731.044342,730.001084,2727.267807,0.88,0.349363,1.043258,40.0,1.0,38.365942,12,0.39
distance_priority,hotspot,25,dijkstra,200,707.47187,706.086011,2465.546211,0.92,0.478794,1.385858,40.0,1.0,38.498081,11,0.4
distance_priority,hotspot,25,cost_optimized,200,10.390291,7.130016,41.225128,0.21,1.065797,3.260275,0.579572,1.0,34.62845,5,0.48
distance_priority,hotspot,25,static_queue,200,5.715801,2.30356,20.558248,0.145,1.131048,3.412242,0.031308,1.0,34.575496,5,0.495
distance_priority,hotspot,25,queue_aware,200,4.737139,1.130414,0.046634,0.05,1.2384,3.606725,0.106265,1.0,34.580235,9,0.42
distance_priority,hotspot,25,range_aware,200,14.394242,0.0,0.0,0.0,5.250776,14.394242,0.0,1.0,34.572167,1,1.0
distance_priority,hotspot,26,nearest,200,750.609638,749.54093,2582.536038,0.875,0.360646,1.068708,40.0,1.0,37.376804,12,0.425
distance_priority,hotspot,26,dijkstra,200,889.3495,887.932367,2795.094784,0.865,0.491557,1.417133,40.0,1.0,37.917069,11,0.46
distance_priority,hotspot,26,cost_optimized,200,10.702724,7.494741,38.016532,0.31,1.059651,3.207983,0.591879,1.0,33.386314,5,0.525
distance_priority,hotspot,26,static_queue,200,6.235225,2.84555,20.645182,0.215,1.138632,3.389675,0.036034,1.0,33.313746,5,0.555
distance_priority,hotspot,26,queue_aware,200,4.270532,0.676257,6.289181,0.09,1.228301,3.594275,0.096683,1.0,33.304057,9,0.485
distance_priority,hotspot,26,range_aware,200,14.256267,0.0,0.0,0.0,5.194597,14.256267,0.0,1.0,33.294647,1,1.0
distance_priority,hotspot,27,nearest,200,569.702477,568.580635,1967.48877,0.855,0.368016,1.121842,40.0,1.0,32.729617,11,0.42
distance_priority,hotspot,27,dijkstra,200,717.658474,716.240157,2331.159334,0.855,0.476216,1.418317,40.0,1.0,32.994068,10,0.475
distance_priority,hotspot,27,cost_optimized,200,5.63666,2.184394,18.618788,0.14,1.121682,3.452267,0.406861,1.0,30.565802,5,0.51
distance_priority,hotspot,27,static_queue,200,4.861185,1.35151,8.412834,0.095,1.159685,3.509675,0.021305,1.0,30.57134,5,0.53
distance_priority,hotspot,27,queue_aware,200,4.093887,0.459896,0.0,0.025,1.233995,3.633992,0.107764,1.0,30.570838,8,0.445
distance_priority,hotspot,27,range_aware,200,14.353883,0.0,0.0,0.0,5.231793,14.353883,0.0,1.0,30.557155,1,1.0
distance_priority,hotspot,28,nearest,200,461.082437,460.009495,1561.329423,0.88,0.357697,1.072942,40.0,1.0,35.617361,12,0.32
distance_priority,hotspot,28,dijkstra,200,505.972424,504.518732,1558.01277,0.92,0.496315,1.453692,40.0,1.0,35.851551,10,0.345
distance_priority,hotspot,28,cost_optimized,200,7.485368,4.24701,28.356529,0.195,1.0657,3.238358,0.658747,1.0,32.537855,5,0.475
distance_priority,hotspot,28,static_queue,200,4.452094,1.035369,6.610133,0.075,1.142161,3.416725,0.033913,1.0,32.526214,5,0.5
distance_priority,hotspot,28,queue_aware,200,4.0007,0.442284,0.0,0.025,1.214418,3.558417,0.089029,1.0,32.515151,9,0.425
distance_priority,hotspot,28,range_aware,200,14.411425,0.0,0.0,0.0,5.251533,14.411425,0.0,1.0,32.513815,1,1.0
distance_priority,hotspot,29,nearest,200,386.956422,385.909906,1496.470421,0.82,0.343343,1.046517,40.0,1.0,33.491256,12,0.36
distance_priority,hotspot,29,dijkstra,200,523.429059,522.038376,1942.799897,0.835,0.468792,1.390683,40.0,1.0,33.880895,10,0.4
distance_priority,hotspot,29,cost_optimized,200,7.138755,3.893789,23.809382,0.145,1.058364,3.244967,0.67208,1.0,30.63778,5,0.48
distance_priority,hotspot,29,static_queue,200,3.818732,0.410157,0.021192,0.05,1.13686,3.408575,0.035925,1.0,30.588525,5,0.5
distance_priority,hotspot,29,queue_aware,200,3.756273,0.138207,0.0,0.015,1.22462,3.618067,0.090711,1.0,30.581538,9,0.425
distance_priority,hotspot,29,range_aware,200,14.365975,0.0,0.0,0.0,5.223356,14.365975,0.0,1.0,30.578666,1,1.0
top3_choice,spread,0,nearest,200,37.823792,36.482067,208.954718,0.375,0.459921,1.341725,30.141391,1.0,34.661005,116,0.03
top3_choice,spread,0,dijkstra,200,30.703644,29.099669,146.61902,0.4,0.551143,1.603975,29.629655,1.0,34.116919,122,0.03
top3_choice,spread,0,cost_optimized,200,4.318029,0.437029,0.0,0.03,1.345385,3.881,0.528952,1.0,33.303041,19,0.105
top3_choice,spread,0,static_queue,200,3.087142,0.0,0.0,0.0,1.086338,3.087142,0.039212,1.0,33.289763,32,0.07
top3_choice,spread,0,queue_aware,200,3.102533,0.0,0.0,0.0,1.096527,3.102533,0.049467,1.0,33.282909,34,0.105
top3_choice,spread,0,range_aware,200,8.489042,0.0,0.0,0.0,3.08132,8.489042,0.0,1.0,33.281901,3,0.365
top3_choice,spread,1,nearest,200,40.759455,39.469863,171.141994,0.465,0.425632,1.289592,29.779349,1.0,36.463285,125,0.025
top3_choice,spread,1,dijkstra,200,37.587531,35.990456,209.188333,0.415,0.544718,1.597075,30.668602,1.0,36.430077,121,0.025
top3_choice,spread,1,cost_optimized,200,4.759101,1.095059,0.0,0.035,1.294659,3.664042,0.61755,1.0,34.885602,18,0.13
top3_choice,spread,1,static_queue,200,3.447906,0.348081,0.0,0.015,1.092508,3.099825,0.059086,1.0,34.896634,32,0.085
top3_choice,spread,1,queue_aware,200,3.193587,0.043512,0.0,0.005,1.101588,3.150075,0.059307,1.0,34.885442,31,0.08
top3_choice,spread,1,range_aware,200,8.299167,0.0,0.0,0.0,3.005786,8.299167,0.0,1.0,34.881737,3,0.37
top3_choice,spread,2,nearest,200,29.817963,28.551296,139.586019,0.415,0.432913,1.266667,30.006014,1.0,34.896565,121,0.025
top3_choice,spread,2,dijkstra,200,40.120952,38.65461,156.568476,0.445,0.502542,1.466342,30.163496,1.0,35.0468,116,0.035
top3_choice,spread,2,cost_optimized,200,8.602419,4.667686,31.109268,0.09,1.394317,3.934733,0.591193,1.0,33.81073,16,0.13
top3_choice,spread,2,static_queue,200,3.256737,0.17867,0.0,0.005,1.087492,3.078067,0.051517,1.0,33.747778,33,0.075
top3_choice,spread,2,queue_aware,200,3.139542,0.0,0.0,0.0,1.115912,3.139542,0.062105,1.0,33.747778,32,0.09
top3_choice,spread,2,range_aware,200,8.486292,0.0,0.0,0.0,3.091407,8.486292,0.0,1.0,33.747778,3,0.36
top3_choice,spread,3,nearest,200,36.619752,35.189843,169.177922,0.455,0.465613,1.429908,34.206592,1.0,33.522597,118,0.03
top3_choice,spread,3,dijkstra,200,35.772748,34.183939,153.605207,0.43,0.522775,1.588808,31.350843,1.0,33.149727,125,0.05
top3_choice,spread,3,cost_optimized,200,5.084006,1.090864,0.0,0.03,1.381036,3.993142,0.4903,1.0,31.69786,18,0.125
top3_choice,spread,3,static_queue,200,3.184831,0.035339,0.0,0.005,1.093269,3.149492,0.057468,1.0,31.668004,33,0.085
top3_choice,spread,3,queue_aware,200,3.239339,0.035339,0.0,0.005,1.107247,3.204,0.054966,1.0,31.671726,34,0.075
top3_choice,spread,3,range_aware,200,8.086383,0.0,0.0,0.0,2.921766,8.086383,0.0,1.0,31.666675,3,0.39
top3_choice,spread,4,nearest,200,28.221231,26.855756,128.044931,0.4,0.445568,1.365475,32.51002,1.0,32.619325,119,0.035
top3_choice,spread,4,dijkstra,200,37.490966,35.810375,183.783487,0.44,0.554508,1.680592,31.896696,1.0,32.557819,119,0.03
top3_choice,spread,4,cost_optimized,200,5.247335,1.296269,3.526084,0.065,1.375834,3.951067,0.672077,1.0,31.881465,17,0.125
top3_choice,spread,4,static_queue,200,3.30724,0.075982,0.0,0.01,1.137497,3.231258,0.039858,1.0,31.856501,33,0.125
top3_choice,spread,4,queue_aware,200,3.227318,0.108026,0.0,0.01,1.093101,3.119292,0.053121,1.0,31.855651,34,0.11
top3_choice,spread,4,range_aware,200,8.1455,0.0,0.0,0.0,2.952645,8.1455,0.0,1.0,31.852456,3,0.385
top3_choice,spread,5,nearest,200,36.784668,35.539351,164.519417,0.475,0.40769,1.245317,30.583974,1.0,34.115886,125,0.04
top3_choice,spread,5,dijkstra,200,29.27897,27.666503,133.743499,0.365,0.537991,1.612467,29.52317,1.0,33.970184,128,0.025
top3_choice,spread,5,cost_optimized,200,5.652482,1.994257,14.501899,0.075,1.269988,3.658225,0.774825,1.0,32.622285,20,0.115
top3_choice,spread,5,static_queue,200,3.047558,0.0,0.0,0.0,1.057132,3.047558,0.050809,1.0,32.581484,33,0.075
top3_choice,spread,5,queue_aware,200,3.10665,0.0,0.0,0.0,1.07358,3.10665,0.05839,1.0,32.58081,34,0.07
top3_choice,spread,5,range_aware,200,8.185542,0.0,0.0,0.0,2.9449,8.185542,0.0,1.0,32.574406,3,0.345
top3_choice,spread,6,nearest,200,34.503771,33.299321,145.1164,0.46,0.400876,1.20445,30.230029,1.0,32.927197,117,0.035
top3_choice,spread,6,dijkstra,200,32.84688,31.405255,143.48968,0.435,0.491247,1.441625,30.683044,1.0,32.69421,119,0.02
top3_choice,spread,6,cost_optimized,200,4.271489,0.544397,0.0,0.035,1.301305,3.727092,0.577763,1.0,31.822344,18,0.115
top3_choice,spread,6,static_queue,200,2.934917,0.0,0.0,0.0,1.022914,2.934917,0.056134,1.0,31.783201,35,0.07
top3_choice,spread,6,queue_aware,200,3.197737,0.048703,0.0,0.01,1.099322,3.149033,0.058585,1.0,31.789355,35,0.065
top3_choice,spread,6,range_aware,200,8.43085,0.0,0.0,0.0,3.056555,8.43085,0.0,1.0,31.783201,3,0.36
top3_choice,spread,7,nearest,200,39.200905,37.958088,179.677186,0.425,0.416066,1.242817,30.752475,1.0,32.532943,115,0.035
top3_choice,spread,7,dijkstra,200,21.523899,20.012699,106.216667,0.35,0.514384,1.5112,27.43003,1.0,31.897024,115,0.035
top3_choice,spread,7,cost_optimized,200,5.872649,2.049649,0.61865,0.055,1.342362,3.823,0.656763,1.0,31.17362,18,0.15
top3_choice,spread,7,static_queue,200,2.948076,0.011243,0.0,0.005,1.030917,2.936833,0.055216,1.0,31.158059,32,0.08
top3_choice,spread,7,queue_aware,200,3.1167,0.0,0.0,0.0,1.104321,3.1167,0.066444,1.0,31.151822,32,0.08
top3_choice,spread,7,range_aware,200,8.151933,0.0,0.0,0.0,2.953242,8.151933,0.0,1.0,31.150018,3,0.36
top3_choice,spread,8,nearest,200,38.959439,37.652131,201.936854,0.39,0.427008,1.307308,29.982468,1.0,31.085554,122,0.025
top3_choice,spread,8,dijkstra,200,30.03329,28.425582,133.717772,0.435,0.534768,1.607708,30.017827,1.0,31.301875,118,0.025
top3_choice,spread,8,cost_optimized,200,5.805277,2.075277,14.79749,0.075,1.314101,3.73,0.6122,1.0,29.947026,18,0.11
top3_choice,spread,8,static_queue,200,3.099187,0.042262,0.0,0.01,1.061047,3.056925,0.057385,1.0,29.914637,34,0.07
top3_choice,spread,8,queue_aware,200,3.132108,0.0,0.0,0.0,1.087854,3.132108,0.053832,1.0,29.915874,36,0.09
top3_choice,spread,8,range_aware,200,7.983283,0.0,0.0,0.0,2.872607,7.983283,0.0,1.0,29.913062,3,0.37
top3_choice,spread,9,nearest,200,38.05773,36.837197,198.910151,0.46,0.40216,1.220533,31.230946,1.0,32.851001,127,0.03
top3_choice,spread,9,dijkstra,200,37.985271,36.464996,142.902759,0.465,0.517926,1.520275,32.401847,1.0,32.847173,126,0.035
top3_choice,spread,9,cost_optimized,200,5.140169,1.206677,2.257512,0.06,1.399409,3.933492,0.734428,1.0,31.914707,19,0.115
top3_choice,spread,9,static_queue,200,3.431096,0.142329,0.0,0.005,1.162874,3.288767,0.050419,1.0,31.917392,34,0.125
top3_choice,spread,9,queue_aware,200,3.47015,0.185066,0.0,0.005,1.161279,3.285083,0.05919,1.0,31.900947,33,0.1
top3_choice,spread,9,range_aware,200,8.471667,0.0,0.0,0.0,3.086411,8.471667,0.0,1.0,31.900947,3,0.375
top3_choice,spread,10,nearest,200,40.841541,39.489299,176.497694,0.5,0.430465,1.352242,30.832451,1.0,35.018309,118,0.03
top3_choice,spread,10,dijkstra,200,32.553135,30.918918,166.348742,0.405,0.527461,1.634217,30.12153,1.0,34.793268,119,0.03
top3_choice,spread,10,cost_optimized,200,7.59267,3.726154,25.586121,0.105,1.343945,3.866517,0.654513,1.0,33.551787,17,0.12
top3_choice,spread,10,static_queue,200,3.226596,0.080196,0.0,0.01,1.080831,3.1464,0.0507,1.0,33.502856,35,0.07
top3_choice,spread,10,queue_aware,200,3.293785,0.092251,0.0,0.005,1.102807,3.201533,0.049736,1.0,33.506026,34,0.085
top3_choice,spread,10,range_aware,200,8.313067,0.0,0.0,0.0,2.991765,8.313067,0.0,1.0,33.50187,3,0.395
top3_choice,spread,11,nearest,200,42.53087,41.241504,162.727908,0.49,0.424856,1.289367,32.366378,1.0,31.5348,124,0.04
top3_choice,spread,11,dijkstra,200,33.586957,32.017557,167.194016,0.405,0.523556,1.5694,29.789306,1.0,31.447691,119,0.03
top3_choice,spread,11,cost_optimized,200,5.498488,1.603229,0.0,0.03,1.349208,3.895258,0.702276,1.0,30.480584,18,0.105
top3_choice,spread,11,static_queue,200,3.124071,0.001554,0.0,0.005,1.081466,3.122517,0.052937,1.0,30.445772,34,0.08
top3_choice,spread,11,queue_aware,200,3.190829,0.001554,0.0,0.005,1.117428,3.189275,0.059901,1.0,30.445772,35,0.11
top3_choice,spread,11,range_aware,200,8.665217,0.0,0.0,0.0,3.137815,8.665217,0.0,1.0,30.445772,4,0.38
top3_choice,spread,12,nearest,200,34.77274,33.478149,160.248016,0.445,0.435634,1.294592,31.937297,1.0,30.109642,132,0.025
top3_choice,spread,12,dijkstra,200,29.048888,27.488763,163.950006,0.405,0.533415,1.560125,31.2177,1.0,29.960297,115,0.03
top3_choice,spread,12,cost_optimized,200,5.64371,1.916393,9.614379,0.075,1.308796,3.727317,0.580053,1.0,28.911245,17,0.12
top3_choice,spread,12,static_queue,200,3.333258,0.233816,0.0,0.005,1.091487,3.099442,0.050187,1.0,28.86,33,0.115
top3_choice,spread,12,queue_aware,200,3.135902,0.029394,0.0,0.005,1.09044,3.106508,0.057992,1.0,28.862035,35,0.08
top3_choice,spread,12,range_aware,200,7.646375,0.0,0.0,0.0,2.76823,7.646375,0.0,1.0,28.857145,3,0.405
top3_choice,spread,13,nearest,200,41.761845,40.55507,196.958669,0.43,0.404906,1.206775,30.991152,1.0,37.699095,122,0.025
top3_choice,spread,13,dijkstra,200,33.726197,32.222897,200.966806,0.43,0.51166,1.5033,32.188823,1.0,37.38341,115,0.03
top3_choice,spread,13,cost_optimized,200,5.039444,1.221703,1.379967,0.065,1.354788,3.817742,0.8265,1.0,36.349423,19,0.135
top3_choice,spread,13,static_queue,200,3.753198,0.72689,0.0,0.02,1.06452,3.026308,0.058069,1.0,36.329536,32,0.08
top3_choice,spread,13,queue_aware,200,3.261125,0.0,0.0,0.0,1.155965,3.261125,0.067243,1.0,36.323791,34,0.09
top3_choice,spread,13,range_aware,200,8.438933,0.0,0.0,0.0,3.059409,8.438933,0.0,1.0,36.313845,3,0.345
top3_choice,spread,14,nearest,200,27.696693,26.461077,132.814211,0.42,0.398375,1.235617,29.408542,1.0,29.19504,115,0.025
top3_choice,spread,14,dijkstra,200,28.313631,26.770173,141.985379,0.4,0.511938,1.543458,30.404883,1.0,28.813879,123,0.025
top3_choice,spread,14,cost_optimized,200,5.498434,1.729934,5.543113,0.065,1.321628,3.7685,0.681399,1.0,28.068165,19,0.105
top3_choice,spread,14,static_queue,200,3.160714,0.140631,0.0,0.01,1.031794,3.020083,0.052316,1.0,27.998631,36,0.06
top3_choice,spread,14,queue_aware,200,3.142098,0.073173,0.0,0.005,1.071558,3.068925,0.062788,1.0,27.997019,34,0.08
top3_choice,spread,14,range_aware,200,8.254367,0.0,0.0,0.0,2.968822,8.254367,0.0,1.0,27.996355,3,0.385
top3_choice,spread,15,nearest,200,30.920506,29.460922,140.251496,0.42,0.46458,1.459583,30.536932,1.0,29.907411,121,0.035
top3_choice,spread,15,dijkstra,200,29.351442,27.666183,150.04271,0.405,0.542785,1.685258,30.948714,1.0,29.982745,128,0.035
top3_choice,spread,15,cost_optimized,200,6.463904,2.599229,22.010228,0.085,1.338607,3.864675,0.708147,1.0,28.997764,19,0.12
top3_choice,spread,15,static_queue,200,3.104392,0.0,0.0,0.0,1.055858,3.104392,0.055042,1.0,28.941828,34,0.085
top3_choice,spread,15,queue_aware,200,3.1916,0.0,0.0,0.0,1.097438,3.1916,0.053036,1.0,28.942787,33,0.09
top3_choice,spread,15,range_aware,200,8.494275,0.0,0.0,0.0,3.051942,8.494275,0.0,1.0,28.941828,3,0.375
top3_choice,spread,16,nearest,200,29.630415,28.28944,147.828479,0.4,0.441082,1.340975,29.418343,1.0,29.327752,119,0.03
top3_choice,spread,16,dijkstra,200,37.157434,35.615543,170.625162,0.405,0.50859,1.541892,30.069837,1.0,29.200237,122,0.03
top3_choice,spread,16,cost_optimized,200,4.892943,1.014693,0.300802,0.055,1.338098,3.87825,0.50403,1.0,27.976815,18,0.135
top3_choice,spread,16,static_queue,200,3.404115,0.215098,0.0,0.01,1.104763,3.189017,0.048077,1.0,27.967745,35,0.07
top3_choice,spread,16,queue_aware,200,3.167697,0.064855,0.0,0.015,1.078684,3.102842,0.064721,1.0,27.966057,36,0.065
top3_choice,spread,16,range_aware,200,8.599025,0.0,0.0,0.0,3.110903,8.599025,0.0,1.0,27.960329,3,0.37
top3_choice,spread,17,nearest,200,41.802947,40.492622,220.172324,0.44,0.407718,1.310325,30.630734,1.0,34.995858,121,0.035
top3_choice,spread,17,dijkstra,200,41.436283,39.790424,192.069534,0.455,0.52463,1.645858,30.993355,1.0,34.723876,121,0.025
top3_choice,spread,17,cost_optimized,200,10.099014,6.148922,45.437224,0.105,1.36197,3.950092,0.639966,1.0,33.521551,19,0.11
top3_choice,spread,17,static_queue,200,3.475403,0.291503,0.0,0.025,1.095341,3.1839,0.046472,1.0,33.396838,35,0.095
top3_choice,spread,17,queue_aware,200,3.260214,0.065914,0.0,0.01,1.090473,3.1943,0.051625,1.0,33.395299,33,0.07
top3_choice,spread,17,range_aware,200,8.361,0.0,0.0,0.0,3.007921,8.361,0.0,1.0,33.393631,3,0.375
top3_choice,spread,18,nearest,200,35.07878,33.749555,139.936829,0.45,0.447683,1.329225,31.392245,1.0,31.593329,123,0.035
top3_choice,spread,18,dijkstra,200,43.156287,41.58647,189.325323,0.47,0.539588,1.569817,31.830731,1.0,31.626408,118,0.045
top3_choice,spread,18,cost_optimized,200,8.196487,4.207112,40.850855,0.1,1.404889,3.989375,0.610069,1.0,30.083257,18,0.11
top3_choice,spread,18,static_queue,200,3.227164,0.029689,0.0,0.005,1.130078,3.197475,0.040512,1.0,30.02088,33,0.1
top3_choice,spread,18,queue_aware,200,3.28728,0.029689,0.0,0.005,1.152901,3.257592,0.055981,1.0,30.02088,34,0.085
top3_choice,spread,18,range_aware,200,8.653867,0.0,0.0,0.0,3.147425,8.653867,0.0,1.0,30.019481,3,0.37
top3_choice,spread,19,nearest,200,26.386239,25.063389,151.867819,0.34,0.437841,1.32285,32.320753,1.0,29.4855,123,0.03
top3_choice,spread,19,dijkstra,200,24.577042,23.03705,134.204919,0.33,0.518383,1.539992,30.267531,1.0,29.591909,122,0.03
top3_choice,spread,19,cost_optimized,200,5.218397,1.339122,6.259715,0.065,1.365346,3.879275,0.587959,1.0,28.786058,18,0.115
top3_choice,spread,19,static_queue,200,3.202535,0.102343,0.0,0.005,1.083691,3.100192,0.064944,1.0,28.748652,33,0.085
top3_choice,spread,19,queue_aware,200,3.190764,0.053106,0.0,0.005,1.098493,3.137658,0.063319,1.0,28.748976,33,0.075
top3_choice,spread,19,range_aware,200,8.755308,0.0,0.0,0.0,3.171513,8.755308,0.0,1.0,28.746853,3,0.345
top3_choice,spread,20,nearest,200,32.187302,30.788227,152.212282,0.415,0.453935,1.399075,30.468712,1.0,34.808793,124,0.04
top3_choice,spread,20,dijkstra,200,31.702071,30.002804,163.052622,0.415,0.563248,1.699267,30.416386,1.0,34.720031,108,0.035
top3_choice,spread,20,cost_optimized,200,5.04321,1.264219,0.893973,0.055,1.304582,3.778992,0.528875,1.0,33.689096,17,0.125
top3_choice,spread,20,static_queue,200,3.103358,0.0,0.0,0.0,1.072979,3.103358,0.047182,1.0,33.657606,34,0.115
top3_choice,spread,20,queue_aware,200,3.3055,0.104442,0.0,0.005,1.104923,3.201058,0.063111,1.0,33.658176,33,0.06
top3_choice,spread,20,range_aware,200,8.669633,0.0,0.0,0.0,3.131927,8.669633,0.0,1.0,33.656773,3,0.38
top3_choice,spread,21,nearest,200,31.830366,30.439333,163.042398,0.405,0.452226,1.391033,32.349844,1.0,32.972956,118,0.025
top3_choice,spread,21,dijkstra,200,31.960754,30.249913,140.989382,0.45,0.578102,1.710842,32.416186,1.0,33.180738,130,0.03
top3_choice,spread,21,cost_optimized,200,5.621592,1.609417,5.6755,0.08,1.392997,4.012175,0.59099,1.0,31.921701,16,0.16
top3_choice,spread,21,static_queue,200,3.541414,0.256705,0.0,0.025,1.148049,3.284708,0.060756,1.0,31.882087,32,0.1
top3_choice,spread,21,queue_aware,200,3.58461,0.091768,0.0,0.005,1.207044,3.492842,0.051957,1.0,31.874141,32,0.13
top3_choice,spread,21,range_aware,200,8.076208,0.0,0.0,0.0,2.911186,8.076208,0.0,1.0,31.873337,3,0.395
top3_choice,spread,22,nearest,200,23.852976,22.613735,123.17037,0.34,0.411798,1.239242,30.841863,1.0,33.374673,124,0.03
top3_choice,spread,22,dijkstra,200,37.242706,35.728181,212.628719,0.43,0.509393,1.514525,30.406703,1.0,33.711376,125,0.02
top3_choice,spread,22,cost_optimized,200,5.593474,1.717016,10.500443,0.08,1.367917,3.876458,0.777362,1.0,32.521766,18,0.1
top3_choice,spread,22,static_queue,200,3.290472,0.088605,0.0,0.01,1.133612,3.201867,0.054238,1.0,32.489148,32,0.085
top3_choice,spread,22,queue_aware,200,3.119033,0.0,0.0,0.0,1.088431,3.119033,0.052526,1.0,32.488301,33,0.09
top3_choice,spread,22,range_aware,200,8.597725,0.0,0.0,0.0,3.127608,8.597725,0.0,1.0,32.488301,3,0.365
top3_choice,spread,23,nearest,200,48.249926,46.955351,270.830308,0.475,0.445769,1.294575,31.537422,1.0,30.97992,120,0.05
top3_choice,spread,23,dijkstra,200,35.445764,33.859981,169.357687,0.395,0.549138,1.585783,31.020124,1.0,30.605285,118,0.045
top3_choice,spread,23,cost_optimized,200,4.560786,0.873852,0.0,0.045,1.288094,3.686933,0.618327,1.0,29.53701,18,0.14
top3_choice,spread,23,static_queue,200,3.032167,0.0,0.0,0.0,1.065569,3.032167,0.049248,1.0,29.501366,32,0.12
top3_choice,spread,23,queue_aware,200,3.175525,0.0,0.0,0.0,1.114871,3.175525,0.054364,1.0,29.503613,34,0.105
top3_choice,spread,23,range_aware,200,8.061933,0.0,0.0,0.0,2.93155,8.061933,0.0,1.0,29.497738,3,0.365
top3_choice,spread,24,nearest,200,39.25015,37.930133,169.039653,0.475,0.422286,1.320017,31.365705,1.0,34.451795,127,0.025
top3_choice,spread,24,dijkstra,200,38.432022,36.796439,195.436027,0.425,0.53332,1.635583,29.494388,1.0,34.836263,118,0.03
top3_choice,spread,24,cost_optimized,200,4.801852,0.934018,0.0,0.045,1.34625,3.867833,0.590989,1.0,33.417113,18,0.115
top3_choice,spread,24,static_queue,200,3.850346,0.694071,0.0,0.015,1.092552,3.156275,0.059066,1.0,33.346956,32,0.09
top3_choice,spread,24,queue_aware,200,3.285228,0.100994,0.0,0.01,1.104084,3.184233,0.059763,1.0,33.324608,32,0.095
top3_choice,spread,24,range_aware,200,8.4239,0.0,0.0,0.0,3.028399,8.4239,0.0,1.0,33.318246,4,0.37
top3_choice,spread,25,nearest,200,36.385384,35.115775,180.855654,0.445,0.416959,1.269608,29.817725,1.0,34.46057,124,0.03
top3_choice,spread,25,dijkstra,200,31.099384,29.563217,161.253087,0.435,0.505636,1.536167,29.471154,1.0,34.420579,123,0.03
top3_choice,spread,25,cost_optimized,200,5.766058,1.994849,4.608963,0.06,1.321514,3.771208,0.612305,1.0,33.468576,18,0.145
top3_choice,spread,25,static_queue,200,3.242644,0.152311,0.0,0.015,1.071055,3.090333,0.050531,1.0,33.458199,34,0.085
top3_choice,spread,25,queue_aware,200,3.226791,0.065791,0.0,0.005,1.103495,3.161,0.066975,1.0,33.457364,35,0.065
top3_choice,spread,25,range_aware,200,8.360517,0.0,0.0,0.0,3.016712,8.360517,0.0,1.0,33.455627,3,0.36
top3_choice,spread,26,nearest,200,28.568225,27.26515,135.298908,0.43,0.414342,1.303075,30.195193,1.0,33.033882,130,0.025
top3_choice,spread,26,dijkstra,200,24.998015,23.512665,117.559795,0.39,0.484194,1.48535,30.350731,1.0,33.074844,113,0.035
top3_choice,spread,26,cost_optimized,200,6.410049,2.373307,12.886354,0.07,1.404318,4.036742,0.708652,1.0,32.125667,18,0.135
top3_choice,spread,26,static_queue,200,3.186892,0.08915,0.0,0.01,1.064238,3.097742,0.055548,1.0,32.102383,31,0.095
top3_choice,spread,26,queue_aware,200,3.274292,0.029426,0.0,0.005,1.121274,3.244867,0.053713,1.0,32.10061,34,0.095
top3_choice,spread,26,range_aware,200,8.7585,0.0,0.0,0.0,3.145004,8.7585,0.0,1.0,32.100551,3,0.35
top3_choice,spread,27,nearest,200,27.745067,26.488109,144.461688,0.39,0.417396,1.256958,30.177929,1.0,35.48799,127,0.025
top3_choice,spread,27,dijkstra,200,37.758941,36.289925,176.410997,0.41,0.504193,1.469017,29.161854,1.0,35.98227,129,0.025
top3_choice,spread,27,cost_optimized,200,7.896253,4.010578,17.675353,0.095,1.368041,3.885675,0.750888,1.0,34.234437,16,0.14
top3_choice,spread,27,static_queue,200,3.422992,0.448917,0.0,0.02,1.052964,2.974075,0.061779,1.0,34.205717,33,0.11
top3_choice,spread,27,queue_aware,200,3.115485,0.104935,0.0,0.005,1.056693,3.01055,0.060283,1.0,34.198426,34,0.1
top3_choice,spread,27,range_aware,200,8.2431,0.0,0.0,0.0,2.986102,8.2431,0.0,1.0,34.198152,3,0.34
top3_choice,spread,28,nearest,200,30.864391,29.660607,151.941768,0.38,0.405119,1.203783,28.524509,1.0,37.13597,136,0.03
top3_choice,spread,28,dijkstra,200,29.176433,27.625524,145.443394,0.41,0.531052,1.550908,30.68054,1.0,37.456426,122,0.045
top3_choice,spread,28,cost_optimized,200,8.690218,4.768976,28.48147,0.12,1.36579,3.921242,0.690067,1.0,36.188337,18,0.13
top3_choice,spread,28,static_queue,200,3.144242,0.111084,0.0,0.005,1.061289,3.033158,0.035361,1.0,36.113555,33,0.125
top3_choice,spread,28,queue_aware,200,3.141767,0.0,0.0,0.0,1.093234,3.141767,0.052696,1.0,36.11309,34,0.09
top3_choice,spread,28,range_aware,200,8.454042,0.0,0.0,0.0,3.057841,8.454042,0.0,1.0,36.11309,3,0.39
top3_choice,spread,29,nearest,200,32.924873,31.614432,169.402787,0.405,0.425012,1.310442,31.31097,1.0,31.440613,118,0.025
top3_choice,spread,29,dijkstra,200,21.697808,20.168467,141.197163,0.34,0.504667,1.529342,31.110621,1.0,31.413996,116,0.03
top3_choice,spread,29,cost_optimized,200,6.032304,2.225995,20.789728,0.11,1.322437,3.806308,0.80487,1.0,30.524154,19,0.105
top3_choice,spread,29,static_queue,200,3.160667,0.0,0.0,0.0,1.099515,3.160667,0.047319,1.0,30.51789,31,0.105
top3_choice,spread,29,queue_aware,200,3.228573,0.021632,0.0,0.005,1.110707,3.206942,0.05313,1.0,30.51895,32,0.09
top3_choice,spread,29,range_aware,200,8.597025,0.0,0.0,0.0,3.091827,8.597025,0.0,1.0,30.515681,3,0.4
top3_choice,corridor,0,nearest,200,55.363576,53.964851,281.758456,0.525,0.454604,1.398725,35.16485,1.0,31.920413,76,0.05
top3_choice,corridor,0,dijkstra,200,45.017979,43.462004,189.977068,0.47,0.504335,1.555975,34.423238,1.0,31.878011,70,0.065
top3_choice,corridor,0,cost_optimized,200,5.81181,1.920468,6.956443,0.065,1.350254,3.891342,0.577047,1.0,30.566303,15,0.255
top3_choice,corridor,0,static_queue,200,3.532649,0.097316,0.0,0.015,1.199336,3.435333,0.076384,1.0,30.533938,17,0.2
top3_choice,corridor,0,queue_aware,200,3.601099,0.027757,0.0,0.01,1.234549,3.573342,0.071878,1.0,30.523644,17,0.17
top3_choice,corridor,0,range_aware,200,8.091492,0.0,0.0,0.0,2.931062,8.091492,0.0,1.0,30.522282,3,0.385
top3_choice,corridor,1,nearest,200,37.436455,36.119555,181.144326,0.46,0.44292,1.3169,33.929802,1.0,33.905204,73,0.065
top3_choice,corridor,1,dijkstra,200,33.885388,32.28288,146.388937,0.475,0.543876,1.602508,33.10445,1.0,33.738996,74,0.05
top3_choice,corridor,1,cost_optimized,200,5.032968,1.195035,0.010986,0.05,1.358457,3.837933,0.732664,1.0,32.673869,15,0.265
top3_choice,corridor,1,static_queue,200,3.361156,0.049815,0.0,0.01,1.171579,3.311342,0.067511,1.0,32.650095,17,0.19
top3_choice,corridor,1,queue_aware,200,3.600817,0.210325,0.0,0.01,1.195113,3.390492,0.076495,1.0,32.645736,19,0.175
top3_choice,corridor,1,range_aware,200,8.268742,0.0,0.0,0.0,3.017597,8.268742,0.0,1.0,32.64569,3,0.38
top3_choice,corridor,2,nearest,200,35.907621,34.423421,178.096441,0.465,0.482693,1.4842,33.284954,1.0,36.049407,74,0.075
top3_choice,corridor,2,dijkstra,200,53.609367,51.970359,204.053866,0.575,0.545067,1.639008,35.031825,1.0,36.585026,70,0.085
top3_choice,corridor,2,cost_optimized,200,5.246547,1.24658,6.351204,0.08,1.409662,3.999967,0.598764,1.0,35.201425,15,0.27
top3_choice,corridor,2,static_queue,200,3.609821,0.041671,0.0,0.01,1.245741,3.56815,0.076711,1.0,35.185916,16,0.12
top3_choice,corridor,2,queue_aware,200,3.758869,0.170552,0.0,0.01,1.242433,3.588317,0.069136,1.0,35.183607,17,0.16
top3_choice,corridor,2,range_aware,200,8.484642,0.0,0.0,0.0,3.071773,8.484642,0.0,1.0,35.175608,3,0.345
top3_choice,corridor,3,nearest,200,39.075275,37.77165,169.769268,0.51,0.433956,1.303625,34.790407,1.0,32.894042,73,0.06
top3_choice,corridor,3,dijkstra,200,42.683989,41.231839,179.092613,0.495,0.490948,1.45215,33.764952,1.0,33.179549,69,0.055
top3_choice,corridor,3,cost_optimized,200,4.637084,0.745859,0.0,0.025,1.369715,3.891225,0.465041,1.0,32.045629,14,0.245
top3_choice,corridor,3,static_queue,200,3.42895,0.1275,0.0,0.02,1.158889,3.30145,0.070243,1.0,32.04237,17,0.175
top3_choice,corridor,3,queue_aware,200,3.645514,0.121539,0.0,0.005,1.240199,3.523975,0.074745,1.0,32.047138,18,0.15
top3_choice,corridor,3,range_aware,200,8.616992,0.0,0.0,0.0,3.138385,8.616992,0.0,1.0,32.036624,4,0.345
top3_choice,corridor,4,nearest,200,41.049955,39.687555,199.97501,0.495,0.46004,1.3624,33.64485,1.0,34.022256,71,0.06
top3_choice,corridor,4,dijkstra,200,41.931844,40.361319,195.489597,0.5,0.532743,1.570525,33.711619,1.0,33.995271,68,0.055
top3_choice,corridor,4,cost_optimized,200,5.781058,1.827441,12.697289,0.07,1.381425,3.953617,0.576943,1.0,32.839411,13,0.25
top3_choice,corridor,4,static_queue,200,3.397693,0.058593,0.0,0.01,1.168431,3.3391,0.072845,1.0,32.783513,16,0.15
top3_choice,corridor,4,queue_aware,200,3.5154,0.0,0.0,0.0,1.23162,3.5154,0.067379,1.0,32.780355,18,0.145
top3_choice,corridor,4,range_aware,200,8.889483,0.0,0.0,0.0,3.228405,8.889483,0.0,1.0,32.779792,3,0.375
top3_choice,corridor,5,nearest,200,63.47267,62.126578,283.26514,0.58,0.44292,1.346092,34.20859,1.0,35.575039,72,0.05
top3_choice,corridor,5,dijkstra,200,59.83223,58.261696,295.945454,0.445,0.523811,1.570533,33.654752,1.0,34.895029,74,0.05
top3_choice,corridor,5,cost_optimized,200,8.07606,4.347493,25.434168,0.11,1.294241,3.728567,0.698768,1.0,33.467776,16,0.19
top3_choice,corridor,5,static_queue,200,3.501173,0.229548,0.0,0.02,1.138867,3.271625,0.068645,1.0,33.451699,17,0.185
top3_choice,corridor,5,queue_aware,200,3.361575,0.0,0.0,0.0,1.169641,3.361575,0.085402,1.0,33.456858,18,0.19
top3_choice,corridor,5,range_aware,200,8.025875,0.0,0.0,0.0,2.908756,8.025875,0.0,1.0,33.447816,3,0.385
top3_choice,corridor,6,nearest,200,41.451561,40.180069,220.493545,0.44,0.424826,1.271492,32.032831,1.0,32.290316,72,0.08
top3_choice,corridor,6,dijkstra,200,42.216463,40.715671,198.15321,0.485,0.518231,1.500792,33.062541,1.0,32.400764,76,0.04
top3_choice,corridor,6,cost_optimized,200,6.006605,2.23368,12.489783,0.09,1.319847,3.772925,0.725514,1.0,30.806104,13,0.205
top3_choice,corridor,6,static_queue,200,5.488941,2.24815,0.703967,0.055,1.141525,3.240792,0.083364,1.0,30.780256,17,0.155
top3_choice,corridor,6,queue_aware,200,3.517489,0.338297,0.0,0.015,1.120409,3.179192,0.065769,1.0,30.77807,19,0.18
top3_choice,corridor,6,range_aware,200,8.383983,0.0,0.0,0.0,3.050672,8.383983,0.0,1.0,30.766667,3,0.335
top3_choice,corridor,7,nearest,200,42.031191,40.6553,177.003211,0.44,0.461732,1.375892,32.474045,1.0,33.257741,75,0.06
top3_choice,corridor,7,dijkstra,200,43.502863,41.930505,176.52628,0.525,0.528641,1.572358,33.043946,1.0,33.323696,72,0.055
top3_choice,corridor,7,cost_optimized,200,10.840898,7.044123,78.658033,0.12,1.318333,3.796775,0.592392,1.0,31.902975,16,0.255
top3_choice,corridor,7,static_queue,200,3.82091,0.39351,0.0,0.02,1.191795,3.4274,0.065109,1.0,31.761907,16,0.155
top3_choice,corridor,7,queue_aware,200,3.609194,0.149511,0.0,0.01,1.221859,3.459683,0.067012,1.0,31.756151,17,0.195
top3_choice,corridor,7,range_aware,200,8.92445,0.0,0.0,0.0,3.23996,8.92445,0.0,1.0,31.755733,3,0.385
top3_choice,corridor,8,nearest,200,48.151493,46.814718,194.632716,0.55,0.452761,1.336775,35.151517,1.0,32.651308,75,0.055
top3_choice,corridor,8,dijkstra,200,54.904646,53.40023,254.50232,0.51,0.509976,1.504417,35.592729,1.0,33.151398,67,0.055
top3_choice,corridor,8,cost_optimized,200,5.45229,1.700307,1.742355,0.055,1.319736,3.751983,0.71085,1.0,31.28144,15,0.305
top3_choice,corridor,8,static_queue,200,3.792409,0.393501,0.0,0.025,1.195439,3.398908,0.063256,1.0,31.233058,16,0.19
top3_choice,corridor,8,queue_aware,200,3.975826,0.437209,0.0,0.025,1.242006,3.538617,0.068724,1.0,31.249809,17,0.19
top3_choice,corridor,8,range_aware,200,8.384225,0.0,0.0,0.0,3.04179,8.384225,0.0,1.0,31.23054,3,0.375
top3_choice,corridor,9,nearest,200,44.412493,43.055793,191.496519,0.485,0.450076,1.3567,33.380608,1.0,29.885222,75,0.06
top3_choice,corridor,9,dijkstra,200,55.185625,53.638267,227.799707,0.495,0.517775,1.547358,32.296068,1.0,29.886821,74,0.06
top3_choice,corridor,9,cost_optimized,200,6.638268,2.754368,13.364378,0.095,1.354073,3.8839,0.53532,1.0,28.484367,16,0.26
top3_choice,corridor,9,static_queue,200,3.35057,0.070012,0.0,0.005,1.144963,3.280558,0.071433,1.0,28.453636,16,0.205
top3_choice,corridor,9,queue_aware,200,3.443897,0.070756,0.0,0.01,1.18687,3.373142,0.071877,1.0,28.458376,18,0.21
top3_choice,corridor,9,range_aware,200,8.753283,0.0,0.0,0.0,3.178744,8.753283,0.0,1.0,28.448504,3,0.355
top3_choice,corridor,10,nearest,200,47.663319,46.387261,202.146416,0.475,0.427941,1.276058,33.358789,1.0,31.624756,69,0.07
top3_choice,corridor,10,dijkstra,200,50.452019,48.93401,211.24596,0.51,0.50959,1.518008,32.742232,1.0,31.445978,67,0.055
top3_choice,corridor,10,cost_optimized,200,7.028293,3.389126,36.885806,0.09,1.278824,3.639167,0.669474,1.0,30.349952,16,0.225
top3_choice,corridor,10,static_queue,200,3.440153,0.416895,0.0,0.04,1.062596,3.023258,0.068514,1.0,30.195297,16,0.16
top3_choice,corridor,10,queue_aware,200,3.446755,0.11833,0.0,0.015,1.172161,3.328425,0.070475,1.0,30.202139,19,0.18
top3_choice,corridor,10,range_aware,200,8.454617,0.0,0.0,0.0,3.061108,8.454617,0.0,1.0,30.189217,3,0.355
top3_choice,corridor,11,nearest,200,43.969689,42.664898,183.903011,0.505,0.431336,1.304792,33.0497,1.0,30.820969,69,0.06
top3_choice,corridor,11,dijkstra,200,38.61135,37.1131,183.640633,0.53,0.499304,1.49825,33.239201,1.0,30.732679,71,0.045
top3_choice,corridor,11,cost_optimized,200,5.470109,1.626242,0.0,0.04,1.349437,3.843867,0.564614,1.0,29.690864,15,0.23
top3_choice,corridor,11,static_queue,200,3.674213,0.393371,0.751242,0.055,1.152307,3.280842,0.078108,1.0,29.660124,17,0.175
top3_choice,corridor,11,queue_aware,200,3.799541,0.435666,0.0,0.01,1.182216,3.363875,0.068415,1.0,29.659119,18,0.19
top3_choice,corridor,11,range_aware,200,8.321658,0.0,0.0,0.0,3.023937,8.321658,0.0,1.0,29.642575,3,0.385
top3_choice,corridor,12,nearest,200,58.355857,57.074415,265.301763,0.575,0.430474,1.281442,33.780711,1.0,35.768138,72,0.05
top3_choice,corridor,12,dijkstra,200,48.376483,46.910417,195.68505,0.515,0.493385,1.466067,32.282838,1.0,35.526191,69,0.04
top3_choice,corridor,12,cost_optimized,200,6.842222,2.892281,22.53745,0.105,1.375789,3.949942,0.691885,1.0,33.796266,16,0.215
top3_choice,corridor,12,static_queue,200,3.752173,0.498856,0.0,0.025,1.130295,3.253317,0.076403,1.0,33.788247,17,0.15
top3_choice,corridor,12,queue_aware,200,3.43278,0.17008,0.0,0.02,1.146289,3.2627,0.075386,1.0,33.793539,15,0.19
top3_choice,corridor,12,range_aware,200,8.797533,0.0,0.0,0.0,3.2106,8.797533,0.0,1.0,33.776231,3,0.35
top3_choice,corridor,13,nearest,200,48.204002,46.883327,186.572937,0.535,0.450613,1.320675,36.699394,1.0,32.723531,70,0.06
top3_choice,corridor,13,dijkstra,200,51.781713,50.311621,234.364531,0.565,0.495565,1.470092,34.81991,1.0,32.741606,67,0.065
top3_choice,corridor,13,cost_optimized,200,14.484934,10.66605,77.888519,0.195,1.341988,3.818883,0.812994,1.0,31.325409,14,0.22
top3_choice,corridor,13,static_queue,200,3.82208,0.48193,0.0,0.025,1.184764,3.34015,0.075168,1.0,31.224067,16,0.16
top3_choice,corridor,13,queue_aware,200,3.711827,0.193794,0.0,0.01,1.238883,3.518033,0.072053,1.0,31.215045,17,0.175
top3_choice,corridor,13,range_aware,200,8.028258,0.0,0.0,0.0,2.931085,8.028258,0.0,1.0,31.213896,3,0.425
top3_choice,corridor,14,nearest,200,60.008792,58.684317,284.055396,0.515,0.440088,1.324475,34.928486,1.0,35.709228,75,0.045
top3_choice,corridor,14,dijkstra,200,56.544241,55.070199,224.59339,0.57,0.493351,1.474042,33.838893,1.0,35.605508,68,0.04
top3_choice,corridor,14,cost_optimized,200,5.101628,1.226212,0.937783,0.055,1.351867,3.875417,0.547854,1.0,34.143796,16,0.265
top3_choice,corridor,14,static_queue,200,3.629875,0.33615,0.0,0.015,1.152734,3.293725,0.064774,1.0,34.121655,17,0.155
top3_choice,corridor,14,queue_aware,200,3.358375,0.0,0.0,0.0,1.177806,3.358375,0.06851,1.0,34.119542,18,0.145
top3_choice,corridor,14,range_aware,200,8.959867,0.0,0.0,0.0,3.261305,8.959867,0.0,1.0,34.118471,3,0.36
top3_choice,corridor,15,nearest,200,45.753484,44.318718,216.535076,0.505,0.462908,1.434767,33.432727,1.0,36.611049,74,0.06
top3_choice,corridor,15,dijkstra,200,56.440605,54.801471,252.92331,0.51,0.544867,1.639133,33.281418,1.0,36.863484,69,0.05
top3_choice,corridor,15,cost_optimized,200,8.894093,4.946401,35.166504,0.125,1.359839,3.947692,0.686028,1.0,35.265617,14,0.19
top3_choice,corridor,15,static_queue,200,3.405694,0.167136,0.0,0.015,1.127937,3.238558,0.074476,1.0,35.178828,16,0.205
top3_choice,corridor,15,queue_aware,200,3.585537,0.08942,0.0,0.015,1.217315,3.496117,0.08346,1.0,35.175848,19,0.18
top3_choice,corridor,15,range_aware,200,8.662817,0.0,0.0,0.0,3.142304,8.662817,0.0,1.0,35.174863,3,0.345
top3_choice,corridor,16,nearest,200,51.729641,50.384433,235.278558,0.5,0.440013,1.345208,33.511619,1.0,32.928328,80,0.05
top3_choice,corridor,16,dijkstra,200,40.382818,38.811243,195.89829,0.455,0.523834,1.571575,33.816068,1.0,32.85533,73,0.04
top3_choice,corridor,16,cost_optimized,200,5.137388,1.246822,0.301649,0.055,1.345817,3.890567,0.586535,1.0,31.670796,16,0.23
top3_choice,corridor,16,static_queue,200,3.377158,0.0,0.0,0.0,1.166589,3.377158,0.061452,1.0,31.647192,17,0.205
top3_choice,corridor,16,queue_aware,200,3.555284,0.0345,0.0,0.005,1.23261,3.520783,0.066413,1.0,31.645763,18,0.215
top3_choice,corridor,16,range_aware,200,8.611942,0.0,0.0,0.0,3.118233,8.611942,0.0,1.0,31.644996,3,0.37
top3_choice,corridor,17,nearest,200,33.124912,31.923979,147.385811,0.505,0.402853,1.200933,34.183032,1.0,32.789937,74,0.055
top3_choice,corridor,17,dijkstra,200,40.877676,39.508259,178.303539,0.465,0.460514,1.369417,33.277783,1.0,33.262676,77,0.045
top3_choice,corridor,17,cost_optimized,200,8.360935,4.67291,33.515764,0.14,1.298526,3.688025,0.811883,1.0,31.70297,15,0.195
top3_choice,corridor,17,static_queue,200,4.728871,1.630163,8.365216,0.08,1.081666,3.098708,0.071741,1.0,31.642677,17,0.195
top3_choice,corridor,17,queue_aware,200,3.755356,0.351331,0.0,0.01,1.194175,3.404025,0.0573,1.0,31.619258,19,0.155
top3_choice,corridor,17,range_aware,200,8.696308,0.0,0.0,0.0,3.161282,8.696308,0.0,1.0,31.597645,3,0.365
top3_choice,corridor,18,nearest,200,40.097316,38.873,163.792036,0.465,0.412552,1.224317,33.233941,1.0,35.884608,75,0.045
top3_choice,corridor,18,dijkstra,200,45.673241,44.229491,193.521009,0.445,0.485102,1.44375,30.724256,1.0,35.660713,71,0.045
top3_choice,corridor,18,cost_optimized,200,8.357088,4.613405,43.222856,0.125,1.309068,3.743683,0.847809,1.0,34.682045,14,0.205
top3_choice,corridor,18,static_queue,200,3.397366,0.353166,0.0,0.02,1.06495,3.0442,0.077,1.0,34.642488,16,0.175
top3_choice,corridor,18,queue_aware,200,3.684503,0.498753,0.0,0.015,1.122871,3.18575,0.071317,1.0,34.636778,18,0.16
top3_choice,corridor,18,range_aware,200,8.515258,0.0,0.0,0.0,3.097964,8.515258,0.0,1.0,34.625995,3,0.35
top3_choice,corridor,19,nearest,200,51.403762,50.071846,214.143475,0.475,0.441102,1.331917,32.63536,1.0,35.113966,74,0.055
top3_choice,corridor,19,dijkstra,200,47.399522,45.85718,184.212357,0.51,0.518412,1.542342,33.662129,1.0,34.335514,78,0.045
top3_choice,corridor,19,cost_optimized,200,5.344,1.440883,0.0,0.045,1.369384,3.903117,0.601906,1.0,32.700335,16,0.23
top3_choice,corridor,19,static_queue,200,3.764326,0.493601,0.0,0.025,1.141779,3.270725,0.075375,1.0,32.672107,17,0.175
top3_choice,corridor,19,queue_aware,200,3.4307,0.0,0.0,0.0,1.189295,3.4307,0.072353,1.0,32.663346,19,0.17
top3_choice,corridor,19,range_aware,200,8.578792,0.0,0.0,0.0,3.124215,8.578792,0.0,1.0,32.663346,3,0.355
top3_choice,corridor,20,nearest,200,44.708962,43.436562,206.637577,0.43,0.415683,1.2724,33.62071,1.0,31.871917,76,0.055
top3_choice,corridor,20,dijkstra,200,42.632333,41.128475,199.161504,0.46,0.50069,1.503858,33.664347,1.0,31.862805,68,0.05
top3_choice,corridor,20,cost_optimized,200,6.594409,2.845584,13.919755,0.085,1.309011,3.748825,0.76095,1.0,30.459717,15,0.215
top3_choice,corridor,20,static_queue,200,3.541869,0.412594,0.0,0.02,1.097113,3.129275,0.076771,1.0,30.404356,16,0.205
top3_choice,corridor,20,queue_aware,200,3.476389,0.114489,0.0,0.005,1.175222,3.3619,0.064319,1.0,30.397324,20,0.205
top3_choice,corridor,20,range_aware,200,8.239092,0.0,0.0,0.0,2.991638,8.239092,0.0,1.0,30.394518,3,0.35
top3_choice,corridor,21,nearest,200,36.969679,35.625145,180.450267,0.4,0.455279,1.344533,33.35768,1.0,35.748879,67,0.06
top3_choice,corridor,21,dijkstra,200,35.966251,34.364001,170.457365,0.42,0.546582,1.60225,33.018698,1.0,35.476812,70,0.055
top3_choice,corridor,21,cost_optimized,200,4.92981,0.972168,3.41526,0.06,1.390738,3.957642,0.774697,1.0,34.340187,15,0.22
top3_choice,corridor,21,static_queue,200,4.203359,0.877368,0.0,0.045,1.169598,3.325992,0.075889,1.0,34.342713,16,0.155
top3_choice,corridor,21,queue_aware,200,3.593428,0.205028,0.0,0.01,1.192498,3.3884,0.059478,1.0,34.323391,17,0.185
top3_choice,corridor,21,range_aware,200,8.69425,0.0,0.0,0.0,3.157559,8.69425,0.0,1.0,34.322401,3,0.38
top3_choice,corridor,22,nearest,200,34.582864,33.235481,163.987334,0.445,0.449194,1.347383,33.409802,1.0,30.784758,77,0.06
top3_choice,corridor,22,dijkstra,200,35.453113,33.959004,153.551229,0.46,0.499008,1.494108,33.490007,1.0,30.89309,66,0.05
top3_choice,corridor,22,cost_optimized,200,5.080659,1.154867,0.0,0.035,1.389114,3.925792,0.658128,1.0,30.041892,15,0.235
top3_choice,corridor,22,static_queue,200,3.214114,0.040347,0.0,0.005,1.116645,3.173767,0.070011,1.0,30.028682,15,0.175
top3_choice,corridor,22,queue_aware,200,3.329658,0.0,0.0,0.0,1.169864,3.329658,0.067876,1.0,30.029773,20,0.165
top3_choice,corridor,22,range_aware,200,8.223492,0.0,0.0,0.0,2.982406,8.223492,0.0,1.0,30.025729,3,0.355
top3_choice,corridor,23,nearest,200,52.390014,51.021456,235.993474,0.5,0.468778,1.368558,33.819395,1.0,31.717091,71,0.075
top3_choice,corridor,23,dijkstra,200,40.223685,38.650777,154.925097,0.485,0.53382,1.572908,33.056068,1.0,31.899718,73,0.065
top3_choice,corridor,23,cost_optimized,200,5.623964,1.714239,8.621782,0.07,1.373951,3.909725,0.641181,1.0,30.433609,15,0.205
top3_choice,corridor,23,static_queue,200,3.192676,0.021993,0.0,0.005,1.123443,3.170683,0.078495,1.0,30.41968,16,0.165
top3_choice,corridor,23,queue_aware,200,3.657141,0.242657,0.0,0.02,1.196937,3.414483,0.068219,1.0,30.407655,17,0.185
top3_choice,corridor,23,range_aware,200,8.226925,0.0,0.0,0.0,3.000738,8.226925,0.0,1.0,30.405617,3,0.35
top3_choice,corridor,24,nearest,200,51.846158,50.468325,243.22382,0.51,0.450468,1.377833,34.780608,1.0,34.127134,76,0.07
top3_choice,corridor,24,dijkstra,200,40.910522,39.321463,172.354591,0.445,0.5309,1.589058,35.097073,1.0,33.798177,67,0.055
top3_choice,corridor,24,cost_optimized,200,5.487365,1.433448,6.623151,0.075,1.411246,4.053917,0.5218,1.0,32.673442,15,0.21
top3_choice,corridor,24,static_queue,200,3.654795,0.280245,0.0,0.035,1.171361,3.37455,0.06831,1.0,32.661666,17,0.185
top3_choice,corridor,24,queue_aware,200,3.696789,0.065698,0.0,0.005,1.257074,3.631092,0.059331,1.0,32.65971,19,0.19
top3_choice,corridor,24,range_aware,200,8.36205,0.0,0.0,0.0,3.037705,8.36205,0.0,1.0,32.657641,3,0.38
top3_choice,corridor,25,nearest,200,80.413828,79.218011,316.037111,0.565,0.398474,1.195817,33.960002,1.0,31.609937,74,0.04
top3_choice,corridor,25,dijkstra,200,47.742591,46.441083,205.19614,0.515,0.432659,1.301508,33.252329,1.0,31.234893,69,0.04
top3_choice,corridor,25,cost_optimized,200,9.136055,5.419863,53.14916,0.145,1.311409,3.716192,0.853506,1.0,30.082824,15,0.185
top3_choice,corridor,25,static_queue,200,3.078509,0.041434,0.0,0.005,1.065702,3.037075,0.073957,1.0,30.012229,17,0.17
top3_choice,corridor,25,queue_aware,200,3.479977,0.077077,0.0,0.01,1.19692,3.4029,0.067061,1.0,30.010126,17,0.14
top3_choice,corridor,25,range_aware,200,8.390292,0.0,0.0,0.0,3.050345,8.390292,0.0,1.0,30.010126,3,0.385
top3_choice,corridor,26,nearest,200,40.565744,39.256736,194.635381,0.43,0.436589,1.309008,35.140813,1.0,32.704656,75,0.05
top3_choice,corridor,26,dijkstra,200,40.898996,39.471746,190.389972,0.5,0.479821,1.42725,35.604049,1.0,32.405819,70,0.045
top3_choice,corridor,26,cost_optimized,200,6.853786,3.133744,25.406714,0.085,1.32008,3.720042,0.66633,1.0,31.018634,16,0.245
top3_choice,corridor,26,static_queue,200,4.692719,1.455127,0.0,0.04,1.134121,3.237592,0.072977,1.0,30.913254,17,0.175
top3_choice,corridor,26,queue_aware,200,3.37033,0.005896,0.0,0.005,1.193646,3.364433,0.065398,1.0,30.913705,18,0.195
top3_choice,corridor,26,range_aware,200,8.555567,0.0,0.0,0.0,3.106618,8.555567,0.0,1.0,30.913254,3,0.36
top3_choice,corridor,27,nearest,200,35.501712,34.203053,145.835039,0.43,0.449451,1.298658,32.149092,1.0,31.098255,68,0.055
top3_choice,corridor,27,dijkstra,200,41.938478,40.458953,189.388644,0.415,0.507431,1.479525,33.116674,1.0,31.292504,75,0.055
top3_choice,corridor,27,cost_optimized,200,9.105586,5.264511,31.981716,0.11,1.355605,3.841075,0.672903,1.0,29.617274,13,0.21
top3_choice,corridor,27,static_queue,200,4.381131,1.060831,0.0,0.045,1.166051,3.3203,0.075582,1.0,29.612798,17,0.175
top3_choice,corridor,27,queue_aware,200,3.695465,0.314557,0.0,0.005,1.19386,3.380908,0.075262,1.0,29.602202,19,0.15
top3_choice,corridor,27,range_aware,200,8.094858,0.0,0.0,0.0,2.958994,8.094858,0.0,1.0,29.594985,3,0.375
top3_choice,corridor,28,nearest,200,63.07523,61.745563,234.401212,0.58,0.43258,1.329667,34.009699,1.0,33.785675,74,0.065
top3_choice,corridor,28,dijkstra,200,46.433098,44.957806,210.358239,0.485,0.486452,1.475292,33.03799,1.0,33.286412,69,0.04
top3_choice,corridor,28,cost_optimized,200,5.675757,1.762623,8.332134,0.075,1.352813,3.913133,0.700292,1.0,32.052812,16,0.21
top3_choice,corridor,28,static_queue,200,4.951543,1.608693,8.013707,0.07,1.160286,3.34285,0.067019,1.0,32.036664,16,0.175
top3_choice,corridor,28,queue_aware,200,3.69537,0.288745,0.0,0.025,1.190123,3.406625,0.080038,1.0,32.015936,17,0.2
top3_choice,corridor,28,range_aware,200,8.569675,0.0,0.0,0.0,3.090751,8.569675,0.0,1.0,32.01239,3,0.365
top3_choice,corridor,29,nearest,200,42.71662,41.407511,185.925482,0.495,0.439131,1.309108,34.009801,1.0,34.991354,73,0.06
top3_choice,corridor,29,dijkstra,200,61.364876,59.881326,342.641264,0.48,0.50613,1.48355,34.998788,1.0,35.518735,68,0.065
top3_choice,corridor,29,cost_optimized,200,9.964998,6.119914,52.819906,0.125,1.34715,3.845083,0.68441,1.0,33.837548,16,0.255
top3_choice,corridor,29,static_queue,200,3.267017,0.072709,0.0,0.01,1.123294,3.194308,0.061244,1.0,33.692504,16,0.19
top3_choice,corridor,29,queue_aware,200,3.334783,0.0,0.0,0.0,1.178542,3.334783,0.076504,1.0,33.685239,17,0.165
top3_choice,corridor,29,range_aware,200,8.730667,0.0,0.0,0.0,3.166726,8.730667,0.0,1.0,33.681903,3,0.385
top3_choice,hotspot,0,nearest,200,272.172226,270.449068,847.595361,0.765,0.57852,1.723158,38.32,1.0,34.133869,21,0.195
top3_choice,hotspot,0,dijkstra,200,346.519479,344.529245,1444.100764,0.815,0.663496,1.990233,39.253333,1.0,34.728527,21,0.285
top3_choice,hotspot,0,cost_optimized,200,7.782328,3.658036,31.263842,0.125,1.361691,4.124292,0.517424,1.0,30.981285,7,0.315
top3_choice,hotspot,0,static_queue,200,5.016753,1.008953,5.350461,0.07,1.332747,4.0078,0.058808,1.0,30.951774,8,0.325
top3_choice,hotspot,0,queue_aware,200,4.504191,0.331791,0.0,0.025,1.429587,4.1724,0.096548,1.0,30.953119,10,0.28
top3_choice,hotspot,0,range_aware,200,9.253833,0.0,0.0,0.0,3.389966,9.253833,0.0,1.0,30.939992,3,0.345
top3_choice,hotspot,1,nearest,200,201.147062,199.527903,811.41229,0.785,0.551308,1.619158,37.73354,1.0,37.907609,25,0.17
top3_choice,hotspot,1,dijkstra,200,242.247365,240.313956,1065.197791,0.795,0.657694,1.933408,38.88,1.0,39.032724,22,0.185
top3_choice,hotspot,1,cost_optimized,200,11.054213,7.081163,60.236655,0.175,1.321616,3.97305,0.677623,1.0,34.745211,7,0.28
top3_choice,hotspot,1,static_queue,200,4.261664,0.322464,1.764396,0.065,1.322962,3.9392,0.069813,1.0,34.647637,8,0.275
top3_choice,hotspot,1,queue_aware,200,4.293677,0.078594,0.0,0.015,1.460984,4.215083,0.085434,1.0,34.644467,10,0.255
top3_choice,hotspot,1,range_aware,200,9.1575,0.0,0.0,0.0,3.368478,9.1575,0.0,1.0,34.642893,3,0.36
top3_choice,hotspot,2,nearest,200,240.821354,239.134812,972.50571,0.765,0.568122,1.686542,38.30677,1.0,34.487874,21,0.23
top3_choice,hotspot,2,dijkstra,200,244.654127,242.558169,1080.95021,0.81,0.696817,2.095958,39.813333,1.0,34.503503,20,0.205
top3_choice,hotspot,2,cost_optimized,200,5.848755,1.82008,13.191181,0.16,1.340954,4.028675,0.557217,1.0,30.664375,7,0.285
top3_choice,hotspot,2,static_queue,200,6.658028,2.650753,13.850746,0.095,1.334108,4.007275,0.059216,1.0,30.663465,8,0.315
top3_choice,hotspot,2,queue_aware,200,4.487096,0.304105,0.0,0.01,1.443958,4.182992,0.099875,1.0,30.642918,10,0.26
top3_choice,hotspot,2,range_aware,200,8.738917,0.0,0.0,0.0,3.212283,8.738917,0.0,1.0,30.636064,3,0.38
top3_choice,hotspot,3,nearest,200,273.265204,271.573679,1035.756515,0.81,0.575661,1.691525,38.32,1.0,35.319614,23,0.185
top3_choice,hotspot,3,dijkstra,200,284.011434,281.986318,1215.807869,0.79,0.676549,2.025117,37.386667,1.0,35.537447,23,0.2
top3_choice,hotspot,3,cost_optimized,200,14.336297,10.317664,68.687318,0.23,1.342133,4.018633,0.543987,1.0,31.039347,7,0.285
top3_choice,hotspot,3,static_queue,200,5.002771,1.150696,5.785485,0.065,1.295178,3.852075,0.0701,1.0,30.91135,8,0.285
top3_choice,hotspot,3,queue_aware,200,4.271415,0.135931,0.0,0.025,1.42528,4.135483,0.085122,1.0,30.906521,10,0.3
top3_choice,hotspot,3,range_aware,200,9.087925,0.0,0.0,0.0,3.342968,9.087925,0.0,1.0,30.90489,3,0.37
top3_choice,hotspot,4,nearest,200,132.90864,131.228265,541.42656,0.745,0.57042,1.680375,38.32,1.0,34.783919,22,0.175
top3_choice,hotspot,4,dijkstra,200,178.805413,176.887455,740.991021,0.78,0.645943,1.917958,39.253333,1.0,35.069962,22,0.205
top3_choice,hotspot,4,cost_optimized,200,14.51621,10.517018,76.142805,0.215,1.334674,3.999192,0.623266,1.0,32.586142,7,0.29
top3_choice,hotspot,4,static_queue,200,5.038458,1.097483,7.432488,0.075,1.316862,3.940975,0.057591,1.0,32.445755,8,0.285
top3_choice,hotspot,4,queue_aware,200,4.604532,0.395007,0.0,0.015,1.450002,4.209525,0.090686,1.0,32.428101,10,0.255
top3_choice,hotspot,4,range_aware,200,9.306208,0.0,0.0,0.0,3.411743,9.306208,0.0,1.0,32.423812,3,0.355
top3_choice,hotspot,5,nearest,200,100.818693,99.117843,383.362196,0.76,0.586215,1.70085,39.066667,1.0,31.260764,23,0.16
top3_choice,hotspot,5,dijkstra,200,184.952563,183.122238,941.030501,0.75,0.622609,1.830325,39.44,1.0,32.306159,24,0.27
top3_choice,hotspot,5,cost_optimized,200,7.507169,3.379544,19.567027,0.145,1.369817,4.127625,0.505425,1.0,29.506649,7,0.33
top3_choice,hotspot,5,static_queue,200,4.55504,0.595782,0.0,0.04,1.33033,3.959258,0.064966,1.0,29.441812,9,0.27
top3_choice,hotspot,5,queue_aware,200,4.296044,0.032185,0.0,0.005,1.466435,4.263858,0.100859,1.0,29.434294,10,0.235
top3_choice,hotspot,5,range_aware,200,8.967967,0.0,0.0,0.0,3.301423,8.967967,0.0,1.0,29.433719,3,0.345
top3_choice,hotspot,6,nearest,200,180.553659,178.938534,674.107368,0.68,0.564594,1.615125,38.106873,1.0,34.831012,25,0.17
top3_choice,hotspot,6,dijkstra,200,252.73544,250.94204,948.596294,0.855,0.623363,1.7934,39.626667,1.0,34.999049,22,0.185
top3_choice,hotspot,6,cost_optimized,200,10.411519,6.46786,55.012971,0.165,1.318532,3.943658,0.584191,1.0,30.907924,7,0.28
top3_choice,hotspot,6,static_queue,200,5.667767,1.751926,16.075013,0.11,1.316119,3.915842,0.065582,1.0,30.823101,9,0.265
top3_choice,hotspot,6,queue_aware,200,4.221523,0.12709,0.0,0.02,1.42514,4.094433,0.087661,1.0,30.804851,11,0.265
top3_choice,hotspot,6,range_aware,200,9.058567,0.0,0.0,0.0,3.343284,9.058567,0.0,1.0,30.799188,3,0.345
top3_choice,hotspot,7,nearest,200,156.444195,154.80262,539.374262,0.745,0.564493,1.641575,38.30677,1.0,33.31027,25,0.125
top3_choice,hotspot,7,dijkstra,200,220.955439,219.074822,866.210823,0.755,0.631453,1.880617,38.506667,1.0,32.854667,21,0.205
top3_choice,hotspot,7,cost_optimized,200,6.001908,1.998225,18.588738,0.1,1.334347,4.003683,0.6246,1.0,30.562889,7,0.295
top3_choice,hotspot,7,static_queue,200,5.439988,1.46193,1.058514,0.06,1.33735,3.978058,0.059236,1.0,30.542832,9,0.295
top3_choice,hotspot,7,queue_aware,200,4.107025,0.0,0.0,0.0,1.421123,4.107025,0.084642,1.0,30.538698,10,0.235
top3_choice,hotspot,7,range_aware,200,8.984517,0.0,0.0,0.0,3.310175,8.984517,0.0,1.0,30.53336,3,0.375
top3_choice,hotspot,8,nearest,200,213.175694,211.497161,1107.479603,0.815,0.570233,1.678533,38.86677,1.0,35.664825,23,0.16
top3_choice,hotspot,8,dijkstra,200,235.015767,233.162033,692.089732,0.84,0.622294,1.853733,39.253333,1.0,36.12655,22,0.195
top3_choice,hotspot,8,cost_optimized,200,9.662008,5.776533,40.338308,0.225,1.279408,3.885475,0.583986,1.0,32.864663,6,0.29
top3_choice,hotspot,8,static_queue,200,5.632777,1.76086,12.670022,0.105,1.293427,3.871917,0.074867,1.0,32.805018,8,0.27
top3_choice,hotspot,8,queue_aware,200,4.217082,0.081582,0.0,0.005,1.424924,4.1355,0.09715,1.0,32.796406,10,0.25
top3_choice,hotspot,8,range_aware,200,9.340308,0.0,0.0,0.0,3.431008,9.340308,0.0,1.0,32.795021,3,0.37
top3_choice,hotspot,9,nearest,200,322.925435,321.329269,1274.065632,0.77,0.545907,1.596167,39.253333,1.0,37.35653,22,0.23
top3_choice,hotspot,9,dijkstra,200,344.557678,342.61322,1581.077339,0.78,0.663893,1.944458,39.066667,1.0,37.553539,20,0.25
top3_choice,hotspot,9,cost_optimized,200,10.929615,6.916957,46.543736,0.16,1.323465,4.012658,0.62501,1.0,34.379628,7,0.315
top3_choice,hotspot,9,static_queue,200,4.592821,0.627663,0.20318,0.055,1.325897,3.965158,0.061227,1.0,34.357937,9,0.29
top3_choice,hotspot,9,queue_aware,200,4.194974,0.096074,0.0,0.005,1.425,4.0989,0.085239,1.0,34.351541,11,0.27
top3_choice,hotspot,9,range_aware,200,9.037075,0.0,0.0,0.0,3.330065,9.037075,0.0,1.0,34.351541,3,0.355
top3_choice,hotspot,10,nearest,200,240.874419,239.239144,816.011495,0.775,0.55327,1.635275,38.506667,1.0,32.586655,19,0.195
top3_choice,hotspot,10,dijkstra,200,205.218632,203.349123,844.995041,0.79,0.631324,1.869508,37.946667,1.0,31.876007,21,0.245
top3_choice,hotspot,10,cost_optimized,200,5.989343,2.02101,8.06978,0.08,1.326752,3.968333,0.517219,1.0,29.749191,7,0.3
top3_choice,hotspot,10,static_queue,200,5.014187,1.085112,7.374919,0.08,1.326046,3.929075,0.077473,1.0,29.753657,8,0.26
top3_choice,hotspot,10,queue_aware,200,4.243302,0.13256,0.0,0.01,1.41252,4.110742,0.09723,1.0,29.74311,10,0.265
top3_choice,hotspot,10,range_aware,200,8.781492,0.0,0.0,0.0,3.223515,8.781492,0.0,1.0,29.736294,3,0.375
top3_choice,hotspot,11,nearest,200,170.645806,168.989281,649.266233,0.785,0.567971,1.656525,39.066667,1.0,34.90001,24,0.19
top3_choice,hotspot,11,dijkstra,200,241.128422,239.147289,930.675723,0.78,0.679845,1.981133,39.253333,1.0,35.413365,22,0.195
top3_choice,hotspot,11,cost_optimized,200,4.974814,0.940181,3.42501,0.06,1.329267,4.034633,0.584909,1.0,32.760032,7,0.34
top3_choice,hotspot,11,static_queue,200,4.840114,0.96888,0.786395,0.055,1.309824,3.871233,0.070409,1.0,32.75729,8,0.28
top3_choice,hotspot,11,queue_aware,200,4.07513,0.009247,0.0,0.01,1.398851,4.065883,0.096153,1.0,32.753502,11,0.285
top3_choice,hotspot,11,range_aware,200,9.132958,0.0,0.0,0.0,3.360664,9.132958,0.0,1.0,32.748809,3,0.35
top3_choice,hotspot,12,nearest,200,246.310203,244.629562,943.237415,0.805,0.573891,1.680642,38.30677,1.0,39.513885,24,0.21
top3_choice,hotspot,12,dijkstra,200,255.369063,253.40208,1088.12916,0.825,0.659672,1.966983,38.693333,1.0,39.288118,21,0.245
top3_choice,hotspot,12,cost_optimized,200,5.106643,1.082801,8.163795,0.115,1.338048,4.023842,0.584396,1.0,36.02259,7,0.275
top3_choice,hotspot,12,static_queue,200,4.336367,0.382917,0.0,0.045,1.32531,3.95345,0.058292,1.0,36.018611,8,0.325
top3_choice,hotspot,12,queue_aware,200,4.209307,0.038974,0.0,0.01,1.438317,4.170333,0.084428,1.0,36.015156,10,0.225
top3_choice,hotspot,12,range_aware,200,9.270192,0.0,0.0,0.0,3.400292,9.270192,0.0,1.0,36.013838,3,0.355
top3_choice,hotspot,13,nearest,200,115.138888,113.513688,355.013,0.76,0.553791,1.6252,38.30677,1.0,34.19652,24,0.155
top3_choice,hotspot,13,dijkstra,200,125.043934,123.235026,527.989304,0.765,0.613067,1.808908,38.693333,1.0,33.936381,24,0.165
top3_choice,hotspot,13,cost_optimized,200,9.391921,5.364429,30.227918,0.21,1.335523,4.027492,0.478349,1.0,32.263097,7,0.32
top3_choice,hotspot,13,static_queue,200,5.544858,1.618675,10.165746,0.13,1.307042,3.926183,0.068518,1.0,32.237249,8,0.305
top3_choice,hotspot,13,queue_aware,200,4.709819,0.62441,0.0,0.025,1.417808,4.085408,0.091762,1.0,32.225795,11,0.29
top3_choice,hotspot,13,range_aware,200,8.997,0.0,0.0,0.0,3.309673,8.997,0.0,1.0,32.218332,3,0.355
top3_choice,hotspot,14,nearest,200,231.099703,229.421995,1306.406622,0.775,0.573924,1.677708,39.42677,1.0,34.693845,24,0.21
top3_choice,hotspot,14,dijkstra,200,229.938782,227.961016,1058.794882,0.765,0.66957,1.977767,39.44,1.0,33.886641,21,0.23
top3_choice,hotspot,14,cost_optimized,200,8.604746,4.551079,27.444456,0.2,1.342898,4.053667,0.611267,1.0,30.912678,7,0.295
top3_choice,hotspot,14,static_queue,200,5.624853,1.709395,6.029478,0.085,1.307985,3.915458,0.073036,1.0,30.885929,9,0.26
top3_choice,hotspot,14,queue_aware,200,4.165307,0.033457,0.0,0.015,1.427617,4.13185,0.085355,1.0,30.872193,11,0.255
top3_choice,hotspot,14,range_aware,200,9.181325,0.0,0.0,0.0,3.37909,9.181325,0.0,1.0,30.87209,3,0.365
top3_choice,hotspot,15,nearest,200,280.888606,279.27209,784.306743,0.79,0.544335,1.616517,39.066667,1.0,37.135895,23,0.17
top3_choice,hotspot,15,dijkstra,200,268.680569,266.800311,892.434744,0.84,0.621697,1.880258,39.253333,1.0,36.763286,24,0.2
top3_choice,hotspot,15,cost_optimized,200,11.404228,7.35377,35.41661,0.155,1.346733,4.050458,0.517424,1.0,33.791606,7,0.29
top3_choice,hotspot,15,static_queue,200,6.10543,2.028289,16.316744,0.1,1.356254,4.077142,0.06507,1.0,33.734151,8,0.285
top3_choice,hotspot,15,queue_aware,200,4.508171,0.349888,0.0,0.02,1.42347,4.158283,0.082041,1.0,33.725424,10,0.27
top3_choice,hotspot,15,range_aware,200,8.987408,0.0,0.0,0.0,3.287059,8.987408,0.0,1.0,33.725424,3,0.375
top3_choice,hotspot,16,nearest,200,196.116562,194.505362,694.475826,0.83,0.555183,1.6112,39.066667,1.0,36.293717,22,0.195
top3_choice,hotspot,16,dijkstra,200,188.57593,186.774688,628.651478,0.82,0.61852,1.801242,39.253333,1.0,36.249083,23,0.185
top3_choice,hotspot,16,cost_optimized,200,6.937719,3.024936,25.778288,0.12,1.317632,3.912783,0.529833,1.0,33.555959,7,0.33
top3_choice,hotspot,16,static_queue,200,9.06685,5.141759,59.070808,0.09,1.318167,3.925092,0.068702,1.0,33.574767,8,0.32
top3_choice,hotspot,16,queue_aware,200,4.632645,0.440928,0.0,0.035,1.468853,4.191717,0.085134,1.0,33.533313,11,0.225
top3_choice,hotspot,16,range_aware,200,9.248975,0.0,0.0,0.0,3.409103,9.248975,0.0,1.0,33.523564,3,0.35
top3_choice,hotspot,17,nearest,200,190.069992,188.361375,502.683274,0.755,0.573179,1.708617,37.893746,1.0,32.577901,24,0.175
top3_choice,hotspot,17,dijkstra,200,252.302077,250.22126,802.428387,0.795,0.70396,2.080817,37.76,1.0,32.575758,21,0.215
top3_choice,hotspot,17,cost_optimized,200,7.989574,4.07409,24.471156,0.175,1.309908,3.915483,0.637009,1.0,29.918194,7,0.265
top3_choice,hotspot,17,static_queue,200,4.784241,0.852041,5.449404,0.08,1.310888,3.9322,0.066796,1.0,29.919514,9,0.31
top3_choice,hotspot,17,queue_aware,200,4.404937,0.265787,0.0,0.03,1.424246,4.13915,0.097365,1.0,29.905393,10,0.305
top3_choice,hotspot,17,range_aware,200,9.11575,0.0,0.0,0.0,3.354161,9.11575,0.0,1.0,29.896019,3,0.34
top3_choice,hotspot,18,nearest,200,240.563692,238.9738,828.42196,0.82,0.549728,1.589892,38.86677,1.0,35.705643,23,0.19
top3_choice,hotspot,18,dijkstra,200,313.903475,312.108375,1403.85684,0.84,0.61439,1.7951,38.693333,1.0,35.778117,23,0.265
top3_choice,hotspot,18,cost_optimized,200,7.658122,3.678322,27.329056,0.135,1.330848,3.9798,0.611062,1.0,31.535077,7,0.3
top3_choice,hotspot,18,static_queue,200,5.855482,1.944074,13.072546,0.095,1.326773,3.911408,0.069813,1.0,31.495034,8,0.265
top3_choice,hotspot,18,queue_aware,200,4.213702,0.110177,0.0,0.015,1.423871,4.103525,0.096056,1.0,31.487035,10,0.24
top3_choice,hotspot,18,range_aware,200,9.110017,0.0,0.0,0.0,3.364441,9.110017,0.0,1.0,31.484823,3,0.4
top3_choice,hotspot,19,nearest,200,268.797118,267.105968,772.500652,0.775,0.569875,1.69115,38.680103,1.0,36.682732,23,0.21
top3_choice,hotspot,19,dijkstra,200,332.988784,331.065059,1184.829558,0.84,0.63119,1.923725,39.066667,1.0,36.885848,22,0.235
top3_choice,hotspot,19,cost_optimized,200,8.320854,4.258138,30.578078,0.19,1.341182,4.062717,0.583986,1.0,32.712347,7,0.31
top3_choice,hotspot,19,static_queue,200,8.312279,4.319904,30.287936,0.135,1.333368,3.992375,0.068291,1.0,32.748281,8,0.26
top3_choice,hotspot,19,queue_aware,200,5.317832,1.125215,3.704982,0.06,1.440834,4.192617,0.085869,1.0,32.70964,10,0.285
top3_choice,hotspot,19,range_aware,200,8.966858,0.0,0.0,0.0,3.288336,8.966858,0.0,1.0,32.686023,3,0.35
top3_choice,hotspot,20,nearest,200,166.079047,164.374347,699.29781,0.78,0.581988,1.7047,39.053436,1.0,33.690644,23,0.155
top3_choice,hotspot,20,dijkstra,200,294.41889,292.398482,1438.34081,0.715,0.673262,2.020408,38.88,1.0,35.092024,21,0.23
top3_choice,hotspot,20,cost_optimized,200,10.047842,6.080484,47.913755,0.175,1.321991,3.967358,0.664085,1.0,31.288722,7,0.26
top3_choice,hotspot,20,static_queue,200,7.720899,3.731407,25.341848,0.155,1.323193,3.989492,0.072235,1.0,31.26639,8,0.32
top3_choice,hotspot,20,queue_aware,200,4.289161,0.07432,0.0,0.005,1.451128,4.214842,0.092534,1.0,31.248197,10,0.25
top3_choice,hotspot,20,range_aware,200,9.000433,0.0,0.0,0.0,3.305356,9.000433,0.0,1.0,31.248091,3,0.36
top3_choice,hotspot,21,nearest,200,139.67544,138.02714,530.84522,0.78,0.552465,1.6483,38.680103,1.0,31.859629,23,0.16
top3_choice,hotspot,21,dijkstra,200,235.480738,233.605871,1264.910122,0.755,0.611948,1.874867,38.88,1.0,32.472762,21,0.22
top3_choice,hotspot,21,cost_optimized,200,8.422844,4.39891,35.442575,0.155,1.322537,4.023933,0.504091,1.0,29.303936,7,0.305
top3_choice,hotspot,21,static_queue,200,5.709139,1.693947,11.537861,0.105,1.331852,4.015192,0.066793,1.0,29.296265,8,0.26
top3_choice,hotspot,21,queue_aware,200,4.297019,0.040944,0.0,0.02,1.459218,4.256075,0.088159,1.0,29.294434,11,0.23
top3_choice,hotspot,21,range_aware,200,9.46,0.0,0.0,0.0,3.466145,9.46,0.0,1.0,29.288102,3,0.36
top3_choice,hotspot,22,nearest,200,218.288844,216.661652,907.937886,0.725,0.565055,1.627192,37.573333,1.0,35.927854,22,0.165
top3_choice,hotspot,22,dijkstra,200,244.058178,242.140628,925.072493,0.74,0.661223,1.91755,37.76,1.0,35.95668,23,0.2
top3_choice,hotspot,22,cost_optimized,200,8.652756,4.676506,34.563859,0.13,1.343175,3.97625,0.571576,1.0,34.046234,7,0.245
top3_choice,hotspot,22,static_queue,200,6.014978,2.116344,4.439976,0.055,1.33492,3.898633,0.063548,1.0,34.010509,9,0.28
top3_choice,hotspot,22,queue_aware,200,4.834051,0.782034,0.0,0.015,1.409183,4.052017,0.0901,1.0,34.00128,11,0.26
top3_choice,hotspot,22,range_aware,200,9.089408,0.0,0.0,0.0,3.353007,9.089408,0.0,1.0,33.989239,3,0.355
top3_choice,hotspot,23,nearest,200,126.703982,125.136424,372.425957,0.795,0.549494,1.567558,40.0,1.0,33.906071,22,0.185
top3_choice,hotspot,23,dijkstra,200,115.769731,113.909598,354.100075,0.775,0.635445,1.860133,39.253333,1.0,33.750763,22,0.195
top3_choice,hotspot,23,cost_optimized,200,7.243415,3.21484,22.419802,0.155,1.341454,4.028575,0.61178,1.0,31.983349,7,0.305
top3_choice,hotspot,23,static_queue,200,4.581614,0.675397,0.0,0.045,1.325546,3.906217,0.05517,1.0,31.975866,9,0.31
top3_choice,hotspot,23,queue_aware,200,4.153178,0.00842,0.0,0.005,1.436968,4.144758,0.094505,1.0,31.96642,10,0.25
top3_choice,hotspot,23,range_aware,200,8.915267,0.0,0.0,0.0,3.28714,8.915267,0.0,1.0,31.964758,3,0.35
top3_choice,hotspot,24,nearest,200,334.605636,333.02297,1471.547838,0.855,0.546804,1.582667,39.44,1.0,35.041309,24,0.23
top3_choice,hotspot,24,dijkstra,200,289.693115,287.726273,1049.336061,0.835,0.67863,1.966842,38.693333,1.0,33.992409,23,0.22
top3_choice,hotspot,24,cost_optimized,200,7.413022,3.358297,18.672781,0.16,1.349941,4.054725,0.425942,1.0,30.452036,7,0.335
top3_choice,hotspot,24,static_queue,200,9.08322,5.132112,48.411876,0.135,1.332143,3.951108,0.065888,1.0,30.441351,8,0.31
top3_choice,hotspot,24,queue_aware,200,4.317628,0.212861,0.0,0.03,1.443031,4.104767,0.085437,1.0,30.414496,10,0.275
top3_choice,hotspot,24,range_aware,200,8.615217,0.0,0.0,0.0,3.187567,8.615217,0.0,1.0,30.41105,3,0.39
top3_choice,hotspot,25,nearest,200,250.183378,248.53842,1047.218649,0.76,0.567652,1.644958,38.506667,1.0,37.765497,21,0.155
top3_choice,hotspot,25,dijkstra,200,294.514593,292.673126,1075.164505,0.77,0.629242,1.841467,38.506667,1.0,37.389085,19,0.215
top3_choice,hotspot,25,cost_optimized,200,9.076892,5.06285,33.418052,0.12,1.342852,4.014042,0.558449,1.0,34.639363,7,0.285
top3_choice,hotspot,25,static_queue,200,5.255776,1.371076,3.794876,0.07,1.316258,3.8847,0.075561,1.0,34.579805,8,0.25
top3_choice,hotspot,25,queue_aware,200,4.201713,0.045621,0.0,0.005,1.437742,4.156092,0.08877,1.0,34.574146,10,0.255
top3_choice,hotspot,25,range_aware,200,9.280792,0.0,0.0,0.0,3.418032,9.280792,0.0,1.0,34.572167,3,0.365
top3_choice,hotspot,26,nearest,200,184.985368,183.310752,740.105535,0.76,0.577811,1.674617,38.86677,1.0,36.026541,23,0.185
top3_choice,hotspot,26,dijkstra,200,228.524384,226.632584,952.460429,0.795,0.651834,1.8918,38.693333,1.0,35.702125,20,0.225
top3_choice,hotspot,26,cost_optimized,200,8.029221,4.105821,35.850514,0.17,1.313687,3.9234,0.570653,1.0,33.325922,7,0.275
top3_choice,hotspot,26,static_queue,200,4.463854,0.459537,1.749338,0.065,1.344932,4.004317,0.063673,1.0,33.300444,9,0.305
top3_choice,hotspot,26,queue_aware,200,4.15874,0.060523,0.0,0.01,1.418059,4.098217,0.087191,1.0,33.296486,10,0.255
top3_choice,hotspot,26,range_aware,200,9.547733,0.0,0.0,0.0,3.509291,9.547733,0.0,1.0,33.294647,3,0.37
top3_choice,hotspot,27,nearest,200,205.415409,203.742484,790.381705,0.86,0.571838,1.672925,39.813333,1.0,33.89101,22,0.195
top3_choice,hotspot,27,dijkstra,200,303.228171,301.248196,867.978302,0.8,0.665298,1.979975,39.44,1.0,33.773237,21,0.255
top3_choice,hotspot,27,cost_optimized,200,6.138971,1.993762,15.821264,0.115,1.366343,4.145208,0.465427,1.0,30.562865,7,0.3
top3_choice,hotspot,27,static_queue,200,6.083678,2.182478,18.962659,0.1,1.317094,3.9012,0.057674,1.0,30.574317,8,0.33
top3_choice,hotspot,27,queue_aware,200,4.243112,0.137645,0.0,0.02,1.411141,4.105467,0.09497,1.0,30.55778,10,0.275
top3_choice,hotspot,27,range_aware,200,8.84095,0.0,0.0,0.0,3.247228,8.84095,0.0,1.0,30.557155,3,0.37
top3_choice,hotspot,28,nearest,200,159.633274,158.035024,648.181165,0.735,0.548107,1.59825,38.493436,1.0,34.824574,24,0.155
top3_choice,hotspot,28,dijkstra,200,226.001566,224.050249,734.331382,0.77,0.670913,1.951317,37.946667,1.0,35.268344,23,0.215
top3_choice,hotspot,28,cost_optimized,200,9.480472,5.430222,30.820481,0.14,1.349624,4.05025,0.611575,1.0,32.548155,7,0.285
top3_choice,hotspot,28,static_queue,200,6.009835,2.040552,17.43119,0.11,1.327167,3.969283,0.073445,1.0,32.53369,9,0.3
top3_choice,hotspot,28,queue_aware,200,4.239535,0.168677,0.0,0.005,1.409983,4.070858,0.094868,1.0,32.514081,10,0.295
top3_choice,hotspot,28,range_aware,200,9.211683,0.0,0.0,0.0,3.390387,9.211683,0.0,1.0,32.513815,3,0.35
top3_choice,hotspot,29,nearest,200,191.1546,189.561533,999.79972,0.65,0.538786,1.593067,37.74677,1.0,33.050944,24,0.21
top3_choice,hotspot,29,dijkstra,200,183.416472,181.567447,846.527099,0.72,0.623746,1.849025,38.506667,1.0,32.754268,21,0.225
top3_choice,hotspot,29,cost_optimized,200,9.489982,5.420441,36.387485,0.165,1.346707,4.069542,0.570653,1.0,30.637728,7,0.295
top3_choice,hotspot,29,static_queue,200,5.251177,1.289602,10.297962,0.075,1.335258,3.961575,0.07131,1.0,30.595783,9,0.27
top3_choice,hotspot,29,queue_aware,200,4.095526,0.062385,0.0,0.005,1.387888,4.033142,0.077568,1.0,30.58007,10,0.27
top3_choice,hotspot,29,range_aware,200,9.135683,0.0,0.0,0.0,3.351347,9.135683,0.0,1.0,30.578666,3,0.375
load_0.5x,spread,0,nearest,200,14.751253,13.812028,84.728086,0.24,0.296194,0.939225,9.914527,1.0,11.001983,97,0.04
load_0.5x,spread,0,dijkstra,200,17.033685,15.797918,94.149375,0.25,0.4048,1.235767,9.975312,1.0,11.349321,96,0.04
load_0.5x,spread,0,cost_optimized,200,3.391685,0.316677,0.0,0.02,1.04866,3.075008,0.086755,1.0,10.531587,14,0.12
load_0.5x,spread,0,static_queue,200,2.492178,0.049736,0.0,0.005,0.821511,2.442442,0.008267,1.0,10.518278,26,0.1
load_0.5x,spread,0,queue_aware,200,2.484733,0.0,0.0,0.0,0.837952,2.484733,0.007575,1.0,10.518278,28,0.125
load_0.5x,spread,0,range_aware,200,11.200075,0.0,0.0,0.0,4.007971,11.200075,0.0,1.0,10.515614,1,1.0
load_0.5x,spread,1,nearest,200,24.237343,23.206335,124.964536,0.305,0.312537,1.031008,10.098486,1.0,12.602927,88,0.045
load_0.5x,spread,1,dijkstra,200,22.396314,20.977614,121.52182,0.31,0.454225,1.4187,10.622902,1.0,12.592519,89,0.055
load_0.5x,spread,1,cost_optimized,200,3.983872,0.871763,0.0,0.03,1.056976,3.112108,0.077173,1.0,11.812649,14,0.165
load_0.5x,spread,1,static_queue,200,2.552892,0.0,0.0,0.0,0.855192,2.552892,0.009446,1.0,11.784181,27,0.12
load_0.5x,spread,1,queue_aware,200,2.593125,0.0,0.0,0.0,0.868432,2.593125,0.007372,1.0,11.784181,28,0.135
load_0.5x,spread,1,range_aware,200,10.768383,0.0,0.0,0.0,3.828081,10.768383,0.0,1.0,11.784181,1,1.0
load_0.5x,spread,2,nearest,200,21.831904,20.832288,117.633303,0.23,0.321573,0.999617,9.784502,1.0,12.987444,84,0.035
load_0.5x,spread,2,dijkstra,200,16.338001,15.070793,76.868153,0.195,0.417351,1.267208,10.114826,1.0,12.685671,86,0.045
load_0.5x,spread,2,cost_optimized,200,3.360213,0.176797,0.0,0.02,1.098215,3.183417,0.064308,1.0,11.752286,14,0.145
load_0.5x,spread,2,static_queue,200,2.852558,0.338291,0.0,0.015,0.856021,2.514267,0.008358,1.0,11.744926,26,0.12
load_0.5x,spread,2,queue_aware,200,2.555675,0.0,0.0,0.0,0.86784,2.555675,0.007885,1.0,11.744926,28,0.12
load_0.5x,spread,2,range_aware,200,11.27065,0.0,0.0,0.0,4.028018,11.27065,0.0,1.0,11.744926,1,1.0
load_0.5x,spread,3,nearest,200,13.60498,12.641496,92.108136,0.215,0.313531,0.963483,9.835128,1.0,10.51519,90,0.055
load_0.5x,spread,3,dijkstra,200,11.867102,10.623386,51.246762,0.215,0.411289,1.243717,10.04481,1.0,10.513667,92,0.055
load_0.5x,spread,3,cost_optimized,200,3.182504,0.202445,0.0,0.015,1.038132,2.980058,0.093193,1.0,9.863662,14,0.13
load_0.5x,spread,3,static_queue,200,2.931708,0.562333,0.0,0.025,0.814879,2.369375,0.008615,1.0,9.863008,26,0.14
load_0.5x,spread,3,queue_aware,200,2.400642,0.0,0.0,0.0,0.823604,2.400642,0.008126,1.0,9.860843,27,0.115
load_0.5x,spread,3,range_aware,200,10.728292,0.0,0.0,0.0,3.817059,10.728292,0.0,1.0,9.860843,1,1.0
load_0.5x,spread,4,nearest,200,12.472911,11.433078,70.531589,0.235,0.333787,1.039833,10.038637,1.0,11.690827,89,0.05
load_0.5x,spread,4,dijkstra,200,15.876042,14.598467,88.391816,0.24,0.417309,1.277575,9.724825,1.0,11.859278,85,0.055
load_0.5x,spread,4,cost_optimized,200,3.389619,0.161944,0.0,0.005,1.109917,3.227675,0.058162,1.0,11.071138,13,0.165
load_0.5x,spread,4,static_queue,200,2.506725,0.0,0.0,0.0,0.857608,2.506725,0.007727,1.0,11.071138,26,0.15
load_0.5x,spread,4,queue_aware,200,2.54665,0.0,0.0,0.0,0.870595,2.54665,0.00757,1.0,11.071138,28,0.155
load_0.5x,spread,4,range_aware,200,11.388217,0.0,0.0,0.0,4.072624,11.388217,0.0,1.0,11.071138,1,1.0
load_0.5x,spread,5,nearest,200,16.624891,15.613575,103.603225,0.265,0.3335,1.011317,9.886279,1.0,10.650892,88,0.08
load_0.5x,spread,5,dijkstra,200,18.61614,17.28664,118.04213,0.255,0.447615,1.3295,10.467858,1.0,10.693237,88,0.08
load_0.5x,spread,5,cost_optimized,200,3.018721,0.034154,0.0,0.005,1.033121,2.984567,0.092919,1.0,10.130016,14,0.155
load_0.5x,spread,5,static_queue,200,2.542811,0.159261,0.0,0.015,0.816335,2.38355,0.00963,1.0,10.130807,26,0.14
load_0.5x,spread,5,queue_aware,200,2.426375,0.0,0.0,0.0,0.830167,2.426375,0.008331,1.0,10.129372,27,0.145
load_0.5x,spread,5,range_aware,200,10.970192,0.0,0.0,0.0,3.926555,10.970192,0.0,1.0,10.129372,1,1.0
load_0.5x,spread,6,nearest,200,11.554695,10.316612,69.755173,0.2,0.373228,1.238083,9.746486,1.0,11.042962,81,0.075
load_0.5x,spread,6,dijkstra,200,13.917619,12.340036,76.928625,0.24,0.503294,1.577583,10.435315,1.0,11.143599,81,0.085
load_0.5x,spread,6,cost_optimized,200,3.484336,0.306603,0.0,0.015,1.068763,3.177733,0.06832,1.0,10.46349,13,0.17
load_0.5x,spread,6,static_queue,200,2.573503,0.010545,0.0,0.005,0.864407,2.562958,0.006616,1.0,10.458811,24,0.155
load_0.5x,spread,6,queue_aware,200,2.61547,0.010545,0.0,0.005,0.874318,2.604925,0.007548,1.0,10.457958,27,0.16
load_0.5x,spread,6,range_aware,200,11.399417,0.0,0.0,0.0,4.054233,11.399417,0.0,1.0,10.457958,1,1.0
load_0.5x,spread,7,nearest,200,11.607149,10.619957,71.877472,0.23,0.302245,0.987192,8.752505,1.0,11.558754,88,0.035
load_0.5x,spread,7,dijkstra,200,10.808931,9.632081,60.692979,0.23,0.37492,1.17685,9.797212,1.0,11.883404,86,0.035
load_0.5x,spread,7,cost_optimized,200,3.183496,0.144329,0.0,0.01,1.045858,3.039167,0.07067,1.0,11.238256,14,0.14
load_0.5x,spread,7,static_queue,200,2.393908,0.0,0.0,0.0,0.808817,2.393908,0.006547,1.0,11.2415,26,0.12
load_0.5x,spread,7,queue_aware,200,2.428317,0.0,0.0,0.0,0.818988,2.428317,0.00745,1.0,11.2415,28,0.135
load_0.5x,spread,7,range_aware,200,11.131492,0.0,0.0,0.0,3.969929,11.131492,0.0,1.0,11.237077,1,1.0
load_0.5x,spread,8,nearest,200,14.045042,13.112417,77.996234,0.28,0.302268,0.932625,9.902004,1.0,12.064893,92,0.04
load_0.5x,spread,8,dijkstra,200,13.810468,12.589993,75.428276,0.27,0.407492,1.220475,9.784683,1.0,11.958338,93,0.04
load_0.5x,spread,8,cost_optimized,200,3.184337,0.123004,0.0,0.015,1.04954,3.061333,0.061776,1.0,11.262213,14,0.145
load_0.5x,spread,8,static_queue,200,2.418039,0.033414,0.0,0.01,0.813452,2.384625,0.007624,1.0,11.262183,26,0.1
load_0.5x,spread,8,queue_aware,200,2.397342,0.0,0.0,0.0,0.820817,2.397342,0.007701,1.0,11.262183,28,0.11
load_0.5x,spread,8,range_aware,200,10.754058,0.0,0.0,0.0,3.839064,10.754058,0.0,1.0,11.262183,1,1.0
load_0.5x,spread,9,nearest,200,18.773149,17.710049,113.001437,0.295,0.33359,1.0631,10.276286,1.0,12.378182,85,0.06
load_0.5x,spread,9,dijkstra,200,14.392849,13.068549,93.394345,0.265,0.428193,1.3243,10.743091,1.0,12.387986,86,0.06
load_0.5x,spread,9,cost_optimized,200,3.207605,0.100022,0.0,0.005,1.05936,3.107583,0.064195,1.0,11.948586,13,0.165
load_0.5x,spread,9,static_queue,200,2.590938,0.100022,0.0,0.005,0.827218,2.490917,0.00758,1.0,11.945124,25,0.135
load_0.5x,spread,9,queue_aware,200,2.626497,0.100022,0.0,0.005,0.839959,2.526475,0.00833,1.0,11.945124,29,0.13
load_0.5x,spread,9,range_aware,200,11.1243,0.0,0.0,0.0,3.961388,11.1243,0.0,1.0,11.945124,1,1.0
load_0.5x,spread,10,nearest,200,17.584259,16.55095,119.066648,0.24,0.347867,1.033308,9.571833,1.0,11.744692,89,0.075
load_0.5x,spread,10,dijkstra,200,17.006501,15.70581,115.115211,0.245,0.447297,1.300692,10.11468,1.0,11.753852,86,0.08
load_0.5x,spread,10,cost_optimized,200,3.504821,0.173204,0.0,0.015,1.180564,3.331617,0.051668,1.0,11.276971,14,0.145
load_0.5x,spread,10,static_queue,200,2.577642,0.0,0.0,0.0,0.903626,2.577642,0.006842,1.0,11.273229,27,0.14
load_0.5x,spread,10,queue_aware,200,2.594108,0.0,0.0,0.0,0.909438,2.594108,0.008103,1.0,11.269733,30,0.145
load_0.5x,spread,10,range_aware,200,10.958392,0.0,0.0,0.0,3.933264,10.958392,0.0,1.0,11.269733,1,1.0
load_0.5x,spread,11,nearest,200,14.519845,13.526995,73.404857,0.22,0.312806,0.99285,9.517555,1.0,11.276029,87,0.04
load_0.5x,spread,11,dijkstra,200,17.707463,16.477555,100.309504,0.255,0.404828,1.229908,10.04786,1.0,11.357865,86,0.045
load_0.5x,spread,11,cost_optimized,200,3.079668,0.196977,0.0,0.01,0.98076,2.882692,0.051767,1.0,10.59855,14,0.155
load_0.5x,spread,11,static_queue,200,2.745444,0.345652,0.0,0.015,0.81055,2.399792,0.007456,1.0,10.596429,26,0.125
load_0.5x,spread,11,queue_aware,200,2.431608,0.0,0.0,0.0,0.825163,2.431608,0.008528,1.0,10.596429,27,0.14
load_0.5x,spread,11,range_aware,200,11.333142,0.0,0.0,0.0,4.049833,11.333142,0.0,1.0,10.596429,1,1.0
load_0.5x,spread,12,nearest,200,10.712874,9.612266,84.43105,0.195,0.346639,1.100608,9.486189,1.0,11.67944,88,0.05
load_0.5x,spread,12,dijkstra,200,13.423658,12.068517,90.073421,0.245,0.444968,1.355142,9.832351,1.0,11.864197,89,0.055
load_0.5x,spread,12,cost_optimized,200,3.471133,0.326441,0.0,0.015,1.075239,3.144692,0.068,1.0,11.116303,14,0.135
load_0.5x,spread,12,static_queue,200,2.4125,0.0,0.0,0.0,0.819561,2.4125,0.007141,1.0,11.121346,25,0.105
load_0.5x,spread,12,queue_aware,200,2.451375,0.0,0.0,0.0,0.833138,2.451375,0.007721,1.0,11.121346,27,0.125
load_0.5x,spread,12,range_aware,200,11.497442,0.0,0.0,0.0,4.118428,11.497442,0.0,1.0,11.11574,2,0.995
load_0.5x,spread,13,nearest,200,12.735625,11.781117,93.148525,0.185,0.311252,0.954508,9.952638,1.0,11.209158,94,0.045
load_0.5x,spread,13,dijkstra,200,11.673428,10.355186,79.40611,0.21,0.444758,1.318242,10.301821,1.0,11.181216,92,0.055
load_0.5x,spread,13,cost_optimized,200,3.19152,0.146461,0.0,0.01,1.060292,3.045058,0.058029,1.0,10.293867,14,0.13
load_0.5x,spread,13,static_queue,200,2.408092,0.0,0.0,0.0,0.834755,2.408092,0.007624,1.0,10.28851,26,0.1
load_0.5x,spread,13,queue_aware,200,2.430567,0.0,0.0,0.0,0.841843,2.430567,0.008205,1.0,10.284854,29,0.11
load_0.5x,spread,13,range_aware,200,10.7022,0.0,0.0,0.0,3.830189,10.7022,0.0,1.0,10.284854,1,1.0
load_0.5x,spread,14,nearest,200,11.59685,10.487642,81.074521,0.205,0.343842,1.109208,9.641651,1.0,11.650759,86,0.05
load_0.5x,spread,14,dijkstra,200,13.327285,11.928893,81.269598,0.21,0.455868,1.398392,9.715002,1.0,11.765456,90,0.065
load_0.5x,spread,14,cost_optimized,200,4.02873,1.02293,0.0,0.035,1.038136,3.0058,0.073787,1.0,11.229143,13,0.18
load_0.5x,spread,14,static_queue,200,2.406992,0.0,0.0,0.0,0.820914,2.406992,0.008592,1.0,11.221641,25,0.15
load_0.5x,spread,14,queue_aware,200,2.438917,0.0,0.0,0.0,0.830145,2.438917,0.008133,1.0,11.224471,27,0.155
load_0.5x,spread,14,range_aware,200,10.596617,0.0,0.0,0.0,3.772005,10.596617,0.0,1.0,11.217769,1,1.0
load_0.5x,spread,15,nearest,200,12.656345,11.727603,71.093585,0.255,0.300692,0.928742,9.971643,1.0,11.181378,86,0.045
load_0.5x,spread,15,dijkstra,200,16.864189,15.590773,101.3143,0.265,0.432391,1.273417,10.305296,1.0,11.264832,89,0.075
load_0.5x,spread,15,cost_optimized,200,3.256094,0.231786,0.0,0.01,1.048583,3.024308,0.058022,1.0,10.834063,14,0.14
load_0.5x,spread,15,static_queue,200,2.366317,0.0,0.0,0.0,0.812317,2.366317,0.008057,1.0,10.770905,27,0.105
load_0.5x,spread,15,queue_aware,200,2.40015,0.0,0.0,0.0,0.823515,2.40015,0.008045,1.0,10.770905,30,0.115
load_0.5x,spread,15,range_aware,200,10.962075,0.0,0.0,0.0,3.927091,10.962075,0.0,1.0,10.769958,1,1.0
load_0.5x,spread,16,nearest,200,12.661992,11.588426,70.685467,0.2,0.337939,1.073567,9.625507,1.0,11.316207,86,0.045
load_0.5x,spread,16,dijkstra,200,12.26369,11.000807,66.97297,0.215,0.406484,1.262883,9.663732,1.0,11.258478,87,0.06
load_0.5x,spread,16,cost_optimized,200,3.485976,0.315493,0.0,0.01,1.090876,3.170483,0.054799,1.0,10.862218,14,0.155
load_0.5x,spread,16,static_queue,200,2.417333,0.0,0.0,0.0,0.819755,2.417333,0.006038,1.0,10.855294,26,0.13
load_0.5x,spread,16,queue_aware,200,2.432975,0.0,0.0,0.0,0.824779,2.432975,0.007293,1.0,10.855294,28,0.145
load_0.5x,spread,16,range_aware,200,11.04305,0.0,0.0,0.0,3.931618,11.04305,0.0,1.0,10.855294,1,1.0
load_0.5x,spread,17,nearest,200,12.407388,11.425863,76.173032,0.23,0.308084,0.981525,10.40357,1.0,11.066114,83,0.05
load_0.5x,spread,17,dijkstra,200,12.208742,10.904383,60.921235,0.235,0.426672,1.304358,10.682905,1.0,11.035036,83,0.055
load_0.5x,spread,17,cost_optimized,200,3.162106,0.042956,0.0,0.005,1.059098,3.11915,0.064875,1.0,10.60949,13,0.13
load_0.5x,spread,17,static_queue,200,2.627233,0.118874,0.0,0.005,0.841202,2.508358,0.007799,1.0,10.599956,26,0.11
load_0.5x,spread,17,queue_aware,200,2.561425,0.0,0.0,0.0,0.859945,2.561425,0.009008,1.0,10.599956,28,0.12
load_0.5x,spread,17,range_aware,200,11.327492,0.0,0.0,0.0,4.058761,11.327492,0.0,1.0,10.599956,1,1.0
load_0.5x,spread,18,nearest,200,12.630672,11.471472,68.360023,0.255,0.379895,1.1592,10.288956,1.0,11.001602,84,0.08
load_0.5x,spread,18,dijkstra,200,17.718122,16.268172,81.653133,0.31,0.4852,1.44995,10.435133,1.0,11.031343,85,0.085
load_0.5x,spread,18,cost_optimized,200,3.361253,0.225903,0.0,0.03,1.080505,3.13535,0.05196,1.0,10.415665,13,0.155
load_0.5x,spread,18,static_queue,200,2.687633,0.131917,0.0,0.005,0.8782,2.555717,0.006581,1.0,10.422138,26,0.14
load_0.5x,spread,18,queue_aware,200,2.602508,0.0,0.0,0.0,0.889927,2.602508,0.006589,1.0,10.415767,27,0.14
load_0.5x,spread,18,range_aware,200,10.992333,0.0,0.0,0.0,3.925759,10.992333,0.0,1.0,10.410734,1,1.0
load_0.5x,spread,19,nearest,200,15.09758,14.11538,107.047874,0.205,0.300147,0.9822,9.844686,1.0,11.79715,88,0.04
load_0.5x,spread,19,dijkstra,200,14.981534,13.785926,90.375406,0.23,0.372511,1.195608,9.794038,1.0,11.774614,86,0.04
load_0.5x,spread,19,cost_optimized,200,3.338703,0.121069,0.0,0.02,1.102093,3.217633,0.051821,1.0,11.200046,14,0.145
load_0.5x,spread,19,static_queue,200,2.459183,0.0,0.0,0.0,0.831192,2.459183,0.007931,1.0,11.200046,27,0.09
load_0.5x,spread,19,queue_aware,200,2.482175,0.0,0.0,0.0,0.836698,2.482175,0.008826,1.0,11.200046,30,0.095
load_0.5x,spread,19,range_aware,200,10.7909,0.0,0.0,0.0,3.833194,10.7909,0.0,1.0,11.200046,1,1.0
load_0.5x,spread,20,nearest,200,10.836082,9.824399,72.805257,0.21,0.319107,1.011683,10.117526,1.0,12.125979,87,0.07
load_0.5x,spread,20,dijkstra,200,14.763048,13.51029,85.872922,0.25,0.41445,1.252758,10.651137,1.0,12.31562,84,0.07
load_0.5x,spread,20,cost_optimized,200,3.283482,0.087407,0.0,0.005,1.103845,3.196075,0.071271,1.0,11.571001,14,0.17
load_0.5x,spread,20,static_queue,200,2.636058,0.0,0.0,0.0,0.907726,2.636058,0.007411,1.0,11.571001,24,0.15
load_0.5x,spread,20,queue_aware,200,2.678742,0.0,0.0,0.0,0.920143,2.678742,0.008148,1.0,11.571001,27,0.16
load_0.5x,spread,20,range_aware,200,11.575725,0.0,0.0,0.0,4.155256,11.575725,0.0,1.0,11.571001,1,1.0
load_0.5x,spread,21,nearest,200,14.695168,13.747551,84.379995,0.24,0.299615,0.947617,10.03833,1.0,13.352507,86,0.05
load_0.5x,spread,21,dijkstra,200,13.795394,12.532669,82.898989,0.24,0.418524,1.262725,10.308477,1.0,13.380422,89,0.065
load_0.5x,spread,21,cost_optimized,200,3.162975,0.13395,0.0,0.005,1.049452,3.029025,0.070965,1.0,12.623853,14,0.155
load_0.5x,spread,21,static_queue,200,2.387242,0.0,0.0,0.0,0.819466,2.387242,0.006178,1.0,12.646715,26,0.145
load_0.5x,spread,21,queue_aware,200,2.408825,0.0,0.0,0.0,0.828788,2.408825,0.00727,1.0,12.640466,28,0.14
load_0.5x,spread,21,range_aware,200,10.839542,0.0,0.0,0.0,3.870042,10.839542,0.0,1.0,12.623853,1,1.0
load_0.5x,spread,22,nearest,200,14.245318,13.183626,87.321064,0.225,0.325429,1.061692,10.022492,1.0,9.785005,91,0.04
load_0.5x,spread,22,dijkstra,200,15.804838,14.494846,81.656641,0.235,0.420592,1.309992,9.975159,1.0,9.84258,90,0.045
load_0.5x,spread,22,cost_optimized,200,3.074892,0.0,0.0,0.0,1.043319,3.074892,0.074271,1.0,9.178674,14,0.14
load_0.5x,spread,22,static_queue,200,2.457894,0.051994,0.0,0.005,0.804474,2.4059,0.008202,1.0,9.179558,25,0.13
load_0.5x,spread,22,queue_aware,200,2.431783,0.0,0.0,0.0,0.815083,2.431783,0.008958,1.0,9.179558,28,0.14
load_0.5x,spread,22,range_aware,200,11.147067,0.0,0.0,0.0,3.97413,11.147067,0.0,1.0,9.178674,1,1.0
load_0.5x,spread,23,nearest,200,12.362221,11.35638,68.643162,0.23,0.317023,1.005842,9.70169,1.0,11.29904,80,0.045
load_0.5x,spread,23,dijkstra,200,10.957944,9.621094,61.595586,0.205,0.432427,1.33685,10.244509,1.0,11.437364,80,0.045
load_0.5x,spread,23,cost_optimized,200,4.345594,1.420536,0.0,0.045,0.99915,2.925058,0.093243,1.0,10.763142,13,0.16
load_0.5x,spread,23,static_queue,200,2.648222,0.226931,0.0,0.025,0.821285,2.421292,0.008217,1.0,10.719579,26,0.125
load_0.5x,spread,23,queue_aware,200,2.483105,0.01463,0.0,0.005,0.836308,2.468475,0.008302,1.0,10.71109,29,0.12
load_0.5x,spread,23,range_aware,200,10.733075,0.0,0.0,0.0,3.821033,10.733075,0.0,1.0,10.71109,1,1.0
load_0.5x,spread,24,nearest,200,13.373588,12.434172,76.871847,0.245,0.308403,0.939417,9.324206,1.0,11.434882,85,0.04
load_0.5x,spread,24,dijkstra,200,14.174186,12.993695,76.871847,0.27,0.391391,1.180492,9.667369,1.0,11.379031,84,0.055
load_0.5x,spread,24,cost_optimized,200,3.508733,0.473633,0.0,0.02,1.055286,3.0351,0.08046,1.0,10.763545,14,0.16
load_0.5x,spread,24,static_queue,200,2.392783,0.0,0.0,0.0,0.827873,2.392783,0.008036,1.0,10.763545,27,0.13
load_0.5x,spread,24,queue_aware,200,2.434467,0.0,0.0,0.0,0.840477,2.434467,0.007851,1.0,10.763545,29,0.15
load_0.5x,spread,24,range_aware,200,11.0773,0.0,0.0,0.0,3.95738,11.0773,0.0,1.0,10.763545,1,1.0
load_0.5x,spread,25,nearest,200,11.592019,10.630111,71.620883,0.21,0.303821,0.961908,10.082817,1.0,11.968447,89,0.055
load_0.5x,spread,25,dijkstra,200,10.980541,9.734849,71.620883,0.205,0.409903,1.245692,9.974865,1.0,11.958463,89,0.04
load_0.5x,spread,25,cost_optimized,200,3.085558,0.098233,0.0,0.005,1.022001,2.987325,0.058366,1.0,11.303161,14,0.145
load_0.5x,spread,25,static_queue,200,2.370375,0.0,0.0,0.0,0.802402,2.370375,0.00796,1.0,11.303161,26,0.1
load_0.5x,spread,25,queue_aware,200,2.385833,0.0,0.0,0.0,0.807148,2.385833,0.008877,1.0,11.303161,27,0.1
load_0.5x,spread,25,range_aware,200,11.000117,0.0,0.0,0.0,3.925293,11.000117,0.0,1.0,11.303161,1,1.0
load_0.5x,spread,26,nearest,200,14.160349,13.160616,82.554468,0.205,0.313663,0.999733,9.574699,1.0,11.391364,91,0.04
load_0.5x,spread,26,dijkstra,200,14.758755,13.506146,72.88054,0.23,0.405484,1.252608,9.917701,1.0,11.416345,90,0.045
load_0.5x,spread,26,cost_optimized,200,3.154868,0.031568,0.0,0.005,1.065385,3.1233,0.02951,1.0,10.967977,14,0.135
load_0.5x,spread,26,static_queue,200,2.414534,0.02645,0.0,0.005,0.802944,2.388083,0.005466,1.0,10.964114,26,0.105
load_0.5x,spread,26,queue_aware,200,2.399483,0.0,0.0,0.0,0.807216,2.399483,0.006837,1.0,10.964114,28,0.105
load_0.5x,spread,26,range_aware,200,10.911408,0.0,0.0,0.0,3.881351,10.911408,0.0,1.0,10.964114,1,1.0
load_0.5x,spread,27,nearest,200,14.61984,13.611306,82.102364,0.275,0.321116,1.008533,9.508172,1.0,11.952451,89,0.05
load_0.5x,spread,27,dijkstra,200,15.487209,14.199093,82.136062,0.275,0.423223,1.288117,10.038629,1.0,11.736692,91,0.04
load_0.5x,spread,27,cost_optimized,200,2.984767,0.0,0.0,0.0,1.033202,2.984767,0.07083,1.0,11.24471,14,0.15
load_0.5x,spread,27,static_queue,200,2.694634,0.332018,0.0,0.025,0.805156,2.362617,0.00751,1.0,11.253988,27,0.13
load_0.5x,spread,27,queue_aware,200,2.394133,0.0,0.0,0.0,0.814315,2.394133,0.006386,1.0,11.244021,30,0.155
load_0.5x,spread,27,range_aware,200,10.560858,0.0,0.0,0.0,3.758573,10.560858,0.0,1.0,11.244021,1,1.0
load_0.5x,spread,28,nearest,200,10.284976,9.331859,64.645681,0.195,0.305678,0.953117,9.139749,1.0,10.864047,91,0.045
load_0.5x,spread,28,dijkstra,200,12.803738,11.595855,67.827491,0.235,0.395434,1.207883,9.866871,1.0,10.919708,87,0.045
load_0.5x,spread,28,cost_optimized,200,3.305917,0.0,0.0,0.0,1.144386,3.305917,0.048917,1.0,10.410244,14,0.145
load_0.5x,spread,28,static_queue,200,2.475175,0.0,0.0,0.0,0.847499,2.475175,0.00679,1.0,10.410048,26,0.105
load_0.5x,spread,28,queue_aware,200,2.497358,0.0,0.0,0.0,0.854587,2.497358,0.007679,1.0,10.410048,28,0.105
load_0.5x,spread,28,range_aware,200,10.700058,0.0,0.0,0.0,3.810794,10.700058,0.0,1.0,10.410048,1,1.0
load_0.5x,spread,29,nearest,200,9.241849,8.071683,55.401654,0.18,0.342456,1.170167,9.705186,1.0,10.588572,88,0.05
load_0.5x,spread,29,dijkstra,200,13.481499,12.004474,72.824787,0.2,0.455067,1.477025,9.841993,1.0,10.673358,86,0.05
load_0.5x,spread,29,cost_optimized,200,3.178292,0.0,0.0,0.0,1.051491,3.178292,0.045178,1.0,10.1491,12,0.155
load_0.5x,spread,29,static_queue,200,2.541845,0.01002,0.0,0.005,0.824079,2.531825,0.008435,1.0,10.149172,26,0.12
load_0.5x,spread,29,queue_aware,200,2.566433,0.0,0.0,0.0,0.838909,2.566433,0.008688,1.0,10.1491,29,0.135
load_0.5x,spread,29,range_aware,200,11.469725,0.0,0.0,0.0,4.071586,11.469725,0.0,1.0,10.1491,1,1.0
load_0.5x,corridor,0,nearest,200,18.023353,17.04147,94.346025,0.33,0.311409,0.981883,11.24955,1.0,12.510931,56,0.095
load_0.5x,corridor,0,dijkstra,200,21.753426,20.604768,116.951778,0.355,0.368077,1.148658,11.198456,1.0,12.491292,53,0.075
load_0.5x,corridor,0,cost_optimized,200,4.363509,1.417025,10.647424,0.065,1.021349,2.946483,0.111758,1.0,11.902759,10,0.42
load_0.5x,corridor,0,static_queue,200,3.11953,0.69413,0.0,0.03,0.861587,2.4254,0.010481,1.0,11.903752,10,0.36
load_0.5x,corridor,0,queue_aware,200,2.760984,0.183675,0.0,0.01,0.904713,2.577308,0.009453,1.0,11.893795,15,0.335
load_0.5x,corridor,0,range_aware,200,12.733217,0.0,0.0,0.0,4.600217,12.733217,0.0,1.0,11.893795,1,1.0
load_0.5x,corridor,1,nearest,200,38.494036,37.494094,272.2736,0.305,0.312196,0.999942,11.116392,1.0,12.904721,54,0.1
load_0.5x,corridor,1,dijkstra,200,20.173477,19.010377,108.482221,0.3,0.368674,1.1631,11.119742,1.0,12.561908,50,0.08
load_0.5x,corridor,1,cost_optimized,200,5.964343,2.840668,18.059127,0.09,1.083288,3.123675,0.105752,1.0,12.145083,10,0.375
load_0.5x,corridor,1,static_queue,200,2.517406,0.018764,0.0,0.005,0.886491,2.498642,0.011943,1.0,12.085648,10,0.255
load_0.5x,corridor,1,queue_aware,200,2.60505,0.0,0.0,0.0,0.917558,2.60505,0.009745,1.0,12.085648,13,0.295
load_0.5x,corridor,1,range_aware,200,12.6795,0.0,0.0,0.0,4.576787,12.6795,0.0,1.0,12.085427,1,1.0
load_0.5x,corridor,2,nearest,200,26.309863,25.266563,136.706982,0.36,0.323425,1.0433,12.09082,1.0,11.504473,49,0.105
load_0.5x,corridor,2,dijkstra,200,22.862285,21.664618,116.197218,0.36,0.377618,1.197667,11.7067,1.0,11.358063,52,0.095
load_0.5x,corridor,2,cost_optimized,200,4.369258,1.341317,11.667947,0.095,1.052594,3.027942,0.115365,1.0,10.54202,9,0.415
load_0.5x,corridor,2,static_queue,200,2.825728,0.335761,0.0,0.02,0.876869,2.489967,0.01081,1.0,10.485081,10,0.325
load_0.5x,corridor,2,queue_aware,200,2.753744,0.140811,0.0,0.005,0.917822,2.612933,0.010241,1.0,10.485081,13,0.32
load_0.5x,corridor,2,range_aware,200,12.679225,0.0,0.0,0.0,4.577271,12.679225,0.0,1.0,10.485081,1,1.0
load_0.5x,corridor,3,nearest,200,77.410612,76.169478,484.932059,0.355,0.385009,1.241133,11.633033,1.0,14.059255,55,0.16
load_0.5x,corridor,3,dijkstra,200,53.178428,51.768286,279.051701,0.42,0.441391,1.410142,11.791442,1.0,13.900591,49,0.135
load_0.5x,corridor,3,cost_optimized,200,9.379791,6.251166,32.623015,0.125,1.094256,3.128625,0.093172,1.0,12.566929,10,0.45
load_0.5x,corridor,3,static_queue,200,3.290547,0.690322,0.0,0.045,0.916958,2.600225,0.009676,1.0,12.505238,10,0.365
load_0.5x,corridor,3,queue_aware,200,2.949987,0.205562,0.0,0.02,0.959829,2.744425,0.012802,1.0,12.502852,14,0.335
load_0.5x,corridor,3,range_aware,200,12.5206,0.0,0.0,0.0,4.51561,12.5206,0.0,1.0,12.498662,1,1.0
load_0.5x,corridor,4,nearest,200,65.048413,64.03708,539.069003,0.345,0.324527,1.011333,10.894828,1.0,13.620519,58,0.105
load_0.5x,corridor,4,dijkstra,200,55.637281,54.479781,411.667358,0.34,0.372503,1.1575,11.177053,1.0,13.339526,54,0.09
load_0.5x,corridor,4,cost_optimized,200,10.480725,7.375892,45.253248,0.135,1.081026,3.104833,0.106163,1.0,11.333709,10,0.37
load_0.5x,corridor,4,static_queue,200,2.590332,0.263716,0.0,0.02,0.826641,2.326617,0.009544,1.0,11.22549,11,0.31
load_0.5x,corridor,4,queue_aware,200,2.428308,0.013316,0.0,0.005,0.853956,2.414992,0.010059,1.0,11.216246,13,0.29
load_0.5x,corridor,4,range_aware,200,12.582817,0.0,0.0,0.0,4.541371,12.582817,0.0,1.0,11.216246,1,1.0
load_0.5x,corridor,5,nearest,200,33.40237,32.368929,161.376695,0.355,0.321862,1.033442,11.764157,1.0,13.371287,57,0.095
load_0.5x,corridor,5,dijkstra,200,33.01375,31.819275,158.148782,0.355,0.37559,1.194475,11.58273,1.0,13.402091,50,0.09
load_0.5x,corridor,5,cost_optimized,200,8.188961,5.119786,14.045064,0.075,1.068976,3.069175,0.11505,1.0,12.798252,10,0.425
load_0.5x,corridor,5,static_queue,200,2.546443,0.091051,0.0,0.015,0.863966,2.455392,0.009676,1.0,12.75341,11,0.35
load_0.5x,corridor,5,queue_aware,200,2.563375,0.0,0.0,0.0,0.893088,2.563375,0.010374,1.0,12.75341,15,0.335
load_0.5x,corridor,5,range_aware,200,12.7135,0.0,0.0,0.0,4.588991,12.7135,0.0,1.0,12.75341,1,1.0
load_0.5x,corridor,6,nearest,200,20.903488,19.90348,101.180045,0.33,0.316333,1.000008,11.103218,1.0,11.968963,61,0.1
load_0.5x,corridor,6,dijkstra,200,21.570851,20.371501,103.908571,0.38,0.382422,1.19935,11.449411,1.0,12.052224,54,0.095
load_0.5x,corridor,6,cost_optimized,200,6.306922,3.318956,29.987575,0.08,1.028802,2.987967,0.106266,1.0,11.528074,10,0.445
load_0.5x,corridor,6,static_queue,200,2.71275,0.28565,0.0,0.025,0.845174,2.4271,0.008118,1.0,11.482717,11,0.35
load_0.5x,corridor,6,queue_aware,200,2.605548,0.065198,0.0,0.005,0.875731,2.54035,0.01231,1.0,11.47839,12,0.335
load_0.5x,corridor,6,range_aware,200,12.337758,0.0,0.0,0.0,4.439914,12.337758,0.0,1.0,11.47839,1,1.0
load_0.5x,corridor,7,nearest,200,24.303698,23.394365,135.855442,0.3,0.285496,0.909333,10.829427,1.0,11.050348,60,0.115
load_0.5x,corridor,7,dijkstra,200,25.615346,24.546738,146.262621,0.32,0.340614,1.068608,10.78466,1.0,11.082756,52,0.105
load_0.5x,corridor,7,cost_optimized,200,8.469225,5.4334,38.584368,0.12,1.049909,3.035825,0.134641,1.0,10.427801,10,0.42
load_0.5x,corridor,7,static_queue,200,3.404105,1.096646,4.201792,0.07,0.810032,2.307458,0.012426,1.0,10.402225,10,0.305
load_0.5x,corridor,7,queue_aware,200,2.457242,0.0,0.0,0.0,0.856863,2.457242,0.013737,1.0,10.3632,14,0.325
load_0.5x,corridor,7,range_aware,200,12.645517,0.0,0.0,0.0,4.560456,12.645517,0.0,1.0,10.3632,1,1.0
load_0.5x,corridor,8,nearest,200,33.26404,32.173965,135.31784,0.48,0.342909,1.090075,11.957172,1.0,11.514089,51,0.135
load_0.5x,corridor,8,dijkstra,200,33.806584,32.560401,135.31784,0.465,0.394384,1.246183,11.564033,1.0,11.596084,48,0.125
load_0.5x,corridor,8,cost_optimized,200,4.364932,1.294157,8.325813,0.095,1.065749,3.070775,0.121407,1.0,10.624183,10,0.435
load_0.5x,corridor,8,static_queue,200,2.555042,0.0,0.0,0.0,0.895382,2.555042,0.010013,1.0,10.619049,11,0.34
load_0.5x,corridor,8,queue_aware,200,2.676692,0.0,0.0,0.0,0.933285,2.676692,0.009277,1.0,10.619049,14,0.335
load_0.5x,corridor,8,range_aware,200,12.630233,0.0,0.0,0.0,4.551503,12.630233,0.0,1.0,10.619049,2,0.995
load_0.5x,corridor,9,nearest,200,19.379536,18.473811,120.041009,0.285,0.300944,0.905725,11.367017,1.0,10.386536,54,0.11
load_0.5x,corridor,9,dijkstra,200,17.558926,16.479834,110.199062,0.29,0.364252,1.079092,11.452732,1.0,10.541542,53,0.09
load_0.5x,corridor,9,cost_optimized,200,5.341319,2.305652,0.0,0.045,1.073079,3.035667,0.11238,1.0,9.932099,10,0.385
load_0.5x,corridor,9,static_queue,200,2.400017,0.0,0.0,0.0,0.867184,2.400017,0.010671,1.0,9.9126,11,0.29
load_0.5x,corridor,9,queue_aware,200,2.491317,0.0,0.0,0.0,0.89444,2.491317,0.009906,1.0,9.911846,14,0.315
load_0.5x,corridor,9,range_aware,200,12.501842,0.0,0.0,0.0,4.527474,12.501842,0.0,1.0,9.911846,1,1.0
load_0.5x,corridor,10,nearest,200,17.966189,16.875822,90.700615,0.355,0.345375,1.090367,11.487499,1.0,10.890202,52,0.135
load_0.5x,corridor,10,dijkstra,200,19.090641,17.764199,95.408634,0.37,0.424808,1.326442,11.906064,1.0,10.935641,47,0.12
load_0.5x,corridor,10,cost_optimized,200,8.553657,5.31154,8.52238,0.085,1.120426,3.242117,0.0962,1.0,10.412301,10,0.435
load_0.5x,corridor,10,static_queue,200,2.678363,0.073096,0.0,0.01,0.912698,2.605267,0.008747,1.0,10.393823,11,0.355
load_0.5x,corridor,10,queue_aware,200,2.71295,0.0,0.0,0.0,0.944639,2.71295,0.009466,1.0,10.390476,15,0.34
load_0.5x,corridor,10,range_aware,200,12.715242,0.0,0.0,0.0,4.588095,12.715242,0.0,1.0,10.390476,1,1.0
load_0.5x,corridor,11,nearest,200,39.232361,38.214286,202.628528,0.34,0.321444,1.018075,10.913049,1.0,13.034439,59,0.115
load_0.5x,corridor,11,dijkstra,200,36.000624,34.77914,165.987759,0.375,0.393314,1.221483,11.268283,1.0,13.049336,54,0.09
load_0.5x,corridor,11,cost_optimized,200,4.48133,1.39358,4.032522,0.055,1.067317,3.08775,0.096274,1.0,11.811066,10,0.46
load_0.5x,corridor,11,static_queue,200,2.786187,0.258204,0.0,0.025,0.887232,2.527983,0.010481,1.0,11.760053,10,0.355
load_0.5x,corridor,11,queue_aware,200,2.62445,0.0,0.0,0.0,0.917734,2.62445,0.011074,1.0,11.760053,14,0.395
load_0.5x,corridor,11,range_aware,200,12.463733,0.0,0.0,0.0,4.491355,12.463733,0.0,1.0,11.760053,1,1.0
load_0.5x,corridor,12,nearest,200,24.948659,23.915259,116.898604,0.355,0.321129,1.0334,11.500504,1.0,10.644979,51,0.11
load_0.5x,corridor,12,dijkstra,200,23.700992,22.487267,118.802322,0.3,0.385841,1.213725,11.383212,1.0,10.618216,52,0.085
load_0.5x,corridor,12,cost_optimized,200,5.367138,2.423279,20.081383,0.11,1.027512,2.943858,0.124685,1.0,9.784519,10,0.415
load_0.5x,corridor,12,static_queue,200,2.500971,0.040112,0.0,0.015,0.871165,2.460858,0.010152,1.0,9.772787,10,0.335
load_0.5x,corridor,12,queue_aware,200,2.607217,0.0,0.0,0.0,0.921584,2.607217,0.009117,1.0,9.772787,13,0.355
load_0.5x,corridor,12,range_aware,200,12.56435,0.0,0.0,0.0,4.536576,12.56435,0.0,1.0,9.772787,1,1.0
load_0.5x,corridor,13,nearest,200,15.768309,14.890834,80.999504,0.28,0.286588,0.877475,11.494316,1.0,11.388746,56,0.085
load_0.5x,corridor,13,dijkstra,200,14.136274,13.090774,75.034488,0.27,0.342934,1.0455,11.836851,1.0,11.275679,54,0.07
load_0.5x,corridor,13,cost_optimized,200,13.667219,10.696578,87.061669,0.145,1.044863,2.970642,0.137398,1.0,10.700327,9,0.435
load_0.5x,corridor,13,static_queue,200,2.651751,0.227376,0.0,0.015,0.866213,2.424375,0.010803,1.0,10.683889,10,0.31
load_0.5x,corridor,13,queue_aware,200,2.557642,0.0,0.0,0.0,0.911528,2.557642,0.010702,1.0,10.677019,11,0.315
load_0.5x,corridor,13,range_aware,200,12.675158,0.0,0.0,0.0,4.583395,12.675158,0.0,1.0,10.676938,1,1.0
load_0.5x,corridor,14,nearest,200,24.703787,23.698295,123.149481,0.365,0.324815,1.005492,11.567493,1.0,12.165077,53,0.13
load_0.5x,corridor,14,dijkstra,200,20.37165,19.167567,105.952985,0.325,0.392216,1.204083,11.507183,1.0,12.096019,53,0.095
load_0.5x,corridor,14,cost_optimized,200,6.697451,3.594626,23.091233,0.1,1.081337,3.102825,0.124538,1.0,11.677761,9,0.425
load_0.5x,corridor,14,static_queue,200,2.841923,0.268657,0.0,0.02,0.908287,2.573267,0.010495,1.0,11.649644,10,0.33
load_0.5x,corridor,14,queue_aware,200,2.708458,0.0,0.0,0.0,0.949808,2.708458,0.009794,1.0,11.649147,14,0.335
load_0.5x,corridor,14,range_aware,200,12.611475,0.0,0.0,0.0,4.554732,12.611475,0.0,1.0,11.645283,1,1.0
load_0.5x,corridor,15,nearest,200,32.487805,31.545938,184.437484,0.355,0.301177,0.941867,11.70621,1.0,11.835458,56,0.125
load_0.5x,corridor,15,dijkstra,200,31.271204,30.165712,190.643996,0.345,0.355795,1.105492,11.585897,1.0,11.735558,52,0.11
load_0.5x,corridor,15,cost_optimized,200,4.80224,1.77139,7.120938,0.09,1.058653,3.03085,0.089815,1.0,10.614798,10,0.49
load_0.5x,corridor,15,static_queue,200,3.059826,0.532251,0.0,0.03,0.894614,2.527575,0.010349,1.0,10.579834,11,0.36
load_0.5x,corridor,15,queue_aware,200,2.705646,0.051704,0.0,0.01,0.932611,2.653942,0.010446,1.0,10.564864,13,0.355
load_0.5x,corridor,15,range_aware,200,12.357475,0.0,0.0,0.0,4.453837,12.357475,0.0,1.0,10.564049,1,1.0
load_0.5x,corridor,16,nearest,200,37.667707,36.759957,221.181076,0.32,0.290516,0.90775,11.370667,1.0,12.473033,52,0.115
load_0.5x,corridor,16,dijkstra,200,31.442014,30.430472,188.412712,0.31,0.326269,1.011542,11.380352,1.0,12.368234,51,0.09
load_0.5x,corridor,16,cost_optimized,200,5.40248,2.451921,20.629613,0.095,1.036225,2.950558,0.124663,1.0,11.611256,10,0.435
load_0.5x,corridor,16,static_queue,200,2.381408,0.0,0.0,0.0,0.843426,2.381408,0.009544,1.0,11.593137,11,0.325
load_0.5x,corridor,16,queue_aware,200,2.46145,0.0,0.0,0.0,0.867116,2.46145,0.008606,1.0,11.593137,13,0.33
load_0.5x,corridor,16,range_aware,200,12.423558,0.0,0.0,0.0,4.483614,12.423558,0.0,1.0,11.591963,1,1.0
load_0.5x,corridor,17,nearest,200,40.828921,39.669505,249.148492,0.36,0.370018,1.159417,11.243208,1.0,11.671206,56,0.15
load_0.5x,corridor,17,dijkstra,200,25.546632,24.170024,126.400484,0.39,0.446004,1.376608,11.458605,1.0,11.495546,51,0.11
load_0.5x,corridor,17,cost_optimized,200,4.283486,1.07512,2.583614,0.065,1.115318,3.208367,0.105519,1.0,10.685345,10,0.44
load_0.5x,corridor,17,static_queue,200,2.768112,0.054937,0.0,0.01,0.953213,2.713175,0.009054,1.0,10.679861,10,0.35
load_0.5x,corridor,17,queue_aware,200,2.811192,0.0,0.0,0.0,0.982484,2.811192,0.008515,1.0,10.679861,13,0.36
load_0.5x,corridor,17,range_aware,200,12.617292,0.0,0.0,0.0,4.550376,12.617292,0.0,1.0,10.679861,1,1.0
load_0.5x,corridor,18,nearest,200,28.235622,27.191939,155.977709,0.36,0.337974,1.043683,11.500994,1.0,12.125629,58,0.13
load_0.5x,corridor,18,dijkstra,200,27.023289,25.845739,147.537593,0.37,0.383053,1.17755,11.446704,1.0,12.10128,52,0.125
load_0.5x,corridor,18,cost_optimized,200,7.094243,3.984818,12.373547,0.105,1.09682,3.109425,0.121217,1.0,11.453907,10,0.43
load_0.5x,corridor,18,static_queue,200,2.720371,0.192155,0.0,0.04,0.904095,2.528217,0.009998,1.0,11.39992,11,0.335
load_0.5x,corridor,18,queue_aware,200,2.744824,0.064466,0.0,0.015,0.946705,2.680358,0.009086,1.0,11.407485,13,0.33
load_0.5x,corridor,18,range_aware,200,12.613475,0.0,0.0,0.0,4.557932,12.613475,0.0,1.0,11.399162,1,1.0
load_0.5x,corridor,19,nearest,200,23.765539,22.79683,127.945765,0.335,0.29892,0.968708,11.890505,1.0,9.477558,56,0.085
load_0.5x,corridor,19,dijkstra,200,24.673614,23.537289,127.945765,0.33,0.360082,1.136325,11.963682,1.0,9.689625,57,0.08
load_0.5x,corridor,19,cost_optimized,200,5.625668,2.604627,13.716623,0.095,1.050002,3.021042,0.114721,1.0,9.048031,10,0.42
load_0.5x,corridor,19,static_queue,200,2.702079,0.181088,0.0,0.025,0.876734,2.520992,0.009691,1.0,9.017402,10,0.31
load_0.5x,corridor,19,queue_aware,200,2.684286,0.03537,0.0,0.005,0.915197,2.648917,0.00897,1.0,9.016553,14,0.33
load_0.5x,corridor,19,range_aware,200,12.437058,0.0,0.0,0.0,4.473976,12.437058,0.0,1.0,9.016009,1,1.0
load_0.5x,corridor,20,nearest,200,18.42925,17.417017,114.46999,0.295,0.329103,1.012233,11.183051,1.0,10.975694,53,0.125
load_0.5x,corridor,20,dijkstra,200,16.597402,15.431218,96.17784,0.315,0.384779,1.166183,10.866081,1.0,11.315788,48,0.105
load_0.5x,corridor,20,cost_optimized,200,3.773398,0.695498,0.0,0.045,1.084649,3.0779,0.127559,1.0,10.705482,10,0.45
load_0.5x,corridor,20,static_queue,200,2.83653,0.347846,0.0,0.03,0.883024,2.488683,0.012097,1.0,10.702236,11,0.305
load_0.5x,corridor,20,queue_aware,200,2.585233,0.0,0.0,0.0,0.909772,2.585233,0.011501,1.0,10.702236,12,0.335
load_0.5x,corridor,20,range_aware,200,12.537717,0.0,0.0,0.0,4.522791,12.537717,0.0,1.0,10.702236,1,1.0
load_0.5x,corridor,21,nearest,200,60.178813,59.17948,346.311499,0.405,0.325305,0.999333,11.040523,1.0,12.496193,52,0.135
load_0.5x,corridor,21,dijkstra,200,50.897527,49.755794,310.474417,0.415,0.37113,1.141733,11.068612,1.0,12.18921,49,0.12
load_0.5x,corridor,21,cost_optimized,200,5.72181,2.573944,17.724539,0.15,1.10078,3.147867,0.080027,1.0,11.016916,10,0.42
load_0.5x,corridor,21,static_queue,200,2.740836,0.28397,0.0,0.025,0.874443,2.456867,0.010013,1.0,10.988744,11,0.335
load_0.5x,corridor,21,queue_aware,200,2.596654,0.000754,0.0,0.005,0.913587,2.5959,0.009709,1.0,10.988744,14,0.305
load_0.5x,corridor,21,range_aware,200,12.655317,0.0,0.0,0.0,4.574664,12.655317,0.0,1.0,10.986838,1,1.0
load_0.5x,corridor,22,nearest,200,26.498409,25.498784,135.485833,0.345,0.319989,0.999625,11.116392,1.0,12.042954,56,0.09
load_0.5x,corridor,22,dijkstra,200,25.501315,24.316015,125.792311,0.385,0.383095,1.1853,11.198456,1.0,12.058065,50,0.08
load_0.5x,corridor,22,cost_optimized,200,6.0551,3.101325,25.113498,0.11,1.032251,2.953775,0.099485,1.0,10.934651,10,0.465
load_0.5x,corridor,22,static_queue,200,2.868242,0.475267,0.0,0.04,0.848168,2.392975,0.011929,1.0,10.893936,10,0.34
load_0.5x,corridor,22,queue_aware,200,2.854362,0.339212,0.0,0.02,0.883449,2.51515,0.011081,1.0,10.893936,15,0.35
load_0.5x,corridor,22,range_aware,200,12.576567,0.0,0.0,0.0,4.542884,12.576567,0.0,1.0,10.893936,1,1.0
load_0.5x,corridor,23,nearest,200,24.105102,23.087627,127.220377,0.32,0.334227,1.017475,11.157976,1.0,13.207875,52,0.125
load_0.5x,corridor,23,dijkstra,200,27.0357,25.866933,139.813151,0.335,0.390043,1.168767,11.643054,1.0,13.396326,51,0.115
load_0.5x,corridor,23,cost_optimized,200,4.985555,1.944421,18.339924,0.115,1.069539,3.041133,0.128232,1.0,12.88937,10,0.41
load_0.5x,corridor,23,static_queue,200,2.599829,0.169879,0.0,0.025,0.873597,2.42995,0.010817,1.0,12.856545,11,0.32
load_0.5x,corridor,23,queue_aware,200,2.616275,0.0,0.0,0.0,0.929974,2.616275,0.009919,1.0,12.847527,14,0.3
load_0.5x,corridor,23,range_aware,200,12.755775,0.0,0.0,0.0,4.613102,12.755775,0.0,1.0,12.847527,1,1.0
load_0.5x,corridor,24,nearest,200,18.819179,17.771562,102.67038,0.29,0.300843,1.047617,11.234167,1.0,11.684947,55,0.08
load_0.5x,corridor,24,dijkstra,200,17.851864,16.613881,89.399517,0.3,0.366916,1.237983,10.923238,1.0,11.848247,52,0.075
load_0.5x,corridor,24,cost_optimized,200,3.875909,0.935359,0.0,0.04,1.003952,2.94055,0.102527,1.0,11.210169,9,0.43
load_0.5x,corridor,24,static_queue,200,2.671677,0.353752,0.0,0.035,0.793057,2.317925,0.0113,1.0,11.21311,11,0.325
load_0.5x,corridor,24,queue_aware,200,2.457235,0.042127,0.0,0.01,0.822583,2.415108,0.011339,1.0,11.203887,12,0.34
load_0.5x,corridor,24,range_aware,200,12.633258,0.0,0.0,0.0,4.527459,12.633258,0.0,1.0,11.203887,1,1.0
load_0.5x,corridor,25,nearest,200,17.001582,16.113907,93.431108,0.27,0.29254,0.887675,10.916224,1.0,12.468586,57,0.115
load_0.5x,corridor,25,dijkstra,200,15.465669,14.391978,91.905503,0.295,0.356267,1.073692,11.19861,1.0,12.335557,53,0.1
load_0.5x,corridor,25,cost_optimized,200,6.100049,3.136382,21.033264,0.1,1.037489,2.963667,0.118093,1.0,11.429628,10,0.41
load_0.5x,corridor,25,static_queue,200,2.737424,0.329965,0.0,0.015,0.852865,2.407458,0.010327,1.0,11.362505,10,0.325
load_0.5x,corridor,25,queue_aware,200,2.482075,0.0,0.0,0.0,0.871485,2.482075,0.012913,1.0,11.360954,14,0.315
load_0.5x,corridor,25,range_aware,200,12.62325,0.0,0.0,0.0,4.562156,12.62325,0.0,1.0,11.360954,1,1.0
load_0.5x,corridor,26,nearest,200,51.007336,49.930686,318.954528,0.385,0.345691,1.07665,11.427971,1.0,12.451718,57,0.13
load_0.5x,corridor,26,dijkstra,200,49.663834,48.405125,312.500944,0.4,0.40436,1.258708,11.643208,1.0,12.455866,51,0.125
load_0.5x,corridor,26,cost_optimized,200,5.419826,2.478484,19.200072,0.115,1.036948,2.941342,0.111607,1.0,11.173823,9,0.465
load_0.5x,corridor,26,static_queue,200,2.775453,0.30542,0.0,0.045,0.869652,2.470033,0.011139,1.0,11.125426,10,0.315
load_0.5x,corridor,26,queue_aware,200,2.656395,0.05217,0.0,0.01,0.909629,2.604225,0.010387,1.0,11.125426,14,0.34
load_0.5x,corridor,26,range_aware,200,12.119017,0.0,0.0,0.0,4.362596,12.119017,0.0,1.0,11.122889,2,0.995
load_0.5x,corridor,27,nearest,200,22.41774,21.405257,113.223118,0.285,0.319044,1.012483,11.506217,1.0,11.504559,60,0.11
load_0.5x,corridor,27,dijkstra,200,22.561968,21.386693,105.800991,0.29,0.376313,1.175275,11.718755,1.0,11.814173,52,0.09
load_0.5x,corridor,27,cost_optimized,200,4.18481,1.34521,9.620422,0.105,0.999126,2.8396,0.121525,1.0,10.946543,10,0.465
load_0.5x,corridor,27,static_queue,200,3.014194,0.611394,0.0,0.04,0.855108,2.4028,0.011936,1.0,10.937484,11,0.35
load_0.5x,corridor,27,queue_aware,200,2.560292,0.0,0.0,0.0,0.907625,2.560292,0.016818,1.0,10.937463,15,0.36
load_0.5x,corridor,27,range_aware,200,12.40275,0.0,0.0,0.0,4.471154,12.40275,0.0,1.0,10.937463,1,1.0
load_0.5x,corridor,28,nearest,200,24.754758,23.707392,141.370706,0.32,0.335514,1.047367,11.037041,1.0,11.448733,51,0.125
load_0.5x,corridor,28,dijkstra,200,30.461989,29.280006,187.314473,0.355,0.384687,1.181983,11.512749,1.0,11.674538,50,0.11
load_0.5x,corridor,28,cost_optimized,200,10.781538,7.749454,63.701871,0.125,1.055717,3.032083,0.118561,1.0,10.641097,10,0.43
load_0.5x,corridor,28,static_queue,200,2.98973,0.55943,0.0,0.045,0.856242,2.4303,0.009734,1.0,10.546405,11,0.33
load_0.5x,corridor,28,queue_aware,200,2.678731,0.113115,0.0,0.01,0.893481,2.565617,0.010145,1.0,10.522515,13,0.365
load_0.5x,corridor,28,range_aware,200,12.630683,0.0,0.0,0.0,4.550054,12.630683,0.0,1.0,10.522515,1,1.0
load_0.5x,corridor,29,nearest,200,42.51816,41.531285,226.816678,0.38,0.318872,0.986875,11.83653,1.0,11.462529,52,0.12
load_0.5x,corridor,29,dijkstra,200,42.444617,41.271959,214.049532,0.395,0.380707,1.172658,11.582422,1.0,11.487644,51,0.11
load_0.5x,corridor,29,cost_optimized,200,7.866915,5.000765,38.974248,0.13,1.018893,2.86615,0.143228,1.0,10.72128,9,0.45
load_0.5x,corridor,29,static_queue,200,2.567186,0.084928,0.0,0.015,0.880394,2.482258,0.010327,1.0,10.705874,10,0.35
load_0.5x,corridor,29,queue_aware,200,2.605492,0.0,0.0,0.0,0.918088,2.605492,0.009949,1.0,10.704933,15,0.35
load_0.5x,corridor,29,range_aware,200,12.365,0.0,0.0,0.0,4.465399,12.365,0.0,1.0,10.700806,1,1.0
load_0.5x,hotspot,0,nearest,200,477.730584,476.616634,1838.532465,0.78,0.370214,1.11395,13.333333,1.0,13.420856,12,0.37
load_0.5x,hotspot,0,dijkstra,200,481.122773,479.660473,1676.314239,0.785,0.503472,1.4623,13.333333,1.0,13.115112,11,0.405
load_0.5x,hotspot,0,cost_optimized,200,3.688927,0.317244,0.820516,0.065,1.082421,3.371683,0.057735,1.0,10.361939,4,0.5
load_0.5x,hotspot,0,static_queue,200,3.613512,0.21147,0.0,0.045,1.118519,3.402042,0.005897,1.0,10.361939,5,0.5
load_0.5x,hotspot,0,queue_aware,200,3.578708,0.0,0.0,0.0,1.209832,3.578708,0.016892,1.0,10.363828,8,0.465
load_0.5x,hotspot,0,range_aware,200,14.274042,0.0,0.0,0.0,5.197781,14.274042,0.0,1.0,10.360963,1,1.0
load_0.5x,hotspot,1,nearest,200,287.148473,286.063806,1031.235476,0.775,0.364412,1.084667,13.333333,1.0,13.651522,11,0.33
load_0.5x,hotspot,1,dijkstra,200,330.350399,328.937799,1240.585118,0.82,0.485218,1.4126,13.333333,1.0,13.325731,10,0.35
load_0.5x,hotspot,1,cost_optimized,200,6.000751,2.560343,14.593706,0.1,1.104159,3.440408,0.083218,1.0,11.170989,4,0.4
load_0.5x,hotspot,1,static_queue,200,4.218547,0.776088,0.203853,0.055,1.149825,3.442458,0.006855,1.0,11.178829,5,0.4
load_0.5x,hotspot,1,queue_aware,200,3.56175,0.0,0.0,0.0,1.221239,3.56175,0.01378,1.0,11.164909,9,0.4
load_0.5x,hotspot,1,range_aware,200,14.468975,0.0,0.0,0.0,5.280058,14.468975,0.0,1.0,11.15717,1,1.0
load_0.5x,hotspot,2,nearest,200,331.814419,330.779494,1116.582537,0.765,0.330128,1.034925,13.333333,1.0,13.127817,11,0.365
load_0.5x,hotspot,2,dijkstra,200,351.672175,350.338825,1267.188529,0.76,0.445464,1.33335,13.333333,1.0,12.616566,10,0.375
load_0.5x,hotspot,2,cost_optimized,200,9.332053,5.91612,45.678238,0.185,1.05597,3.415933,0.057879,1.0,10.921904,4,0.415
load_0.5x,hotspot,2,static_queue,200,7.900199,4.485649,38.853021,0.145,1.084674,3.41455,0.005698,1.0,10.908126,5,0.4
load_0.5x,hotspot,2,queue_aware,200,3.632231,0.068173,0.0,0.01,1.191021,3.564058,0.014153,1.0,10.893029,9,0.435
load_0.5x,hotspot,2,range_aware,200,14.494375,0.0,0.0,0.0,5.272614,14.494375,0.0,1.0,10.893029,1,1.0
load_0.5x,hotspot,3,nearest,200,445.566586,444.481511,1772.67209,0.715,0.366993,1.085075,13.333333,1.0,13.378244,12,0.415
load_0.5x,hotspot,3,dijkstra,200,573.007179,571.552854,2052.586569,0.74,0.499563,1.454325,13.333333,1.0,13.615101,10,0.475
load_0.5x,hotspot,3,cost_optimized,200,5.381519,2.004386,15.939787,0.14,1.086747,3.377133,0.041841,1.0,11.546922,4,0.54
load_0.5x,hotspot,3,static_queue,200,5.397755,2.003713,15.939787,0.135,1.112198,3.394042,0.003827,1.0,11.512263,5,0.54
load_0.5x,hotspot,3,queue_aware,200,3.807025,0.145325,0.0,0.02,1.24354,3.6617,0.016249,1.0,11.495928,9,0.48
load_0.5x,hotspot,3,range_aware,200,14.287675,0.0,0.0,0.0,5.208223,14.287675,0.0,1.0,11.492878,1,1.0
load_0.5x,hotspot,4,nearest,200,293.035308,292.080091,1117.334131,0.78,0.321106,0.955217,13.333333,1.0,12.236843,12,0.31
load_0.5x,hotspot,4,dijkstra,200,481.430888,480.262788,1785.434044,0.765,0.399953,1.1681,13.333333,1.0,12.651648,11,0.37
load_0.5x,hotspot,4,cost_optimized,200,5.342278,1.96632,11.048111,0.095,1.065743,3.375958,0.061039,1.0,10.159132,4,0.405
load_0.5x,hotspot,4,static_queue,200,4.687713,1.303105,3.587803,0.065,1.101971,3.384608,0.004557,1.0,10.157577,5,0.405
load_0.5x,hotspot,4,queue_aware,200,3.596853,0.017553,0.0,0.005,1.211893,3.5793,0.013473,1.0,10.155937,8,0.385
load_0.5x,hotspot,4,range_aware,200,14.4344,0.0,0.0,0.0,5.26973,14.4344,0.0,1.0,10.155937,1,1.0
load_0.5x,hotspot,5,nearest,200,541.450796,540.386896,2211.155173,0.73,0.355001,1.0639,13.333333,1.0,14.321225,12,0.37
load_0.5x,hotspot,5,dijkstra,200,696.598025,695.188659,2440.19287,0.785,0.482012,1.409367,13.333333,1.0,14.490633,11,0.435
load_0.5x,hotspot,5,cost_optimized,200,5.67666,2.210943,19.827507,0.09,1.099764,3.465717,0.048312,1.0,10.919556,4,0.445
load_0.5x,hotspot,5,static_queue,200,4.765285,1.338276,1.872517,0.06,1.118012,3.427008,0.005626,1.0,10.912191,5,0.445
load_0.5x,hotspot,5,queue_aware,200,3.6558,0.070808,0.0,0.005,1.21508,3.584992,0.015417,1.0,10.903648,9,0.445
load_0.5x,hotspot,5,range_aware,200,14.40705,0.0,0.0,0.0,5.253378,14.40705,0.0,1.0,10.900958,1,1.0
load_0.5x,hotspot,6,nearest,200,587.569574,586.535907,2432.202334,0.8,0.345494,1.033667,13.333333,1.0,13.885946,12,0.4
load_0.5x,hotspot,6,dijkstra,200,901.866529,900.442754,3411.61819,0.78,0.485313,1.423775,13.333333,1.0,13.432262,11,0.47
load_0.5x,hotspot,6,cost_optimized,200,5.412568,1.997368,11.784371,0.23,1.085299,3.4152,0.064106,1.0,10.613206,4,0.475
load_0.5x,hotspot,6,static_queue,200,4.760273,1.309215,9.472715,0.19,1.125707,3.451058,0.005926,1.0,10.612205,5,0.475
load_0.5x,hotspot,6,queue_aware,200,3.884148,0.297581,0.0,0.04,1.201756,3.586567,0.01652,1.0,10.607253,9,0.445
load_0.5x,hotspot,6,range_aware,200,14.344683,0.0,0.0,0.0,5.218525,14.344683,0.0,1.0,10.605665,1,1.0
load_0.5x,hotspot,7,nearest,200,357.26326,356.235443,1592.137364,0.665,0.347226,1.027817,13.333333,1.0,13.533448,12,0.42
load_0.5x,hotspot,7,dijkstra,200,446.376309,445.048384,1758.644229,0.745,0.461483,1.327925,13.333333,1.0,13.629364,10,0.445
load_0.5x,hotspot,7,cost_optimized,200,4.393142,1.003109,8.166778,0.075,1.09068,3.390033,0.041877,1.0,12.221769,4,0.515
load_0.5x,hotspot,7,static_queue,200,4.249561,0.865828,3.486741,0.065,1.109603,3.383733,0.004471,1.0,12.221769,5,0.515
load_0.5x,hotspot,7,queue_aware,200,3.5935,0.029692,0.0,0.005,1.206321,3.563808,0.015103,1.0,12.212777,9,0.465
load_0.5x,hotspot,7,range_aware,200,14.22795,0.0,0.0,0.0,5.18666,14.22795,0.0,1.0,12.212777,1,1.0
load_0.5x,hotspot,8,nearest,200,351.563733,350.428067,1299.609958,0.755,0.373425,1.135667,13.333333,1.0,12.762677,12,0.365
load_0.5x,hotspot,8,dijkstra,200,388.825475,387.301083,1324.096936,0.77,0.518821,1.524392,13.333333,1.0,12.836449,11,0.395
load_0.5x,hotspot,8,cost_optimized,200,4.533949,1.064307,9.464725,0.085,1.102373,3.469642,0.054604,1.0,10.623021,4,0.475
load_0.5x,hotspot,8,static_queue,200,4.252649,0.798374,1.858414,0.055,1.131035,3.454275,0.004785,1.0,10.628163,5,0.475
load_0.5x,hotspot,8,queue_aware,200,3.666042,0.0,0.0,0.0,1.236123,3.666042,0.014033,1.0,10.619166,9,0.435
load_0.5x,hotspot,8,range_aware,200,14.375375,0.0,0.0,0.0,5.233225,14.375375,0.0,1.0,10.61742,1,1.0
load_0.5x,hotspot,9,nearest,200,375.269758,374.202,1190.875754,0.805,0.356522,1.067758,13.333333,1.0,13.866133,12,0.36
load_0.5x,hotspot,9,dijkstra,200,444.99851,443.637677,1476.658134,0.83,0.468087,1.360833,13.333333,1.0,14.255623,10,0.375
load_0.5x,hotspot,9,cost_optimized,200,4.91134,1.599615,9.107681,0.095,1.055315,3.311725,0.070441,1.0,11.230874,4,0.475
load_0.5x,hotspot,9,static_queue,200,3.928456,0.536539,3.726469,0.07,1.106183,3.391917,0.00594,1.0,11.230866,5,0.475
load_0.5x,hotspot,9,queue_aware,200,3.600783,0.0,0.0,0.0,1.208913,3.600783,0.015607,1.0,11.229617,8,0.465
load_0.5x,hotspot,9,range_aware,200,14.361008,0.0,0.0,0.0,5.230782,14.361008,0.0,1.0,11.229617,1,1.0
load_0.5x,hotspot,10,nearest,200,289.464898,288.410623,1292.511891,0.71,0.350969,1.054275,13.333333,1.0,11.978591,12,0.365
load_0.5x,hotspot,10,dijkstra,200,279.707512,278.309228,1147.921499,0.74,0.477274,1.398283,13.333333,1.0,11.830956,11,0.39
load_0.5x,hotspot,10,cost_optimized,200,5.906086,2.541586,19.277598,0.145,1.074026,3.3645,0.070441,1.0,10.191977,4,0.475
load_0.5x,hotspot,10,static_queue,200,4.839834,1.417342,5.684888,0.085,1.122636,3.422492,0.005121,1.0,10.191977,5,0.475
load_0.5x,hotspot,10,queue_aware,200,3.638125,0.0,0.0,0.0,1.244794,3.638125,0.014808,1.0,10.191644,9,0.43
load_0.5x,hotspot,10,range_aware,200,14.393042,0.0,0.0,0.0,5.245182,14.393042,0.0,1.0,10.191644,1,1.0
load_0.5x,hotspot,11,nearest,200,458.553041,457.506466,1813.452961,0.76,0.358432,1.046575,13.333333,1.0,12.54136,12,0.385
load_0.5x,hotspot,11,dijkstra,200,487.185277,485.743127,1797.327403,0.745,0.50704,1.44215,13.333333,1.0,12.280997,11,0.425
load_0.5x,hotspot,11,cost_optimized,200,5.526611,2.221961,19.854123,0.08,1.071528,3.30465,0.086299,1.0,9.662444,4,0.46
load_0.5x,hotspot,11,static_queue,200,4.124087,0.756912,0.0,0.035,1.122395,3.367175,0.005904,1.0,9.648852,5,0.46
load_0.5x,hotspot,11,queue_aware,200,3.537543,0.002568,0.0,0.005,1.208525,3.534975,0.015745,1.0,9.647217,9,0.455
load_0.5x,hotspot,11,range_aware,200,14.326958,0.0,0.0,0.0,5.23319,14.326958,0.0,1.0,9.647217,1,1.0
load_0.5x,hotspot,12,nearest,200,618.743505,617.687155,2529.640034,0.795,0.357094,1.05635,13.333333,1.0,13.784712,12,0.4
load_0.5x,hotspot,12,dijkstra,200,683.98,682.637508,2777.190532,0.805,0.460515,1.342492,13.333333,1.0,13.717393,11,0.435
load_0.5x,hotspot,12,cost_optimized,200,6.47795,3.067075,29.364177,0.17,1.086832,3.410875,0.048255,1.0,11.575873,4,0.485
load_0.5x,hotspot,12,static_queue,200,5.303584,1.910692,11.240109,0.135,1.109837,3.392892,0.003863,1.0,11.549814,5,0.485
load_0.5x,hotspot,12,queue_aware,200,4.0243,0.455592,0.0,0.025,1.201859,3.568708,0.013867,1.0,11.545132,9,0.45
load_0.5x,hotspot,12,range_aware,200,14.366892,0.0,0.0,0.0,5.244036,14.366892,0.0,1.0,11.545132,1,1.0
load_0.5x,hotspot,13,nearest,200,392.664863,391.566213,1581.835095,0.785,0.361284,1.09865,13.333333,1.0,13.231938,12,0.345
load_0.5x,hotspot,13,dijkstra,200,516.165164,514.828914,2196.345227,0.815,0.446157,1.33625,13.333333,1.0,12.96641,10,0.395
load_0.5x,hotspot,13,cost_optimized,200,5.075433,1.668383,9.037304,0.125,1.088593,3.40705,0.095888,1.0,11.24015,4,0.4
load_0.5x,hotspot,13,static_queue,200,4.428722,0.955906,6.206313,0.08,1.151383,3.472817,0.007835,1.0,11.245456,5,0.4
load_0.5x,hotspot,13,queue_aware,200,3.623498,0.033731,0.0,0.005,1.225236,3.589767,0.01448,1.0,11.215399,9,0.435
load_0.5x,hotspot,13,range_aware,200,14.396925,0.0,0.0,0.0,5.241579,14.396925,0.0,1.0,11.214587,1,1.0
load_0.5x,hotspot,14,nearest,200,536.615546,535.496387,1971.912386,0.715,0.370738,1.119158,13.333333,1.0,15.652974,12,0.39
load_0.5x,hotspot,14,dijkstra,200,684.244367,682.853109,2252.913724,0.78,0.472186,1.391258,13.333333,1.0,16.607504,10,0.425
load_0.5x,hotspot,14,cost_optimized,200,7.018725,3.616766,22.229983,0.135,1.097763,3.401958,0.054561,1.0,11.196146,4,0.505
load_0.5x,hotspot,14,static_queue,200,5.823758,2.397633,11.075855,0.115,1.129765,3.426125,0.004471,1.0,11.192027,5,0.505
load_0.5x,hotspot,14,queue_aware,200,3.696052,0.068669,0.0,0.005,1.230235,3.627383,0.015913,1.0,11.185797,9,0.455
load_0.5x,hotspot,14,range_aware,200,14.334925,0.0,0.0,0.0,5.230125,14.334925,0.0,1.0,11.181445,1,1.0
load_0.5x,hotspot,15,nearest,200,533.45763,532.419622,2147.444691,0.715,0.342232,1.038008,13.333333,1.0,15.268684,12,0.405
load_0.5x,hotspot,15,dijkstra,200,528.221972,526.837097,2056.407132,0.73,0.472389,1.384875,13.333333,1.0,15.086115,10,0.41
load_0.5x,hotspot,15,cost_optimized,200,7.843401,4.526943,15.510495,0.12,1.062234,3.316458,0.083103,1.0,11.818259,4,0.48
load_0.5x,hotspot,15,static_queue,200,3.733554,0.368196,0.026628,0.05,1.117903,3.365358,0.006176,1.0,11.757156,5,0.48
load_0.5x,hotspot,15,queue_aware,200,3.581285,0.01276,0.0,0.005,1.217238,3.568525,0.013922,1.0,11.757156,9,0.455
load_0.5x,hotspot,15,range_aware,200,14.27555,0.0,0.0,0.0,5.195839,14.27555,0.0,1.0,11.757156,1,1.0
load_0.5x,hotspot,16,nearest,200,815.324907,814.154282,2875.379508,0.77,0.387424,1.170625,13.333333,1.0,15.650402,12,0.49
load_0.5x,hotspot,16,dijkstra,200,861.545849,859.991882,2956.610293,0.755,0.533042,1.553967,13.333333,1.0,16.238142,11,0.47
load_0.5x,hotspot,16,cost_optimized,200,7.607784,4.1066,38.164403,0.18,1.128742,3.501183,0.060903,1.0,10.717298,4,0.5
load_0.5x,hotspot,16,static_queue,200,5.565913,2.065979,18.206185,0.12,1.159029,3.499933,0.004764,1.0,10.710764,5,0.5
load_0.5x,hotspot,16,queue_aware,200,4.953845,1.275762,13.601549,0.075,1.252653,3.678083,0.015739,1.0,10.713062,9,0.455
load_0.5x,hotspot,16,range_aware,200,14.301983,0.0,0.0,0.0,5.211854,14.301983,0.0,1.0,10.698997,1,1.0
load_0.5x,hotspot,17,nearest,200,355.668036,354.572294,1280.151882,0.775,0.362161,1.095742,13.333333,1.0,11.91596,12,0.38
load_0.5x,hotspot,17,dijkstra,200,473.125142,471.713917,1573.220584,0.825,0.477837,1.411225,13.333333,1.0,12.043904,11,0.445
load_0.5x,hotspot,17,cost_optimized,200,5.522818,2.155468,20.262264,0.12,1.079226,3.36735,0.064084,1.0,10.083273,4,0.49
load_0.5x,hotspot,17,static_queue,200,4.055567,0.666576,2.409592,0.075,1.115254,3.388992,0.005246,1.0,10.05915,5,0.49
load_0.5x,hotspot,17,queue_aware,200,3.622488,0.023696,0.0,0.005,1.218526,3.598792,0.014312,1.0,10.045494,8,0.435
load_0.5x,hotspot,17,range_aware,200,14.33175,0.0,0.0,0.0,5.218948,14.33175,0.0,1.0,10.045494,1,1.0
load_0.5x,hotspot,18,nearest,200,634.215124,633.085708,2321.256407,0.74,0.375129,1.129417,13.333333,1.0,11.454652,12,0.38
load_0.5x,hotspot,18,dijkstra,200,446.464748,444.795482,1608.338442,0.815,0.574452,1.669267,13.333333,1.0,11.17442,11,0.35
load_0.5x,hotspot,18,cost_optimized,200,5.363044,1.882236,20.120467,0.115,1.118366,3.480808,0.045044,1.0,8.829348,4,0.515
load_0.5x,hotspot,18,static_queue,200,4.88792,1.449886,6.539444,0.11,1.132752,3.438033,0.003798,1.0,8.840127,5,0.515
load_0.5x,hotspot,18,queue_aware,200,3.722403,0.111953,0.0,0.015,1.225793,3.61045,0.015144,1.0,8.839876,9,0.46
load_0.5x,hotspot,18,range_aware,200,14.423733,0.0,0.0,0.0,5.258704,14.423733,0.0,1.0,8.826124,1,1.0
load_0.5x,hotspot,19,nearest,200,430.246268,429.177134,1632.872213,0.815,0.356061,1.069133,13.333333,1.0,15.249086,11,0.38
load_0.5x,hotspot,19,dijkstra,200,548.476955,547.023239,1939.55423,0.785,0.499594,1.453717,13.333333,1.0,16.249986,10,0.41
load_0.5x,hotspot,19,cost_optimized,200,4.627015,1.181573,7.121449,0.08,1.102486,3.445442,0.070498,1.0,10.747958,4,0.435
load_0.5x,hotspot,19,static_queue,200,3.909712,0.47077,0.0,0.035,1.133614,3.438942,0.005136,1.0,10.745231,5,0.435
load_0.5x,hotspot,19,queue_aware,200,3.59925,0.0,0.0,0.0,1.226243,3.59925,0.013041,1.0,10.745231,9,0.425
load_0.5x,hotspot,19,range_aware,200,14.379725,0.0,0.0,0.0,5.245595,14.379725,0.0,1.0,10.745231,1,1.0
load_0.5x,hotspot,20,nearest,200,353.325987,352.218887,1534.156512,0.73,0.354737,1.1071,13.333333,1.0,12.753683,12,0.36
load_0.5x,hotspot,20,dijkstra,200,377.69962,376.22052,1503.389789,0.73,0.496555,1.4791,13.333333,1.0,12.280132,11,0.4
load_0.5x,hotspot,20,cost_optimized,200,3.566155,0.178722,0.0,0.03,1.085334,3.387433,0.067259,1.0,10.126885,4,0.485
load_0.5x,hotspot,20,static_queue,200,3.39985,0.007508,0.0,0.005,1.116639,3.392342,0.005371,1.0,10.118933,5,0.485
load_0.5x,hotspot,20,queue_aware,200,3.547854,0.047479,0.0,0.005,1.175843,3.500375,0.014592,1.0,10.11764,9,0.47
load_0.5x,hotspot,20,range_aware,200,14.331267,0.0,0.0,0.0,5.213708,14.331267,0.0,1.0,10.116823,1,1.0
load_0.5x,hotspot,21,nearest,200,440.419474,439.284124,1631.576253,0.77,0.363535,1.13535,13.333333,1.0,13.744337,12,0.405
load_0.5x,hotspot,21,dijkstra,200,500.934907,499.501274,1842.105921,0.835,0.475901,1.433633,13.333333,1.0,13.81699,10,0.45
load_0.5x,hotspot,21,cost_optimized,200,6.845118,3.415276,25.711304,0.17,1.092157,3.429842,0.067273,1.0,11.095479,4,0.475
load_0.5x,hotspot,21,static_queue,200,5.450914,1.981156,17.639073,0.13,1.132315,3.469758,0.005275,1.0,11.086982,5,0.475
load_0.5x,hotspot,21,queue_aware,200,3.631304,0.023271,0.0,0.01,1.215694,3.608033,0.015584,1.0,11.067712,9,0.45
load_0.5x,hotspot,21,range_aware,200,14.353625,0.0,0.0,0.0,5.220432,14.353625,0.0,1.0,11.067712,1,1.0
load_0.5x,hotspot,22,nearest,200,510.289929,509.150695,1831.276392,0.78,0.371664,1.139233,13.333333,1.0,14.426664,12,0.455
load_0.5x,hotspot,22,dijkstra,200,454.421311,452.926986,1734.58244,0.745,0.505869,1.494325,13.333333,1.0,14.303237,10,0.435
load_0.5x,hotspot,22,cost_optimized,200,5.259746,1.862146,11.194501,0.11,1.081585,3.3976,0.073637,1.0,12.691411,4,0.455
load_0.5x,hotspot,22,static_queue,200,3.92988,0.494413,2.788003,0.06,1.119815,3.435467,0.005618,1.0,12.667619,5,0.455
load_0.5x,hotspot,22,queue_aware,200,3.636873,0.064448,0.0,0.01,1.201157,3.572425,0.016396,1.0,12.667872,9,0.475
load_0.5x,hotspot,22,range_aware,200,14.38285,0.0,0.0,0.0,5.234669,14.38285,0.0,1.0,12.658845,1,1.0
load_0.5x,hotspot,23,nearest,200,405.747362,404.642645,1707.040908,0.805,0.364434,1.104717,13.333333,1.0,14.771738,12,0.415
load_0.5x,hotspot,23,dijkstra,200,535.29369,533.763473,2147.20435,0.78,0.523481,1.530217,13.333333,1.0,15.497585,11,0.41
load_0.5x,hotspot,23,cost_optimized,200,5.93065,2.61795,20.932801,0.16,1.067235,3.3127,0.08622,1.0,10.53643,4,0.515
load_0.5x,hotspot,23,static_queue,200,5.108422,1.704522,13.782375,0.125,1.123012,3.4039,0.005546,1.0,10.519593,5,0.515
load_0.5x,hotspot,23,queue_aware,200,3.687225,0.107025,0.0,0.025,1.221012,3.5802,0.014809,1.0,10.516062,9,0.485
load_0.5x,hotspot,23,range_aware,200,14.263167,0.0,0.0,0.0,5.19022,14.263167,0.0,1.0,10.516062,1,1.0
load_0.5x,hotspot,24,nearest,200,476.508,475.399017,1625.79668,0.77,0.35798,1.108983,13.333333,1.0,12.647586,12,0.4
load_0.5x,hotspot,24,dijkstra,200,499.302837,497.845062,1766.243967,0.82,0.487158,1.457775,13.333333,1.0,12.320656,10,0.41
load_0.5x,hotspot,24,cost_optimized,200,5.385163,2.053805,15.112321,0.16,1.062209,3.331358,0.076718,1.0,9.844842,4,0.515
load_0.5x,hotspot,24,static_queue,200,5.45345,2.035191,15.016137,0.155,1.11527,3.418258,0.0054,1.0,9.844842,5,0.515
load_0.5x,hotspot,24,queue_aware,200,4.057138,0.379813,0.0,0.035,1.237068,3.677325,0.014991,1.0,9.844842,8,0.45
load_0.5x,hotspot,24,range_aware,200,14.324508,0.0,0.0,0.0,5.206982,14.324508,0.0,1.0,9.843988,1,1.0
load_0.5x,hotspot,25,nearest,200,314.735783,313.661433,1407.283994,0.71,0.362259,1.07435,13.333333,1.0,13.133553,12,0.375
load_0.5x,hotspot,25,dijkstra,200,432.229068,430.81631,1715.087434,0.745,0.488861,1.412758,13.333333,1.0,13.309723,10,0.415
load_0.5x,hotspot,25,cost_optimized,200,4.713081,1.266739,5.941021,0.08,1.101176,3.446342,0.048291,1.0,11.155477,4,0.46
load_0.5x,hotspot,25,static_queue,200,4.403688,0.96908,4.680191,0.055,1.121684,3.434608,0.004996,1.0,11.154627,5,0.46
load_0.5x,hotspot,25,queue_aware,200,3.586042,0.0,0.0,0.0,1.214036,3.586042,0.016102,1.0,11.153811,8,0.445
load_0.5x,hotspot,25,range_aware,200,14.386417,0.0,0.0,0.0,5.24677,14.386417,0.0,1.0,11.148404,1,1.0
load_0.5x,hotspot,26,nearest,200,512.365908,511.323083,2072.515453,0.785,0.344084,1.042825,13.333333,1.0,16.413538,12,0.355
load_0.5x,hotspot,26,dijkstra,200,492.811588,491.417888,1990.014625,0.81,0.47455,1.3937,13.333333,1.0,16.259429,10,0.365
load_0.5x,hotspot,26,cost_optimized,200,5.22949,1.951281,17.746056,0.13,1.050982,3.278208,0.083081,1.0,12.700239,4,0.495
load_0.5x,hotspot,26,static_queue,200,4.163422,0.842831,3.299935,0.07,1.099265,3.320592,0.005839,1.0,12.666664,5,0.495
load_0.5x,hotspot,26,queue_aware,200,3.696092,0.189501,0.0,0.03,1.186364,3.506592,0.016031,1.0,12.663871,9,0.445
load_0.5x,hotspot,26,range_aware,200,14.39645,0.0,0.0,0.0,5.238432,14.39645,0.0,1.0,12.663871,1,1.0
load_0.5x,hotspot,27,nearest,200,564.994703,563.915261,2071.610475,0.735,0.359325,1.079442,13.333333,1.0,15.842251,12,0.37
load_0.5x,hotspot,27,dijkstra,200,731.040696,729.618596,2543.346127,0.75,0.48498,1.4221,13.333333,1.0,16.23688,10,0.415
load_0.5x,hotspot,27,cost_optimized,200,6.419084,3.076718,28.697183,0.15,1.082062,3.342367,0.060838,1.0,10.606524,4,0.545
load_0.5x,hotspot,27,static_queue,200,5.700858,2.338525,19.109625,0.125,1.116252,3.362333,0.005174,1.0,10.593924,5,0.545
load_0.5x,hotspot,27,queue_aware,200,3.714317,0.170059,0.0,0.025,1.205244,3.544258,0.015934,1.0,10.576706,9,0.485
load_0.5x,hotspot,27,range_aware,200,14.289967,0.0,0.0,0.0,5.201856,14.289967,0.0,1.0,10.575906,1,1.0
load_0.5x,hotspot,28,nearest,200,475.137502,474.006352,2050.438626,0.75,0.370127,1.13115,13.333333,1.0,12.799826,12,0.355
load_0.5x,hotspot,28,dijkstra,200,503.770538,502.312571,2211.689604,0.745,0.49474,1.457967,13.333333,1.0,12.595198,11,0.39
load_0.5x,hotspot,28,cost_optimized,200,5.610356,2.204431,15.054762,0.15,1.077452,3.405925,0.067309,1.0,10.09577,4,0.45
load_0.5x,hotspot,28,static_queue,200,5.022536,1.571927,8.053364,0.115,1.118433,3.450608,0.004857,1.0,10.078689,5,0.45
load_0.5x,hotspot,28,queue_aware,200,4.134422,0.525797,0.0,0.035,1.218478,3.608625,0.016179,1.0,10.075532,9,0.44
load_0.5x,hotspot,28,range_aware,200,14.396867,0.0,0.0,0.0,5.246069,14.396867,0.0,1.0,10.071677,1,1.0
load_0.5x,hotspot,29,nearest,200,466.726285,465.695944,1636.572515,0.755,0.332854,1.030342,13.333333,1.0,14.426537,11,0.41
load_0.5x,hotspot,29,dijkstra,200,480.519254,479.13392,1677.482282,0.79,0.46417,1.385333,13.333333,1.0,14.360859,11,0.42
load_0.5x,hotspot,29,cost_optimized,200,4.181297,0.834863,0.0,0.04,1.061789,3.346433,0.07995,1.0,10.759775,4,0.47
load_0.5x,hotspot,29,static_queue,200,3.454221,0.068646,0.0,0.015,1.111342,3.385575,0.005861,1.0,10.754929,5,0.47
load_0.5x,hotspot,29,queue_aware,200,3.535583,0.0,0.0,0.0,1.191881,3.535583,0.014445,1.0,10.755334,8,0.44
load_0.5x,hotspot,29,range_aware,200,14.358208,0.0,0.0,0.0,5.219052,14.358208,0.0,1.0,10.754929,1,1.0
load_1.5x,spread,0,nearest,200,79.889337,78.921695,340.616349,0.53,0.29998,0.967642,81.684063,1.0,84.995793,90,0.045
load_1.5x,spread,0,dijkstra,200,76.318184,75.030075,314.458159,0.57,0.41039,1.288108,81.245658,1.0,84.916925,91,0.05
load_1.5x,spread,0,cost_optimized,200,3.957229,0.868454,0.0,0.04,1.048088,3.088775,0.748156,1.0,82.665239,14,0.12
load_1.5x,spread,0,static_queue,200,2.48115,0.0,0.0,0.0,0.83111,2.48115,0.083464,1.0,82.649362,26,0.11
load_1.5x,spread,0,queue_aware,200,2.490725,0.0,0.0,0.0,0.838533,2.490725,0.10613,1.0,82.649362,29,0.115
load_1.5x,spread,0,range_aware,200,11.215875,0.0,0.0,0.0,4.00358,11.215875,0.0,1.0,82.649362,2,0.995
load_1.5x,spread,1,nearest,200,81.484039,80.484164,374.480008,0.555,0.300989,0.999875,85.188543,1.0,81.969381,93,0.03
load_1.5x,spread,1,dijkstra,200,97.383237,96.13152,455.564081,0.615,0.390223,1.251717,87.599106,1.0,82.05228,93,0.045
load_1.5x,spread,1,cost_optimized,200,3.972133,0.852517,0.118526,0.05,1.063369,3.119617,0.765176,1.0,79.144861,14,0.14
load_1.5x,spread,1,static_queue,200,2.563293,0.102368,0.0,0.015,0.820765,2.460925,0.103479,1.0,79.108755,26,0.15
load_1.5x,spread,1,queue_aware,200,2.587907,0.101024,0.0,0.01,0.830488,2.486883,0.114861,1.0,79.108685,27,0.15
load_1.5x,spread,1,range_aware,200,10.94095,0.0,0.0,0.0,3.887685,10.94095,0.0,1.0,79.101428,1,1.0
load_1.5x,spread,2,nearest,200,97.002456,95.903664,369.689976,0.595,0.347081,1.098792,87.680078,1.0,75.953377,89,0.045
load_1.5x,spread,2,dijkstra,200,100.226723,98.84209,400.115708,0.635,0.448582,1.384633,85.639244,1.0,76.460174,91,0.055
load_1.5x,spread,2,cost_optimized,200,4.449511,1.196878,0.437784,0.055,1.117227,3.252633,0.611642,1.0,73.729489,14,0.14
load_1.5x,spread,2,static_queue,200,2.887108,0.281775,0.0,0.02,0.880043,2.605333,0.089467,1.0,73.729103,27,0.14
load_1.5x,spread,2,queue_aware,200,2.896847,0.278364,0.0,0.015,0.884959,2.618483,0.120954,1.0,73.727016,29,0.145
load_1.5x,spread,2,range_aware,200,10.890208,0.0,0.0,0.0,3.879727,10.890208,0.0,1.0,73.71637,1,1.0
load_1.5x,spread,3,nearest,200,88.621441,87.570749,357.960839,0.62,0.340598,1.050692,95.092376,1.0,80.487041,91,0.07
load_1.5x,spread,3,dijkstra,200,97.438372,96.186272,354.503033,0.64,0.40979,1.2521,96.327088,1.0,80.439298,90,0.07
load_1.5x,spread,3,cost_optimized,200,3.511965,0.350248,0.0,0.03,1.098066,3.161717,0.545265,1.0,77.460214,14,0.16
load_1.5x,spread,3,static_queue,200,2.860077,0.316094,0.0,0.02,0.877615,2.543983,0.114426,1.0,77.473146,26,0.165
load_1.5x,spread,3,queue_aware,200,2.786449,0.230032,0.0,0.005,0.883254,2.556417,0.143929,1.0,77.469682,29,0.16
load_1.5x,spread,3,range_aware,200,10.877525,0.0,0.0,0.0,3.878806,10.877525,0.0,1.0,77.452432,1,1.0
load_1.5x,spread,4,nearest,200,88.846109,87.805725,358.156595,0.59,0.337085,1.040383,92.526647,1.0,75.248225,91,0.04
load_1.5x,spread,4,dijkstra,200,82.742275,81.377192,331.621215,0.61,0.461741,1.365083,95.190455,1.0,75.151661,88,0.065
load_1.5x,spread,4,cost_optimized,200,3.76995,0.727475,0.0,0.04,1.052628,3.042475,0.710352,1.0,72.735973,13,0.15
load_1.5x,spread,4,static_queue,200,2.492933,0.0,0.0,0.0,0.855067,2.492933,0.057425,1.0,72.730231,25,0.15
load_1.5x,spread,4,queue_aware,200,2.501642,0.0,0.0,0.0,0.857338,2.501642,0.097367,1.0,72.730231,26,0.145
load_1.5x,spread,4,range_aware,200,11.020458,0.0,0.0,0.0,3.955809,11.020458,0.0,1.0,72.728166,1,1.0
load_1.5x,spread,5,nearest,200,73.543493,72.469168,266.473105,0.525,0.328539,1.074325,83.450283,1.0,77.386392,93,0.04
load_1.5x,spread,5,dijkstra,200,77.203036,75.823536,285.054989,0.6,0.443893,1.3795,91.251382,1.0,77.426087,91,0.055
load_1.5x,spread,5,cost_optimized,200,4.845387,1.624328,7.339271,0.07,1.074456,3.221058,0.58434,1.0,74.626624,14,0.13
load_1.5x,spread,5,static_queue,200,2.664758,0.134517,0.0,0.01,0.830759,2.530242,0.097015,1.0,74.602396,26,0.125
load_1.5x,spread,5,queue_aware,200,2.671633,0.134517,0.0,0.01,0.834034,2.537117,0.128885,1.0,74.602396,28,0.12
load_1.5x,spread,5,range_aware,200,11.2908,0.0,0.0,0.0,4.020958,11.2908,0.0,1.0,74.587947,1,1.0
load_1.5x,spread,6,nearest,200,99.705327,98.781902,370.667008,0.625,0.295012,0.923425,87.395848,1.0,81.649298,94,0.03
load_1.5x,spread,6,dijkstra,200,115.574207,114.469257,445.988223,0.685,0.369962,1.10495,91.72325,1.0,81.848283,90,0.04
load_1.5x,spread,6,cost_optimized,200,5.581935,2.55371,10.013753,0.08,1.055,3.028225,0.645966,1.0,78.889982,14,0.12
load_1.5x,spread,6,static_queue,200,2.476214,0.074464,0.0,0.015,0.820745,2.40175,0.122157,1.0,78.828575,26,0.105
load_1.5x,spread,6,queue_aware,200,2.487722,0.070347,0.0,0.01,0.826894,2.417375,0.141791,1.0,78.828575,28,0.11
load_1.5x,spread,6,range_aware,200,11.038408,0.0,0.0,0.0,3.954027,11.038408,0.0,1.0,78.822726,1,1.0
load_1.5x,spread,7,nearest,200,88.156425,86.953234,365.917299,0.565,0.362389,1.203192,89.759924,1.0,80.426616,84,0.05
load_1.5x,spread,7,dijkstra,200,97.821843,96.354593,348.896782,0.605,0.460995,1.46725,93.960758,1.0,80.600342,84,0.06
load_1.5x,spread,7,cost_optimized,200,3.690734,0.524584,0.0,0.035,1.067402,3.16615,0.473371,1.0,77.98363,14,0.155
load_1.5x,spread,7,static_queue,200,3.025218,0.383843,0.0,0.015,0.882018,2.641375,0.076432,1.0,77.978225,26,0.16
load_1.5x,spread,7,queue_aware,200,3.034527,0.377477,0.0,0.01,0.886743,2.65705,0.105283,1.0,77.978225,26,0.145
load_1.5x,spread,7,range_aware,200,10.948083,0.0,0.0,0.0,3.888593,10.948083,0.0,1.0,77.966129,1,1.0
load_1.5x,spread,8,nearest,200,73.968964,73.009989,320.14239,0.585,0.307079,0.958975,92.757986,1.0,73.596644,85,0.055
load_1.5x,spread,8,dijkstra,200,82.169125,80.952925,329.350453,0.6,0.405675,1.2162,92.270284,1.0,73.799086,85,0.065
load_1.5x,spread,8,cost_optimized,200,4.78895,1.83195,14.314915,0.08,1.022783,2.957,0.827532,1.0,72.059728,13,0.175
load_1.5x,spread,8,static_queue,200,2.765637,0.284104,0.0,0.025,0.845952,2.481533,0.095723,1.0,72.029218,27,0.195
load_1.5x,spread,8,queue_aware,200,2.669323,0.169856,0.0,0.015,0.850693,2.499467,0.129051,1.0,72.028839,28,0.18
load_1.5x,spread,8,range_aware,200,10.807633,0.0,0.0,0.0,3.856512,10.807633,0.0,1.0,72.027166,1,1.0
load_1.5x,spread,9,nearest,200,91.576653,90.504895,373.300672,0.595,0.335556,1.071758,85.192097,1.0,73.21835,91,0.065
load_1.5x,spread,9,dijkstra,200,101.79665,100.540166,416.759989,0.635,0.405439,1.256483,90.524601,1.0,73.501837,89,0.07
load_1.5x,spread,9,cost_optimized,200,4.374777,1.269261,0.0,0.035,1.070192,3.105517,0.535852,1.0,71.424828,13,0.16
load_1.5x,spread,9,static_queue,200,2.547403,0.018461,0.0,0.005,0.857968,2.528942,0.118642,1.0,71.395587,26,0.15
load_1.5x,spread,9,queue_aware,200,2.563953,0.018461,0.0,0.005,0.864882,2.545492,0.134288,1.0,71.395587,27,0.155
load_1.5x,spread,9,range_aware,200,11.210083,0.0,0.0,0.0,4.004678,11.210083,0.0,1.0,71.395059,1,1.0
load_1.5x,spread,10,nearest,200,72.118626,71.045918,263.619463,0.6,0.341336,1.072708,92.068119,1.0,74.907094,85,0.065
load_1.5x,spread,10,dijkstra,200,82.033965,80.68214,364.08749,0.59,0.439021,1.351825,92.740267,1.0,75.648648,88,0.07
load_1.5x,spread,10,cost_optimized,200,6.519566,3.413216,14.088538,0.075,1.069451,3.10635,0.665347,1.0,72.868982,13,0.16
load_1.5x,spread,10,static_queue,200,2.730002,0.209852,0.0,0.015,0.858607,2.52015,0.108354,1.0,72.777752,26,0.17
load_1.5x,spread,10,queue_aware,200,2.630635,0.091918,0.0,0.01,0.866192,2.538717,0.141105,1.0,72.775576,28,0.175
load_1.5x,spread,10,range_aware,200,11.101483,0.0,0.0,0.0,3.960083,11.101483,0.0,1.0,72.768643,1,1.0
load_1.5x,spread,11,nearest,200,81.302687,80.285579,290.240798,0.64,0.323895,1.017108,89.888107,1.0,80.046739,88,0.035
load_1.5x,spread,11,dijkstra,200,74.191374,72.871757,239.080935,0.645,0.435422,1.319617,90.087979,1.0,79.495615,86,0.04
load_1.5x,spread,11,cost_optimized,200,3.819444,0.68306,0.102412,0.05,1.068013,3.136383,0.718769,1.0,77.752682,13,0.15
load_1.5x,spread,11,static_queue,200,2.566588,0.091004,0.0,0.015,0.838754,2.475583,0.105857,1.0,77.741525,25,0.15
load_1.5x,spread,11,queue_aware,200,2.584729,0.091004,0.0,0.015,0.848705,2.493725,0.125834,1.0,77.739825,27,0.145
load_1.5x,spread,11,range_aware,200,11.537817,0.0,0.0,0.0,4.132558,11.537817,0.0,1.0,77.737309,2,0.995
load_1.5x,spread,12,nearest,200,96.172661,95.143936,423.49119,0.59,0.341436,1.028725,89.097919,1.0,79.32436,92,0.06
load_1.5x,spread,12,dijkstra,200,80.401934,79.123509,319.452246,0.615,0.426956,1.278425,84.689968,1.0,79.351037,88,0.07
load_1.5x,spread,12,cost_optimized,200,5.138617,2.109875,2.099962,0.06,1.056665,3.028742,0.842078,1.0,77.422226,14,0.14
load_1.5x,spread,12,static_queue,200,2.437816,0.024316,0.0,0.005,0.835772,2.4135,0.115352,1.0,77.378292,27,0.135
load_1.5x,spread,12,queue_aware,200,2.431333,0.0,0.0,0.0,0.840503,2.431333,0.126905,1.0,77.378256,29,0.14
load_1.5x,spread,12,range_aware,200,10.747167,0.0,0.0,0.0,3.845392,10.747167,0.0,1.0,77.378164,1,1.0
load_1.5x,spread,13,nearest,200,113.061355,111.968863,431.233274,0.625,0.346825,1.092492,93.855463,1.0,80.76499,91,0.055
load_1.5x,spread,13,dijkstra,200,110.932522,109.542289,441.69494,0.635,0.456224,1.390233,97.519664,1.0,80.643466,86,0.06
load_1.5x,spread,13,cost_optimized,200,4.15198,1.158814,7.264562,0.065,1.035786,2.993167,0.991356,1.0,77.988168,13,0.15
load_1.5x,spread,13,static_queue,200,2.621612,0.115496,0.0,0.01,0.852539,2.506117,0.081815,1.0,77.961933,26,0.145
load_1.5x,spread,13,queue_aware,200,2.636162,0.115496,0.0,0.01,0.857758,2.520667,0.120171,1.0,77.961056,28,0.14
load_1.5x,spread,13,range_aware,200,10.875908,0.0,0.0,0.0,3.872036,10.875908,0.0,1.0,77.959295,1,1.0
load_1.5x,spread,14,nearest,200,74.973522,73.99153,352.135561,0.555,0.319689,0.981992,89.159556,1.0,73.509413,87,0.035
load_1.5x,spread,14,dijkstra,200,60.742945,59.470237,283.858622,0.525,0.427144,1.272708,87.814598,1.0,72.91703,85,0.055
load_1.5x,spread,14,cost_optimized,200,4.149549,1.136974,0.003757,0.05,1.05286,3.012575,0.80453,1.0,71.199041,13,0.135
load_1.5x,spread,14,static_queue,200,2.453133,0.0,0.0,0.0,0.844854,2.453133,0.088396,1.0,71.183884,26,0.11
load_1.5x,spread,14,queue_aware,200,2.520179,0.045112,0.0,0.005,0.851988,2.475067,0.110453,1.0,71.183884,28,0.105
load_1.5x,spread,14,range_aware,200,10.781675,0.0,0.0,0.0,3.852587,10.781675,0.0,1.0,71.17917,1,1.0
load_1.5x,spread,15,nearest,200,96.974147,95.933072,399.180708,0.645,0.346468,1.041075,95.752547,1.0,78.221728,89,0.08
load_1.5x,spread,15,dijkstra,200,102.625299,101.313749,394.320354,0.655,0.444676,1.31155,95.728502,1.0,78.01546,82,0.085
load_1.5x,spread,15,cost_optimized,200,4.701884,1.645984,11.019875,0.065,1.069588,3.0559,0.749596,1.0,75.919594,13,0.18
load_1.5x,spread,15,static_queue,200,2.827315,0.28904,0.0,0.03,0.883551,2.538275,0.081587,1.0,75.894208,25,0.19
load_1.5x,spread,15,queue_aware,200,2.806367,0.254617,0.0,0.025,0.885924,2.55175,0.106563,1.0,75.894137,28,0.18
load_1.5x,spread,15,range_aware,200,10.674692,0.0,0.0,0.0,3.820926,10.674692,0.0,1.0,75.886951,1,1.0
load_1.5x,spread,16,nearest,200,66.013132,64.947957,270.624716,0.545,0.336937,1.065175,90.167482,1.0,73.094487,87,0.06
load_1.5x,spread,16,dijkstra,200,85.348261,83.948744,413.282145,0.595,0.461082,1.399517,94.941396,1.0,74.236098,90,0.06
load_1.5x,spread,16,cost_optimized,200,4.806185,1.723052,0.0,0.045,1.045198,3.083133,0.732789,1.0,70.993419,14,0.22
load_1.5x,spread,16,static_queue,200,2.606128,0.072887,0.0,0.015,0.849062,2.533242,0.081783,1.0,70.950599,26,0.22
load_1.5x,spread,16,queue_aware,200,2.637118,0.085918,0.0,0.015,0.857836,2.5512,0.118312,1.0,70.950213,27,0.205
load_1.5x,spread,16,range_aware,200,11.221658,0.0,0.0,0.0,4.005406,11.221658,0.0,1.0,70.94582,2,0.995
load_1.5x,spread,17,nearest,200,100.666321,99.597496,395.391462,0.57,0.340332,1.068825,85.628155,1.0,86.5966,86,0.05
load_1.5x,spread,17,dijkstra,200,94.063855,92.678597,372.303611,0.625,0.458072,1.385258,89.327223,1.0,86.478578,89,0.055
load_1.5x,spread,17,cost_optimized,200,3.492692,0.527901,2.055256,0.055,1.015324,2.964792,0.9051,1.0,83.43357,14,0.125
load_1.5x,spread,17,static_queue,200,2.566534,0.076842,0.0,0.015,0.841324,2.489692,0.106257,1.0,83.427905,27,0.1
load_1.5x,spread,17,queue_aware,200,2.518435,0.010243,0.0,0.005,0.850606,2.508192,0.13705,1.0,83.426579,29,0.105
load_1.5x,spread,17,range_aware,200,10.796342,0.0,0.0,0.0,3.850775,10.796342,0.0,1.0,83.41844,2,0.995
load_1.5x,spread,18,nearest,200,77.511769,76.444269,294.243838,0.605,0.355479,1.0675,94.021923,1.0,79.426451,90,0.06
load_1.5x,spread,18,dijkstra,200,89.939847,88.638113,364.269762,0.645,0.438206,1.301733,94.119949,1.0,80.05177,86,0.065
load_1.5x,spread,18,cost_optimized,200,3.581956,0.519731,0.0,0.025,1.070348,3.062225,0.537101,1.0,76.989337,14,0.155
load_1.5x,spread,18,static_queue,200,2.555821,0.004696,0.0,0.005,0.88192,2.551125,0.079463,1.0,76.978183,27,0.155
load_1.5x,spread,18,queue_aware,200,2.557783,0.0,0.0,0.0,0.882879,2.557783,0.09955,1.0,76.978183,28,0.15
load_1.5x,spread,18,range_aware,200,10.68745,0.0,0.0,0.0,3.825138,10.68745,0.0,1.0,76.973301,1,1.0
load_1.5x,spread,19,nearest,200,104.955152,103.894293,432.727968,0.62,0.343078,1.060858,88.753458,1.0,76.641146,93,0.055
load_1.5x,spread,19,dijkstra,200,113.018286,111.672669,441.362209,0.64,0.445023,1.345617,87.760857,1.0,77.128121,93,0.055
load_1.5x,spread,19,cost_optimized,200,4.971835,1.85881,2.780579,0.06,1.06677,3.113025,0.844749,1.0,74.231664,14,0.125
load_1.5x,spread,19,static_queue,200,2.733632,0.095674,0.0,0.015,0.892026,2.637958,0.10117,1.0,74.216258,27,0.125
load_1.5x,spread,19,queue_aware,200,2.75364,0.095674,0.0,0.015,0.901458,2.657967,0.136075,1.0,74.215314,28,0.135
load_1.5x,spread,19,range_aware,200,11.030692,0.0,0.0,0.0,3.945686,11.030692,0.0,1.0,74.213406,1,1.0
load_1.5x,spread,20,nearest,200,56.383014,55.469422,262.830658,0.495,0.299578,0.913592,83.454366,1.0,82.051983,88,0.05
load_1.5x,spread,20,dijkstra,200,58.645272,57.487006,233.510366,0.52,0.392259,1.158267,86.554848,1.0,82.378072,85,0.045
load_1.5x,spread,20,cost_optimized,200,3.822573,0.815248,0.0,0.04,1.032354,3.007325,0.495307,1.0,80.077803,14,0.125
load_1.5x,spread,20,static_queue,200,2.710909,0.2782,0.0,0.005,0.831993,2.432708,0.080745,1.0,80.06909,27,0.115
load_1.5x,spread,20,queue_aware,200,2.434908,0.0,0.0,0.0,0.834512,2.434908,0.112201,1.0,80.065643,28,0.115
load_1.5x,spread,20,range_aware,200,11.153667,0.0,0.0,0.0,4.00482,11.153667,0.0,1.0,80.065304,1,1.0
load_1.5x,spread,21,nearest,200,93.922302,92.769585,342.436976,0.595,0.362677,1.152717,85.248713,1.0,76.872699,88,0.075
load_1.5x,spread,21,dijkstra,200,123.727546,122.308188,463.07093,0.65,0.459803,1.419358,91.246569,1.0,77.036508,84,0.08
load_1.5x,spread,21,cost_optimized,200,4.375197,1.034047,5.062363,0.055,1.158347,3.34115,0.568149,1.0,75.005168,13,0.15
load_1.5x,spread,21,static_queue,200,2.89064,0.220115,0.0,0.02,0.904965,2.670525,0.091147,1.0,74.994246,27,0.145
load_1.5x,spread,21,queue_aware,200,2.799219,0.111277,0.0,0.015,0.912887,2.687942,0.135957,1.0,74.994246,28,0.155
load_1.5x,spread,21,range_aware,200,11.077175,0.0,0.0,0.0,3.950041,11.077175,0.0,1.0,74.989377,1,1.0
load_1.5x,spread,22,nearest,200,66.101311,65.175436,273.290589,0.5,0.303769,0.925875,90.456168,1.0,78.274172,90,0.04
load_1.5x,spread,22,dijkstra,200,65.789555,64.656413,240.133021,0.535,0.379955,1.133142,91.758013,1.0,78.225686,87,0.05
load_1.5x,spread,22,cost_optimized,200,5.9166,2.711633,6.402624,0.07,1.121967,3.204967,0.700565,1.0,76.086164,13,0.15
load_1.5x,spread,22,static_queue,200,2.579417,0.0,0.0,0.0,0.898585,2.579417,0.075582,1.0,76.035425,25,0.15
load_1.5x,spread,22,queue_aware,200,2.595867,0.0,0.0,0.0,0.905745,2.595867,0.091969,1.0,76.035425,26,0.145
load_1.5x,spread,22,range_aware,200,11.365675,0.0,0.0,0.0,4.079132,11.365675,0.0,1.0,76.025479,1,1.0
load_1.5x,spread,23,nearest,200,97.561181,96.508672,434.403238,0.605,0.326666,1.052508,89.930305,1.0,74.699582,84,0.055
load_1.5x,spread,23,dijkstra,200,78.492215,77.183249,263.961053,0.65,0.426143,1.308967,96.429611,1.0,75.141117,79,0.07
load_1.5x,spread,23,cost_optimized,200,4.62971,1.250952,0.0,0.045,1.155656,3.378758,0.707491,1.0,72.705558,14,0.17
load_1.5x,spread,23,static_queue,200,2.868516,0.146808,0.0,0.005,0.928165,2.721708,0.093408,1.0,72.645039,26,0.17
load_1.5x,spread,23,queue_aware,200,2.802222,0.054172,0.0,0.005,0.937654,2.74805,0.102552,1.0,72.645114,27,0.165
load_1.5x,spread,23,range_aware,200,11.62875,0.0,0.0,0.0,4.159683,11.62875,0.0,1.0,72.635925,1,1.0
load_1.5x,spread,24,nearest,200,90.863716,89.749266,350.944799,0.6,0.355322,1.11445,87.52053,1.0,77.482426,84,0.085
load_1.5x,spread,24,dijkstra,200,114.244152,112.835127,531.853116,0.64,0.468673,1.409025,88.82054,1.0,78.154144,87,0.095
load_1.5x,spread,24,cost_optimized,200,4.352876,1.153543,0.882701,0.055,1.100592,3.199333,0.67577,1.0,74.739242,14,0.17
load_1.5x,spread,24,static_queue,200,2.695725,0.0,0.0,0.0,0.918651,2.695725,0.084702,1.0,74.725987,25,0.165
load_1.5x,spread,24,queue_aware,200,2.725875,0.0,0.0,0.0,0.932864,2.725875,0.112666,1.0,74.72566,26,0.175
load_1.5x,spread,24,range_aware,200,11.475575,0.0,0.0,0.0,4.109012,11.475575,0.0,1.0,74.724888,1,1.0
load_1.5x,spread,25,nearest,200,91.78915,90.767342,376.246612,0.61,0.323391,1.021808,86.492159,1.0,73.922025,87,0.055
load_1.5x,spread,25,dijkstra,200,85.473744,84.18221,381.772448,0.595,0.426679,1.291533,90.629005,1.0,73.842556,84,0.06
load_1.5x,spread,25,cost_optimized,200,4.964877,1.806518,3.547374,0.08,1.085636,3.158358,0.850907,1.0,72.068194,14,0.12
load_1.5x,spread,25,static_queue,200,2.665808,0.053708,0.0,0.01,0.895813,2.6121,0.080717,1.0,72.019602,26,0.125
load_1.5x,spread,25,queue_aware,200,2.675874,0.053708,0.0,0.01,0.898768,2.622167,0.11712,1.0,72.019602,26,0.125
load_1.5x,spread,25,range_aware,200,11.02975,0.0,0.0,0.0,3.947072,11.02975,0.0,1.0,72.004134,1,1.0
load_1.5x,spread,26,nearest,200,70.687187,69.718871,257.924894,0.64,0.313327,0.968317,82.664488,1.0,81.187013,93,0.035
load_1.5x,spread,26,dijkstra,200,79.836757,78.583565,281.373786,0.645,0.415178,1.253192,91.567037,1.0,82.297774,91,0.05
load_1.5x,spread,26,cost_optimized,200,4.467235,1.476252,5.903775,0.085,1.039637,2.990983,0.637133,1.0,79.064888,13,0.165
load_1.5x,spread,26,static_queue,200,2.5873,0.174667,0.0,0.025,0.818415,2.412633,0.077837,1.0,79.059656,27,0.12
load_1.5x,spread,26,queue_aware,200,2.599992,0.174667,0.0,0.025,0.823405,2.425325,0.100113,1.0,79.059316,28,0.12
load_1.5x,spread,26,range_aware,200,10.338317,0.0,0.0,0.0,3.681803,10.338317,0.0,1.0,79.056835,1,1.0
load_1.5x,spread,27,nearest,200,100.617533,99.547517,373.482849,0.585,0.34698,1.070017,85.253946,1.0,81.709294,88,0.08
load_1.5x,spread,27,dijkstra,200,108.885951,107.557635,431.786018,0.585,0.444018,1.328317,85.484866,1.0,81.757495,89,0.085
load_1.5x,spread,27,cost_optimized,200,4.432089,1.222072,1.257388,0.055,1.092604,3.210017,0.503085,1.0,78.575927,13,0.215
load_1.5x,spread,27,static_queue,200,2.71753,0.092139,0.0,0.02,0.900666,2.625392,0.081839,1.0,78.556586,25,0.21
load_1.5x,spread,27,queue_aware,200,2.723055,0.086505,0.0,0.015,0.903629,2.63655,0.11357,1.0,78.556265,27,0.2
load_1.5x,spread,27,range_aware,200,11.131658,0.0,0.0,0.0,3.976137,11.131658,0.0,1.0,78.538016,1,1.0
load_1.5x,spread,28,nearest,200,95.354014,94.239056,348.302701,0.595,0.358941,1.114958,90.737365,1.0,80.018377,87,0.06
load_1.5x,spread,28,dijkstra,200,81.9594,80.584666,342.372786,0.57,0.452097,1.374733,91.070233,1.0,79.282359,89,0.065
load_1.5x,spread,28,cost_optimized,200,3.821833,0.648908,0.0,0.035,1.090549,3.172925,0.60472,1.0,76.8841,13,0.175
load_1.5x,spread,28,static_queue,200,2.645375,0.0,0.0,0.0,0.899997,2.645375,0.065714,1.0,76.878269,25,0.17
load_1.5x,spread,28,queue_aware,200,2.66355,0.0,0.0,0.0,0.904792,2.66355,0.103962,1.0,76.877753,27,0.17
load_1.5x,spread,28,range_aware,200,11.291692,0.0,0.0,0.0,4.031322,11.291692,0.0,1.0,76.875426,1,1.0
load_1.5x,spread,29,nearest,200,68.30861,67.328352,276.066813,0.53,0.316191,0.980258,84.555448,1.0,77.81771,95,0.055
load_1.5x,spread,29,dijkstra,200,72.932981,71.681123,283.273915,0.59,0.416278,1.251858,85.921804,1.0,78.29745,91,0.06
load_1.5x,spread,29,cost_optimized,200,8.443792,5.244009,41.761089,0.09,1.115292,3.199783,0.834056,1.0,75.797018,12,0.15
load_1.5x,spread,29,static_queue,200,2.641983,0.0,0.0,0.0,0.907511,2.641983,0.094896,1.0,75.741286,25,0.15
load_1.5x,spread,29,queue_aware,200,2.668108,0.0,0.0,0.0,0.919318,2.668108,0.103445,1.0,75.739729,27,0.165
load_1.5x,spread,29,range_aware,200,10.8257,0.0,0.0,0.0,3.861379,10.8257,0.0,1.0,75.738096,1,1.0
load_1.5x,corridor,0,nearest,200,168.676202,167.67356,654.86963,0.7,0.324583,1.002642,98.325335,1.0,86.281259,54,0.115
load_1.5x,corridor,0,dijkstra,200,173.044218,171.835751,704.941173,0.73,0.396769,1.208467,100.783403,1.0,86.060295,48,0.11
load_1.5x,corridor,0,cost_optimized,200,21.15822,18.070203,122.882534,0.25,1.089745,3.088017,1.604884,1.0,82.147231,10,0.365
load_1.5x,corridor,0,static_queue,200,6.116343,3.598801,28.610898,0.125,0.896522,2.517542,0.215882,1.0,82.093635,12,0.34
load_1.5x,corridor,0,queue_aware,200,2.818832,0.168215,0.0,0.015,0.933345,2.650617,0.192048,1.0,82.073886,13,0.29
load_1.5x,corridor,0,range_aware,200,12.85065,0.0,0.0,0.0,4.640373,12.85065,0.0,1.0,82.06369,1,1.0
load_1.5x,corridor,1,nearest,200,146.489858,145.5326,838.623259,0.705,0.302564,0.957258,101.138169,1.0,72.284645,59,0.115
load_1.5x,corridor,1,dijkstra,200,146.767796,145.632446,588.43692,0.775,0.359824,1.13535,105.440258,1.0,72.37177,53,0.095
load_1.5x,corridor,1,cost_optimized,200,7.92792,4.80362,35.983258,0.17,1.081762,3.1243,1.155232,1.0,68.391712,10,0.43
load_1.5x,corridor,1,static_queue,200,3.575241,1.011649,0.075066,0.05,0.903911,2.563592,0.120888,1.0,68.365009,11,0.405
load_1.5x,corridor,1,queue_aware,200,2.695583,0.064491,0.0,0.005,0.922926,2.631092,0.150569,1.0,68.357828,13,0.33
load_1.5x,corridor,1,range_aware,200,12.424942,0.0,0.0,0.0,4.476044,12.424942,0.0,1.0,68.357423,1,1.0
load_1.5x,corridor,2,nearest,200,118.969695,117.989662,409.687467,0.695,0.310448,0.980033,100.006181,1.0,74.457743,57,0.11
load_1.5x,corridor,2,dijkstra,200,123.285594,122.097569,466.824287,0.725,0.382157,1.188025,99.533635,1.0,74.510451,50,0.09
load_1.5x,corridor,2,cost_optimized,200,8.450633,5.371891,42.368484,0.225,1.071419,3.078742,1.148814,1.0,71.736113,10,0.44
load_1.5x,corridor,2,static_queue,200,3.703558,1.253825,8.243422,0.095,0.861307,2.449733,0.152752,1.0,71.687382,12,0.425
load_1.5x,corridor,2,queue_aware,200,2.854287,0.305253,0.0,0.025,0.887656,2.549033,0.171104,1.0,71.683996,14,0.33
load_1.5x,corridor,2,range_aware,200,12.553525,0.0,0.0,0.0,4.52285,12.553525,0.0,1.0,71.670424,1,1.0
load_1.5x,corridor,3,nearest,200,120.694291,119.721375,470.90971,0.66,0.307624,0.972917,103.517207,1.0,76.415023,58,0.085
load_1.5x,corridor,3,dijkstra,200,142.155026,140.968693,462.432668,0.715,0.380117,1.186333,104.833829,1.0,76.836566,50,0.07
load_1.5x,corridor,3,cost_optimized,200,12.537567,9.649134,58.810761,0.205,1.007306,2.888433,1.209223,1.0,73.392577,10,0.41
load_1.5x,corridor,3,static_queue,200,2.73322,0.328903,0.0,0.035,0.848167,2.404317,0.14393,1.0,73.317858,12,0.39
load_1.5x,corridor,3,queue_aware,200,2.73236,0.240443,0.0,0.015,0.874956,2.491917,0.196576,1.0,73.31755,13,0.325
load_1.5x,corridor,3,range_aware,200,12.530275,0.0,0.0,0.0,4.521452,12.530275,0.0,1.0,73.291972,1,1.0
load_1.5x,corridor,4,nearest,200,132.417686,131.309503,479.526539,0.71,0.348661,1.108183,98.884765,1.0,75.150318,55,0.15
load_1.5x,corridor,4,dijkstra,200,112.716123,111.468081,421.861652,0.69,0.397534,1.248042,99.703019,1.0,74.881932,50,0.14
load_1.5x,corridor,4,cost_optimized,200,6.893805,3.870472,27.621386,0.13,1.061147,3.023333,1.361942,1.0,72.946617,10,0.485
load_1.5x,corridor,4,static_queue,200,2.703883,0.157158,0.0,0.02,0.891707,2.546725,0.149819,1.0,72.935483,12,0.47
load_1.5x,corridor,4,queue_aware,200,2.63646,0.006235,0.0,0.01,0.913545,2.630225,0.224241,1.0,72.935483,13,0.39
load_1.5x,corridor,4,range_aware,200,12.561258,0.0,0.0,0.0,4.521216,12.561258,0.0,1.0,72.934102,1,1.0
load_1.5x,corridor,5,nearest,200,251.361269,250.227335,1201.679195,0.66,0.351525,1.133933,101.811001,1.0,82.272373,52,0.14
load_1.5x,corridor,5,dijkstra,200,240.929314,239.687114,1173.49016,0.71,0.390172,1.2422,103.799501,1.0,82.317393,49,0.125
load_1.5x,corridor,5,cost_optimized,200,10.526538,7.500846,41.066542,0.24,1.051289,3.025692,1.03798,1.0,79.545059,9,0.495
load_1.5x,corridor,5,static_queue,200,5.796806,3.211973,20.84302,0.165,0.899995,2.584833,0.128817,1.0,79.505757,11,0.49
load_1.5x,corridor,5,queue_aware,200,3.084723,0.330373,0.0,0.015,0.948921,2.75435,0.205011,1.0,79.497695,13,0.355
load_1.5x,corridor,5,range_aware,200,12.537975,0.0,0.0,0.0,4.511785,12.537975,0.0,1.0,79.493657,1,1.0
load_1.5x,corridor,6,nearest,200,123.835165,122.836807,456.33538,0.745,0.320293,0.998358,106.395967,1.0,75.433459,58,0.125
load_1.5x,corridor,6,dijkstra,200,113.436478,112.24772,345.818182,0.745,0.386878,1.188758,108.8658,1.0,75.339216,52,0.115
load_1.5x,corridor,6,cost_optimized,200,18.475375,15.474158,95.254603,0.255,1.048392,3.001217,1.436147,1.0,72.924166,9,0.45
load_1.5x,corridor,6,static_queue,200,5.34775,2.823308,14.799626,0.07,0.882939,2.524442,0.105222,1.0,72.858657,10,0.425
load_1.5x,corridor,6,queue_aware,200,2.683723,0.065573,0.0,0.015,0.906398,2.61815,0.161935,1.0,72.79062,12,0.355
load_1.5x,corridor,6,range_aware,200,12.473233,0.0,0.0,0.0,4.499603,12.473233,0.0,1.0,72.785193,1,1.0
load_1.5x,corridor,7,nearest,200,181.483197,180.465964,996.967783,0.73,0.324829,1.017233,102.997667,1.0,73.335788,55,0.115
load_1.5x,corridor,7,dijkstra,200,148.078159,146.890834,797.113089,0.73,0.381141,1.187325,103.128561,1.0,73.155327,50,0.1
load_1.5x,corridor,7,cost_optimized,200,10.879002,7.901536,72.527888,0.17,1.035546,2.977467,1.247021,1.0,69.898697,9,0.465
load_1.5x,corridor,7,static_queue,200,3.214115,0.666907,5.248308,0.07,0.902166,2.547208,0.133656,1.0,69.825554,9,0.465
load_1.5x,corridor,7,queue_aware,200,2.81826,0.144227,0.0,0.01,0.940489,2.674033,0.200845,1.0,69.821053,13,0.375
load_1.5x,corridor,7,range_aware,200,12.390125,0.0,0.0,0.0,4.466488,12.390125,0.0,1.0,69.817874,1,1.0
load_1.5x,corridor,8,nearest,200,169.33244,168.321606,560.869836,0.695,0.324261,1.010833,103.031958,1.0,78.903517,57,0.115
load_1.5x,corridor,8,dijkstra,200,181.564706,180.354306,560.869836,0.73,0.392704,1.2104,106.151559,1.0,78.923131,50,0.1
load_1.5x,corridor,8,cost_optimized,200,33.07407,29.938645,206.006526,0.315,1.09771,3.135425,1.184073,1.0,75.671077,10,0.465
load_1.5x,corridor,8,static_queue,200,7.129933,4.494516,42.167416,0.155,0.928917,2.635417,0.090509,1.0,75.423089,11,0.455
load_1.5x,corridor,8,queue_aware,200,3.002898,0.290164,0.0,0.025,0.945769,2.712733,0.161552,1.0,75.416583,13,0.36
load_1.5x,corridor,8,range_aware,200,12.383333,0.0,0.0,0.0,4.462165,12.383333,0.0,1.0,75.413148,1,1.0
load_1.5x,corridor,9,nearest,200,101.318399,100.293457,402.788351,0.685,0.317408,1.024942,106.060749,1.0,79.45921,54,0.12
load_1.5x,corridor,9,dijkstra,200,94.1231,92.931409,402.788351,0.66,0.37424,1.191692,104.417485,1.0,79.152254,53,0.1
load_1.5x,corridor,9,cost_optimized,200,13.844022,10.914472,98.030271,0.14,1.026599,2.92955,1.209403,1.0,76.563155,8,0.44
load_1.5x,corridor,9,static_queue,200,2.541456,0.058823,0.0,0.005,0.869591,2.482633,0.119483,1.0,76.477064,9,0.415
load_1.5x,corridor,9,queue_aware,200,2.5649,0.0,0.0,0.0,0.893437,2.5649,0.179984,1.0,76.47599,12,0.36
load_1.5x,corridor,9,range_aware,200,12.436675,0.0,0.0,0.0,4.480151,12.436675,0.0,1.0,76.475521,1,1.0
load_1.5x,corridor,10,nearest,200,106.475074,105.498049,336.842385,0.72,0.31073,0.977025,99.575565,1.0,75.252255,59,0.1
load_1.5x,corridor,10,dijkstra,200,105.566417,104.410667,431.859914,0.7,0.377935,1.15575,101.491254,1.0,75.024904,53,0.075
load_1.5x,corridor,10,cost_optimized,200,42.933587,39.904796,263.166458,0.23,1.061059,3.028792,1.569824,1.0,73.666673,10,0.39
load_1.5x,corridor,10,static_queue,200,4.428279,1.854954,8.054353,0.07,0.912487,2.573325,0.160078,1.0,73.330098,11,0.38
load_1.5x,corridor,10,queue_aware,200,3.127331,0.464906,0.0,0.02,0.93565,2.662425,0.188676,1.0,73.323098,13,0.325
load_1.5x,corridor,10,range_aware,200,12.770167,0.0,0.0,0.0,4.612208,12.770167,0.0,1.0,73.31715,1,1.0
load_1.5x,corridor,11,nearest,200,129.868663,128.804829,440.43443,0.68,0.340651,1.063833,105.345536,1.0,80.72909,57,0.12
load_1.5x,corridor,11,dijkstra,200,118.143245,116.918187,479.095373,0.69,0.398223,1.225058,106.097398,1.0,80.395344,53,0.1
load_1.5x,corridor,11,cost_optimized,200,7.599444,4.566444,38.781489,0.145,1.070701,3.033,1.173252,1.0,77.948871,9,0.465
load_1.5x,corridor,11,static_queue,200,2.919474,0.363049,0.0,0.03,0.906787,2.556425,0.14351,1.0,77.89796,11,0.44
load_1.5x,corridor,11,queue_aware,200,3.052724,0.391924,0.0,0.02,0.93459,2.6608,0.174332,1.0,77.901644,13,0.36
load_1.5x,corridor,11,range_aware,200,12.567392,0.0,0.0,0.0,4.540601,12.567392,0.0,1.0,77.889748,1,1.0
load_1.5x,corridor,12,nearest,200,99.241115,98.267449,341.428634,0.685,0.31151,0.973667,102.502739,1.0,80.119036,57,0.08
load_1.5x,corridor,12,dijkstra,200,97.658045,96.538087,364.079024,0.655,0.362069,1.119958,99.135746,1.0,80.459159,52,0.075
load_1.5x,corridor,12,cost_optimized,200,8.919501,5.952134,52.815625,0.15,1.036968,2.967367,1.17445,1.0,77.678305,10,0.4
load_1.5x,corridor,12,static_queue,200,3.509075,1.040242,6.138758,0.07,0.87435,2.468833,0.176712,1.0,77.632333,12,0.385
load_1.5x,corridor,12,queue_aware,200,3.453832,0.905048,0.0,0.04,0.898952,2.548783,0.20454,1.0,77.629037,13,0.32
load_1.5x,corridor,12,range_aware,200,12.540717,0.0,0.0,0.0,4.52449,12.540717,0.0,1.0,77.613451,2,0.99
load_1.5x,corridor,13,nearest,200,184.898635,183.89396,907.145945,0.735,0.321664,1.004675,103.60754,1.0,82.920095,52,0.125
load_1.5x,corridor,13,dijkstra,200,165.58922,164.389386,847.168821,0.71,0.386194,1.199833,104.392129,1.0,82.610545,51,0.115
load_1.5x,corridor,13,cost_optimized,200,9.269075,6.167841,9.187902,0.11,1.073993,3.101233,0.823914,1.0,78.832113,9,0.455
load_1.5x,corridor,13,static_queue,200,3.00965,0.461334,2.737722,0.085,0.905351,2.548317,0.135195,1.0,78.744088,11,0.44
load_1.5x,corridor,13,queue_aware,200,2.804521,0.163988,0.0,0.015,0.927241,2.640533,0.192562,1.0,78.740266,13,0.36
load_1.5x,corridor,13,range_aware,200,12.521275,0.0,0.0,0.0,4.520973,12.521275,0.0,1.0,78.734798,1,1.0
load_1.5x,corridor,14,nearest,200,119.239155,118.176138,489.88409,0.67,0.333201,1.063017,98.888686,1.0,80.010399,54,0.13
load_1.5x,corridor,14,dijkstra,200,106.847547,105.562056,438.352627,0.655,0.410632,1.285492,99.074685,1.0,80.050971,49,0.105
load_1.5x,corridor,14,cost_optimized,200,14.497731,11.577823,55.789103,0.285,1.010776,2.919908,1.428023,1.0,77.408505,10,0.49
load_1.5x,corridor,14,static_queue,200,6.832141,4.280307,24.187388,0.17,0.883418,2.551833,0.151855,1.0,77.370766,10,0.47
load_1.5x,corridor,14,queue_aware,200,3.469624,0.808158,0.0,0.04,0.919943,2.661467,0.213834,1.0,77.359193,12,0.39
load_1.5x,corridor,14,range_aware,200,12.436808,0.0,0.0,0.0,4.465747,12.436808,0.0,1.0,77.327772,1,1.0
load_1.5x,corridor,15,nearest,200,96.895217,95.788475,351.437511,0.66,0.344458,1.106742,105.905437,1.0,76.804988,54,0.145
load_1.5x,corridor,15,dijkstra,200,70.211392,68.946225,302.231585,0.635,0.400589,1.265167,105.497869,1.0,76.632486,51,0.115
load_1.5x,corridor,15,cost_optimized,200,5.584866,2.522232,19.005266,0.13,1.066983,3.062633,1.037349,1.0,74.843653,10,0.485
load_1.5x,corridor,15,static_queue,200,2.92146,0.346394,1.276031,0.06,0.90254,2.575067,0.141981,1.0,74.804505,11,0.475
load_1.5x,corridor,15,queue_aware,200,2.699091,0.025133,0.0,0.015,0.926215,2.673958,0.230405,1.0,74.802788,14,0.385
load_1.5x,corridor,15,range_aware,200,12.555375,0.0,0.0,0.0,4.521057,12.555375,0.0,1.0,74.802181,1,1.0
load_1.5x,corridor,16,nearest,200,72.542449,71.584807,290.534028,0.61,0.286459,0.957642,104.684018,1.0,83.144521,55,0.07
load_1.5x,corridor,16,dijkstra,200,79.765966,78.662525,312.333513,0.625,0.335811,1.103442,103.117005,1.0,83.332874,52,0.06
load_1.5x,corridor,16,cost_optimized,200,17.667638,14.765488,124.321759,0.25,1.008748,2.90215,1.439422,1.0,81.467005,10,0.425
load_1.5x,corridor,16,static_queue,200,2.590444,0.221502,0.310036,0.075,0.82214,2.368942,0.150215,1.0,81.359697,12,0.395
load_1.5x,corridor,16,queue_aware,200,2.77016,0.301543,0.0,0.03,0.852324,2.468617,0.204259,1.0,81.357976,13,0.325
load_1.5x,corridor,16,range_aware,200,12.668558,0.0,0.0,0.0,4.560192,12.668558,0.0,1.0,81.352997,1,1.0
load_1.5x,corridor,17,nearest,200,134.778737,133.766804,587.830996,0.665,0.314324,1.011933,98.914047,1.0,78.470415,58,0.115
load_1.5x,corridor,17,dijkstra,200,93.789004,92.602621,333.985391,0.7,0.370646,1.186383,97.968945,1.0,77.951981,53,0.1
load_1.5x,corridor,17,cost_optimized,200,6.770655,3.714047,23.571036,0.13,1.056692,3.056608,1.073957,1.0,75.178801,10,0.445
load_1.5x,corridor,17,static_queue,200,3.416311,0.916986,3.606335,0.055,0.87228,2.499325,0.152271,1.0,75.164798,11,0.415
load_1.5x,corridor,17,queue_aware,200,2.724318,0.101201,0.0,0.005,0.907511,2.623117,0.189376,1.0,75.154409,14,0.305
load_1.5x,corridor,17,range_aware,200,12.511642,0.0,0.0,0.0,4.504236,12.511642,0.0,1.0,75.143062,1,1.0
load_1.5x,corridor,18,nearest,200,222.205304,221.075354,969.262833,0.71,0.358268,1.12995,100.627143,1.0,80.707406,52,0.165
load_1.5x,corridor,18,dijkstra,200,200.970149,199.682216,846.588147,0.69,0.413716,1.287933,101.411737,1.0,80.528227,47,0.145
load_1.5x,corridor,18,cost_optimized,200,13.287497,10.133022,98.474436,0.16,1.105928,3.154475,1.08199,1.0,77.911301,10,0.485
load_1.5x,corridor,18,static_queue,200,3.226343,0.695301,0.695741,0.065,0.89053,2.531042,0.147933,1.0,77.763834,11,0.47
load_1.5x,corridor,18,queue_aware,200,2.850529,0.232413,0.0,0.025,0.916405,2.618117,0.198469,1.0,77.762465,13,0.38
load_1.5x,corridor,18,range_aware,200,12.512142,0.0,0.0,0.0,4.509501,12.512142,0.0,1.0,77.756626,1,1.0
load_1.5x,corridor,19,nearest,200,140.166431,139.050214,650.874576,0.675,0.347001,1.116217,100.081299,1.0,76.419352,51,0.135
load_1.5x,corridor,19,dijkstra,200,144.246763,143.020021,653.934168,0.695,0.388215,1.226742,101.379481,1.0,76.806685,49,0.135
load_1.5x,corridor,19,cost_optimized,200,34.335513,31.095879,284.738283,0.25,1.122993,3.239633,1.369856,1.0,73.713184,10,0.385
load_1.5x,corridor,19,static_queue,200,4.563972,1.932439,7.489245,0.1,0.908116,2.631533,0.150189,1.0,73.542096,12,0.37
load_1.5x,corridor,19,queue_aware,200,3.386274,0.666724,0.0,0.045,0.929658,2.71955,0.161505,1.0,73.538128,13,0.32
load_1.5x,corridor,19,range_aware,200,12.877408,0.0,0.0,0.0,4.627799,12.877408,0.0,1.0,73.528581,1,1.0
load_1.5x,corridor,20,nearest,200,118.210535,117.257093,477.00919,0.675,0.3056,0.953442,102.974823,1.0,81.004652,53,0.1
load_1.5x,corridor,20,dijkstra,200,105.257513,104.050655,405.857621,0.67,0.38763,1.206858,100.773053,1.0,80.883045,53,0.075
load_1.5x,corridor,20,cost_optimized,200,5.876445,2.764012,20.901204,0.11,1.074372,3.112433,0.959031,1.0,78.183558,9,0.42
load_1.5x,corridor,20,static_queue,200,2.894186,0.417928,0.0,0.03,0.876385,2.476258,0.139558,1.0,78.148473,12,0.41
load_1.5x,corridor,20,queue_aware,200,2.638137,0.103637,0.0,0.015,0.894201,2.5345,0.193985,1.0,78.142863,14,0.35
load_1.5x,corridor,20,range_aware,200,12.808292,0.0,0.0,0.0,4.626823,12.808292,0.0,1.0,78.13756,1,1.0
load_1.5x,corridor,21,nearest,200,120.162565,119.209331,441.378109,0.655,0.296837,0.953233,100.032008,1.0,70.354707,60,0.09
load_1.5x,corridor,21,dijkstra,200,135.191812,134.044954,432.953567,0.7,0.36461,1.146858,98.930656,1.0,71.058723,53,0.09
load_1.5x,corridor,21,cost_optimized,200,7.982001,4.961159,35.950765,0.17,1.052743,3.020842,1.205477,1.0,68.23085,10,0.435
load_1.5x,corridor,21,static_queue,200,2.834383,0.345033,0.388887,0.055,0.872027,2.48935,0.155731,1.0,68.210039,10,0.425
load_1.5x,corridor,21,queue_aware,200,2.713265,0.135832,0.0,0.015,0.897118,2.577433,0.17978,1.0,68.208908,13,0.355
load_1.5x,corridor,21,range_aware,200,12.562392,0.0,0.0,0.0,4.52487,12.562392,0.0,1.0,68.207383,1,1.0
load_1.5x,corridor,22,nearest,200,110.247509,109.347709,418.546954,0.67,0.288652,0.8998,99.611281,1.0,74.641166,58,0.085
load_1.5x,corridor,22,dijkstra,200,112.328971,111.253796,390.364225,0.715,0.352045,1.075175,99.146096,1.0,74.441336,52,0.075
load_1.5x,corridor,22,cost_optimized,200,82.915703,79.991978,579.663969,0.28,1.014085,2.923725,1.638734,1.0,71.955351,10,0.395
load_1.5x,corridor,22,static_queue,200,4.488518,1.967884,12.079148,0.11,0.880601,2.520633,0.170284,1.0,71.025179,12,0.385
load_1.5x,corridor,22,queue_aware,200,3.167139,0.51643,0.009481,0.05,0.923694,2.650708,0.228948,1.0,71.001435,13,0.32
load_1.5x,corridor,22,range_aware,200,12.686792,0.0,0.0,0.0,4.573897,12.686792,0.0,1.0,70.987318,1,1.0
load_1.5x,corridor,23,nearest,200,144.192197,143.169189,527.879676,0.715,0.326161,1.023008,105.198956,1.0,79.124897,59,0.125
load_1.5x,corridor,23,dijkstra,200,133.893217,132.688676,400.38134,0.775,0.385736,1.204542,108.334233,1.0,79.187955,55,0.105
load_1.5x,corridor,23,cost_optimized,200,5.558066,2.443991,21.114928,0.145,1.080763,3.114075,0.984255,1.0,75.386255,9,0.46
load_1.5x,corridor,23,static_queue,200,3.108822,0.579339,0.066163,0.05,0.886825,2.529483,0.100383,1.0,75.356833,11,0.45
load_1.5x,corridor,23,queue_aware,200,2.660169,0.048719,0.0,0.005,0.905717,2.61145,0.155782,1.0,75.354048,12,0.335
load_1.5x,corridor,23,range_aware,200,12.377667,0.0,0.0,0.0,4.460593,12.377667,0.0,1.0,75.352169,1,1.0
load_1.5x,corridor,24,nearest,200,126.52359,125.583948,406.486915,0.76,0.301583,0.939642,108.235589,1.0,77.428229,51,0.105
load_1.5x,corridor,24,dijkstra,200,125.653133,124.5501,406.792971,0.73,0.358069,1.103033,105.497869,1.0,77.435641,48,0.09
load_1.5x,corridor,24,cost_optimized,200,27.873611,24.842961,159.980484,0.24,1.060504,3.03065,1.701055,1.0,74.738254,9,0.39
load_1.5x,corridor,24,static_queue,200,2.544724,0.005807,0.0,0.005,0.895043,2.538917,0.171387,1.0,74.517756,10,0.395
load_1.5x,corridor,24,queue_aware,200,2.632842,0.0,0.0,0.0,0.919422,2.632842,0.214614,1.0,74.510712,13,0.33
load_1.5x,corridor,24,range_aware,200,12.94735,0.0,0.0,0.0,4.676362,12.94735,0.0,1.0,74.507998,1,1.0
load_1.5x,corridor,25,nearest,200,168.70896,167.67911,635.074376,0.705,0.33828,1.02985,96.99884,1.0,83.905973,56,0.13
load_1.5x,corridor,25,dijkstra,200,161.269906,160.104056,612.822854,0.72,0.383055,1.16585,100.690086,1.0,83.947717,50,0.12
load_1.5x,corridor,25,cost_optimized,200,22.811572,19.787113,127.76322,0.26,1.067408,3.024458,1.497946,1.0,81.443028,10,0.395
load_1.5x,corridor,25,static_queue,200,4.81613,2.317372,18.589077,0.11,0.887244,2.498758,0.169812,1.0,81.34546,12,0.385
load_1.5x,corridor,25,queue_aware,200,3.44002,0.853395,0.302462,0.06,0.912203,2.586625,0.226058,1.0,81.343332,13,0.32
load_1.5x,corridor,25,range_aware,200,12.71235,0.0,0.0,0.0,4.594435,12.71235,0.0,1.0,81.323266,1,1.0
load_1.5x,corridor,26,nearest,200,109.645927,108.62806,374.348218,0.655,0.325726,1.017867,98.288697,1.0,77.358978,54,0.1
load_1.5x,corridor,26,dijkstra,200,130.632316,129.433733,403.82248,0.745,0.382197,1.198583,103.738439,1.0,77.678069,49,0.085
load_1.5x,corridor,26,cost_optimized,200,5.57302,2.532295,21.581019,0.13,1.06315,3.040725,1.141292,1.0,74.354249,10,0.44
load_1.5x,corridor,26,static_queue,200,2.551525,0.05485,0.0,0.01,0.881163,2.496675,0.156664,1.0,74.310744,11,0.415
load_1.5x,corridor,26,queue_aware,200,2.663275,0.073659,0.0,0.01,0.904965,2.589617,0.182833,1.0,74.309336,13,0.35
load_1.5x,corridor,26,range_aware,200,12.75555,0.0,0.0,0.0,4.60294,12.75555,0.0,1.0,74.304748,1,1.0
load_1.5x,corridor,27,nearest,200,149.992166,149.011491,515.051261,0.75,0.306704,0.980675,101.844194,1.0,81.498976,57,0.09
load_1.5x,corridor,27,dijkstra,200,149.402789,148.300814,469.643611,0.78,0.348651,1.101975,101.440543,1.0,81.821475,52,0.075
load_1.5x,corridor,27,cost_optimized,200,20.305144,17.185553,166.687857,0.18,1.074504,3.119592,1.347469,1.0,77.653466,10,0.375
load_1.5x,corridor,27,static_queue,200,3.130301,0.662576,0.0,0.045,0.852154,2.467725,0.11691,1.0,77.550536,11,0.35
load_1.5x,corridor,27,queue_aware,200,2.843359,0.291401,0.0,0.02,0.87911,2.551958,0.143602,1.0,77.54527,14,0.32
load_1.5x,corridor,27,range_aware,200,12.745042,0.0,0.0,0.0,4.592269,12.745042,0.0,1.0,77.528616,1,1.0
load_1.5x,corridor,28,nearest,200,146.133398,145.087806,414.913765,0.71,0.337304,1.045592,101.215399,1.0,79.679338,55,0.12
load_1.5x,corridor,28,dijkstra,200,148.438106,147.220514,428.540117,0.71,0.396039,1.217592,101.97556,1.0,80.032303,55,0.105
load_1.5x,corridor,28,cost_optimized,200,15.977036,12.881878,105.030311,0.175,1.079087,3.095158,1.152104,1.0,76.122685,10,0.43
load_1.5x,corridor,28,static_queue,200,3.473468,0.895893,0.0,0.04,0.916202,2.577575,0.145837,1.0,75.934134,11,0.41
load_1.5x,corridor,28,queue_aware,200,2.715689,0.050223,0.0,0.015,0.940465,2.665467,0.198405,1.0,75.931668,12,0.355
load_1.5x,corridor,28,range_aware,200,12.60975,0.0,0.0,0.0,4.548354,12.60975,0.0,1.0,75.920563,1,1.0
load_1.5x,corridor,29,nearest,200,114.405592,113.451909,365.837011,0.765,0.303776,0.953683,104.775285,1.0,79.411743,57,0.08
load_1.5x,corridor,29,dijkstra,200,112.257966,111.121774,365.764761,0.745,0.367526,1.136192,101.404837,1.0,79.170597,53,0.06
load_1.5x,corridor,29,cost_optimized,200,5.204992,2.223867,14.323107,0.09,1.030059,2.981125,0.957811,1.0,76.587398,10,0.465
load_1.5x,corridor,29,static_queue,200,3.071767,0.603276,0.0,0.035,0.869695,2.468492,0.140526,1.0,76.55129,12,0.435
load_1.5x,corridor,29,queue_aware,200,2.589883,0.0,0.0,0.0,0.905084,2.589883,0.182191,1.0,76.546061,13,0.34
load_1.5x,corridor,29,range_aware,200,12.347975,0.0,0.0,0.0,4.448337,12.347975,0.0,1.0,76.544852,1,1.0
load_1.5x,hotspot,0,nearest,200,407.442319,406.369344,1340.962984,0.93,0.356556,1.072975,120.0,1.0,75.052714,12,0.33
load_1.5x,hotspot,0,dijkstra,200,532.803856,531.416297,1893.193038,0.945,0.475369,1.387558,120.0,1.0,75.285106,11,0.375
load_1.5x,hotspot,0,cost_optimized,200,7.022807,3.619424,36.269665,0.15,1.091691,3.403383,0.599737,1.0,70.650222,4,0.46
load_1.5x,hotspot,0,static_queue,200,5.157757,1.772657,5.525894,0.095,1.116902,3.3851,0.091383,1.0,70.626789,5,0.49
load_1.5x,hotspot,0,queue_aware,200,3.633634,0.065701,0.0,0.01,1.215619,3.567933,0.283118,1.0,70.622907,8,0.41
load_1.5x,hotspot,0,range_aware,200,14.334917,0.0,0.0,0.0,5.229281,14.334917,0.0,1.0,70.620495,1,1.0
load_1.5x,hotspot,1,nearest,200,508.292235,507.236801,1398.624661,0.92,0.355368,1.055433,120.0,1.0,78.866138,12,0.39
load_1.5x,hotspot,1,dijkstra,200,551.124599,549.721591,1582.543963,0.91,0.483743,1.403008,120.0,1.0,79.110801,11,0.385
load_1.5x,hotspot,1,cost_optimized,200,8.225153,4.904262,38.935482,0.175,1.062193,3.320892,0.666581,1.0,75.271681,4,0.435
load_1.5x,hotspot,1,static_queue,200,4.866793,1.502451,7.37828,0.095,1.103372,3.364342,0.106889,1.0,75.244537,5,0.46
load_1.5x,hotspot,1,queue_aware,200,3.682656,0.169897,0.0,0.04,1.193273,3.512758,0.34408,1.0,75.237108,8,0.45
load_1.5x,hotspot,1,range_aware,200,14.411667,0.0,0.0,0.0,5.261966,14.411667,0.0,1.0,75.230402,1,1.0
load_1.5x,hotspot,2,nearest,200,736.658484,735.601567,2211.428126,0.95,0.349795,1.056917,120.0,1.0,76.032019,10,0.395
load_1.5x,hotspot,2,dijkstra,200,763.873317,762.436958,2380.037332,0.945,0.491921,1.436358,120.0,1.0,75.921062,11,0.4
load_1.5x,hotspot,2,cost_optimized,200,7.762386,4.499786,33.575767,0.19,1.039946,3.2626,0.983542,1.0,70.560312,4,0.495
load_1.5x,hotspot,2,static_queue,200,4.912992,1.532926,10.530923,0.11,1.113459,3.380067,0.141591,1.0,70.526141,5,0.51
load_1.5x,hotspot,2,queue_aware,200,4.34895,0.735283,3.128858,0.055,1.21654,3.613667,0.36229,1.0,70.520939,9,0.46
load_1.5x,hotspot,2,range_aware,200,14.347758,0.0,0.0,0.0,5.21953,14.347758,0.0,1.0,70.507869,1,1.0
load_1.5x,hotspot,3,nearest,200,843.224741,842.042791,2610.254508,0.965,0.386348,1.18195,120.0,1.0,82.879124,12,0.39
load_1.5x,hotspot,3,dijkstra,200,835.211507,833.64334,2259.907909,0.97,0.530999,1.568167,120.0,1.0,82.731901,10,0.395
load_1.5x,hotspot,3,cost_optimized,200,5.3816,1.936658,17.202626,0.135,1.098854,3.444942,0.629661,1.0,75.839614,4,0.485
load_1.5x,hotspot,3,static_queue,200,5.022744,1.559303,10.427658,0.09,1.135175,3.463442,0.099221,1.0,75.838834,5,0.485
load_1.5x,hotspot,3,queue_aware,200,4.048169,0.462286,0.0,0.02,1.20953,3.585883,0.302431,1.0,75.836689,9,0.44
load_1.5x,hotspot,3,range_aware,200,14.378408,0.0,0.0,0.0,5.232241,14.378408,0.0,1.0,75.832528,1,1.0
load_1.5x,hotspot,4,nearest,200,684.764194,683.693452,2565.225376,0.95,0.363895,1.070742,120.0,1.0,80.037831,12,0.375
load_1.5x,hotspot,4,dijkstra,200,1072.927143,1071.499993,3801.681786,0.93,0.497322,1.42715,120.0,1.0,80.485161,10,0.47
load_1.5x,hotspot,4,cost_optimized,200,5.983153,2.568544,17.944073,0.2,1.09242,3.414608,0.30617,1.0,74.021817,4,0.495
load_1.5x,hotspot,4,static_queue,200,5.283087,1.900528,14.641736,0.135,1.105548,3.382558,0.068196,1.0,73.973131,5,0.51
load_1.5x,hotspot,4,queue_aware,200,5.110813,1.626355,11.613357,0.06,1.178865,3.484458,0.346121,1.0,73.980734,9,0.44
load_1.5x,hotspot,4,range_aware,200,14.3153,0.0,0.0,0.0,5.227548,14.3153,0.0,1.0,73.958252,1,1.0
load_1.5x,hotspot,5,nearest,200,464.661602,463.63846,1313.131,0.925,0.343182,1.023142,120.0,1.0,79.026249,12,0.34
load_1.5x,hotspot,5,dijkstra,200,655.083519,653.754644,1910.254908,0.94,0.453794,1.328875,120.0,1.0,79.28923,11,0.41
load_1.5x,hotspot,5,cost_optimized,200,9.011992,5.611058,31.02406,0.175,1.090815,3.400933,0.827393,1.0,75.356803,4,0.44
load_1.5x,hotspot,5,static_queue,200,5.240691,1.843057,6.892845,0.11,1.131111,3.397633,0.111141,1.0,75.327054,5,0.49
load_1.5x,hotspot,5,queue_aware,200,4.045842,0.505267,0.0,0.04,1.195732,3.540575,0.307275,1.0,75.327996,9,0.425
load_1.5x,hotspot,5,range_aware,200,14.390767,0.0,0.0,0.0,5.241144,14.390767,0.0,1.0,75.323381,1,1.0
load_1.5x,hotspot,6,nearest,200,796.374111,795.281961,2797.93567,0.91,0.365036,1.09215,120.0,1.0,83.18646,12,0.425
load_1.5x,hotspot,6,dijkstra,200,870.738574,869.347491,2982.599646,0.905,0.476869,1.391083,120.0,1.0,83.315115,10,0.455
load_1.5x,hotspot,6,cost_optimized,200,7.388322,4.020197,32.740707,0.17,1.087049,3.368125,0.659585,1.0,77.182654,4,0.51
load_1.5x,hotspot,6,static_queue,200,5.855932,2.454599,16.251701,0.145,1.126472,3.401333,0.10036,1.0,77.161497,5,0.53
load_1.5x,hotspot,6,queue_aware,200,4.002302,0.366377,0.0,0.035,1.238153,3.635925,0.305518,1.0,77.15058,8,0.44
load_1.5x,hotspot,6,range_aware,200,14.310025,0.0,0.0,0.0,5.221055,14.310025,0.0,1.0,77.143294,1,1.0
load_1.5x,hotspot,7,nearest,200,967.241893,966.111968,3245.791327,0.935,0.367874,1.129925,120.0,1.0,88.433823,12,0.39
load_1.5x,hotspot,7,dijkstra,200,817.191017,815.600017,2692.613239,0.96,0.543677,1.591,120.0,1.0,88.255982,11,0.335
load_1.5x,hotspot,7,cost_optimized,200,5.990369,2.649386,19.74222,0.14,1.074596,3.340983,0.722231,1.0,80.533769,4,0.53
load_1.5x,hotspot,7,static_queue,200,5.297701,1.906118,11.277599,0.1,1.121224,3.391583,0.104912,1.0,80.525058,5,0.54
load_1.5x,hotspot,7,queue_aware,200,4.944963,1.406346,5.614848,0.07,1.188748,3.538617,0.338341,1.0,80.522984,8,0.455
load_1.5x,hotspot,7,range_aware,200,14.325033,0.0,0.0,0.0,5.209443,14.325033,0.0,1.0,80.504838,1,1.0
load_1.5x,hotspot,8,nearest,200,849.411725,848.327133,2626.923324,0.95,0.349129,1.084592,120.0,1.0,86.815949,12,0.445
load_1.5x,hotspot,8,dijkstra,200,869.489713,868.128946,2835.833947,0.965,0.452452,1.360767,120.0,1.0,86.924167,11,0.46
load_1.5x,hotspot,8,cost_optimized,200,16.25128,12.886005,87.153268,0.295,1.072646,3.365275,0.660517,1.0,81.275901,4,0.5
load_1.5x,hotspot,8,static_queue,200,12.227052,8.821468,64.885224,0.24,1.112013,3.405583,0.097386,1.0,81.252234,5,0.535
load_1.5x,hotspot,8,queue_aware,200,6.611665,3.033474,24.68405,0.11,1.193292,3.578192,0.362383,1.0,81.232704,9,0.455
load_1.5x,hotspot,8,range_aware,200,14.396167,0.0,0.0,0.0,5.237579,14.396167,0.0,1.0,81.185235,1,1.0
load_1.5x,hotspot,9,nearest,200,781.734043,780.707952,2205.638333,0.945,0.335468,1.026092,120.0,1.0,84.203095,12,0.33
load_1.5x,hotspot,9,dijkstra,200,1005.570867,1004.21685,3062.005272,0.955,0.454493,1.354017,120.0,1.0,84.621568,11,0.405
load_1.5x,hotspot,9,cost_optimized,200,7.317458,3.816433,25.309845,0.235,1.105592,3.501025,0.665648,1.0,76.312982,4,0.445
load_1.5x,hotspot,9,static_queue,200,4.456596,0.956805,6.228709,0.095,1.144145,3.499792,0.106567,1.0,76.264018,5,0.46
load_1.5x,hotspot,9,queue_aware,200,3.8526,0.20965,0.0,0.04,1.223535,3.64295,0.324437,1.0,76.254034,9,0.43
load_1.5x,hotspot,9,range_aware,200,14.392025,0.0,0.0,0.0,5.231917,14.392025,0.0,1.0,76.249944,1,1.0
load_1.5x,hotspot,10,nearest,200,811.260804,810.105029,2808.864585,0.925,0.386087,1.155775,120.0,1.0,79.360926,12,0.435
load_1.5x,hotspot,10,dijkstra,200,1002.352155,1000.937589,3125.613719,0.935,0.478086,1.414567,120.0,1.0,79.889014,11,0.485
load_1.5x,hotspot,10,cost_optimized,200,13.952294,10.572178,65.61251,0.3,1.106067,3.380117,0.560019,1.0,74.139951,4,0.54
load_1.5x,hotspot,10,static_queue,200,14.248824,10.85674,78.001303,0.265,1.141348,3.392083,0.088775,1.0,74.152737,5,0.56
load_1.5x,hotspot,10,queue_aware,200,7.691237,4.12202,35.178261,0.15,1.223032,3.569217,0.31779,1.0,74.131406,9,0.455
load_1.5x,hotspot,10,range_aware,200,14.284467,0.0,0.0,0.0,5.210333,14.284467,0.0,1.0,74.085734,1,1.0
load_1.5x,hotspot,11,nearest,200,641.7315,640.653591,1964.3367,0.935,0.359786,1.077908,120.0,1.0,78.222371,12,0.345
load_1.5x,hotspot,11,dijkstra,200,702.44724,701.00349,2189.808411,0.95,0.49453,1.44375,120.0,1.0,78.244297,11,0.37
load_1.5x,hotspot,11,cost_optimized,200,11.837519,8.427227,60.695551,0.225,1.084568,3.410292,0.536158,1.0,72.727907,4,0.45
load_1.5x,hotspot,11,static_queue,200,5.932185,2.510277,21.701291,0.13,1.114775,3.421908,0.092161,1.0,72.671655,5,0.475
load_1.5x,hotspot,11,queue_aware,200,3.671777,0.129161,0.0,0.005,1.194883,3.542617,0.339076,1.0,72.677035,7,0.435
load_1.5x,hotspot,11,range_aware,200,14.369667,0.0,0.0,0.0,5.243315,14.369667,0.0,1.0,72.659666,1,1.0
load_1.5x,hotspot,12,nearest,200,480.927089,479.847972,1285.050962,0.96,0.364471,1.079117,120.0,1.0,82.504964,12,0.315
load_1.5x,hotspot,12,dijkstra,200,586.749808,585.293824,1847.898188,0.96,0.50079,1.455983,120.0,1.0,82.457285,11,0.37
load_1.5x,hotspot,12,cost_optimized,200,8.559054,5.169312,31.12923,0.29,1.09059,3.389742,0.596472,1.0,77.501342,4,0.495
load_1.5x,hotspot,12,static_queue,200,7.132241,3.68945,23.956131,0.25,1.132532,3.442792,0.100195,1.0,77.478749,5,0.515
load_1.5x,hotspot,12,queue_aware,200,4.128502,0.568494,0.012917,0.05,1.215722,3.560008,0.348365,1.0,77.462047,8,0.45
load_1.5x,hotspot,12,range_aware,200,14.364208,0.0,0.0,0.0,5.239866,14.364208,0.0,1.0,77.454535,1,1.0
load_1.5x,hotspot,13,nearest,200,721.641279,720.523988,2290.242509,0.92,0.37444,1.117292,120.0,1.0,79.931336,12,0.41
load_1.5x,hotspot,13,dijkstra,200,677.455599,675.917557,2206.893305,0.945,0.53462,1.538042,120.0,1.0,80.001672,10,0.385
load_1.5x,hotspot,13,cost_optimized,200,10.104978,6.651378,58.541005,0.165,1.11005,3.4536,0.566082,1.0,75.597385,4,0.475
load_1.5x,hotspot,13,static_queue,200,4.915547,1.500697,6.672151,0.085,1.138411,3.41485,0.088585,1.0,75.556169,5,0.52
load_1.5x,hotspot,13,queue_aware,200,3.658506,0.058131,0.0,0.005,1.231299,3.600375,0.303611,1.0,75.551501,9,0.44
load_1.5x,hotspot,13,range_aware,200,14.338883,0.0,0.0,0.0,5.233724,14.338883,0.0,1.0,75.549902,1,1.0
load_1.5x,hotspot,14,nearest,200,786.699723,785.62359,2758.10612,0.955,0.357305,1.076133,120.0,1.0,74.237633,12,0.375
load_1.5x,hotspot,14,dijkstra,200,892.166222,890.766422,3190.038069,0.965,0.48101,1.3998,120.0,1.0,74.164134,11,0.415
load_1.5x,hotspot,14,cost_optimized,200,7.076052,3.681402,27.734066,0.185,1.085892,3.39465,0.797003,1.0,68.33906,4,0.42
load_1.5x,hotspot,14,static_queue,200,6.658843,3.216202,24.479841,0.17,1.133641,3.442642,0.117224,1.0,68.343412,5,0.445
load_1.5x,hotspot,14,queue_aware,200,4.053583,0.4596,0.0,0.04,1.226683,3.593983,0.329187,1.0,68.352602,9,0.44
load_1.5x,hotspot,14,range_aware,200,14.393592,0.0,0.0,0.0,5.25118,14.393592,0.0,1.0,68.325944,1,1.0
load_1.5x,hotspot,15,nearest,200,674.749442,673.636709,2641.971692,0.935,0.375128,1.112733,120.0,1.0,82.363916,12,0.375
load_1.5x,hotspot,15,dijkstra,200,816.587893,815.047468,3149.349227,0.92,0.533717,1.540425,120.0,1.0,82.558298,11,0.415
load_1.5x,hotspot,15,cost_optimized,200,13.027083,9.653808,51.191085,0.29,1.103378,3.373275,0.690908,1.0,77.888033,4,0.52
load_1.5x,hotspot,15,static_queue,200,13.462208,10.0254,58.776087,0.25,1.147366,3.436808,0.105229,1.0,77.884705,5,0.535
load_1.5x,hotspot,15,queue_aware,200,5.632528,2.038203,13.19793,0.09,1.220683,3.594325,0.328669,1.0,77.864368,9,0.45
load_1.5x,hotspot,15,range_aware,200,14.383392,0.0,0.0,0.0,5.244983,14.383392,0.0,1.0,77.843164,1,1.0
load_1.5x,hotspot,16,nearest,200,768.810346,767.665654,2900.694752,0.955,0.383614,1.144692,120.0,1.0,80.057319,12,0.38
load_1.5x,hotspot,16,dijkstra,200,871.240784,869.627684,3055.322292,0.92,0.561639,1.6131,120.0,1.0,80.108308,11,0.425
load_1.5x,hotspot,16,cost_optimized,200,8.074462,4.678545,28.521853,0.265,1.113371,3.395917,0.62593,1.0,74.654188,4,0.525
load_1.5x,hotspot,16,static_queue,200,6.389279,2.972629,17.249458,0.225,1.14873,3.41665,0.093619,1.0,74.634786,5,0.54
load_1.5x,hotspot,16,queue_aware,200,5.778898,2.21304,19.567848,0.125,1.228657,3.565858,0.312144,1.0,74.627542,9,0.455
load_1.5x,hotspot,16,range_aware,200,14.256333,0.0,0.0,0.0,5.202162,14.256333,0.0,1.0,74.610528,1,1.0
load_1.5x,hotspot,17,nearest,200,553.675035,552.67826,2110.507641,0.945,0.332566,0.996775,120.0,1.0,88.030711,12,0.365
load_1.5x,hotspot,17,dijkstra,200,706.701563,705.410638,2805.357954,0.965,0.441249,1.290925,120.0,1.0,88.240354,11,0.435
load_1.5x,hotspot,17,cost_optimized,200,9.580576,6.236318,45.083564,0.245,1.076408,3.344258,0.69324,1.0,83.44218,4,0.495
load_1.5x,hotspot,17,static_queue,200,4.754074,1.368849,8.671169,0.13,1.122265,3.385225,0.108664,1.0,83.414434,5,0.52
load_1.5x,hotspot,17,queue_aware,200,3.805677,0.244094,0.0,0.025,1.205185,3.561583,0.30471,1.0,83.408104,9,0.44
load_1.5x,hotspot,17,range_aware,200,14.278875,0.0,0.0,0.0,5.205531,14.278875,0.0,1.0,83.404297,1,1.0
load_1.5x,hotspot,18,nearest,200,548.639427,547.527702,1773.916192,0.935,0.365192,1.111725,120.0,1.0,80.033288,12,0.4
load_1.5x,hotspot,18,dijkstra,200,663.100044,661.741594,1992.582639,0.935,0.458247,1.35845,120.0,1.0,80.210014,10,0.47
load_1.5x,hotspot,18,cost_optimized,200,5.622056,2.179406,10.79541,0.155,1.113041,3.44265,0.76055,1.0,76.294045,4,0.465
load_1.5x,hotspot,18,static_queue,200,4.470127,0.974502,6.452011,0.11,1.167693,3.495625,0.116015,1.0,76.267204,5,0.5
load_1.5x,hotspot,18,queue_aware,200,4.226363,0.57083,0.0,0.02,1.243938,3.655533,0.341728,1.0,76.263371,9,0.425
load_1.5x,hotspot,18,range_aware,200,14.338975,0.0,0.0,0.0,5.225691,14.338975,0.0,1.0,76.256902,1,1.0
load_1.5x,hotspot,19,nearest,200,541.019727,539.909927,1880.238206,0.95,0.37509,1.1098,120.0,1.0,78.479613,12,0.355
load_1.5x,hotspot,19,dijkstra,200,752.687594,751.18136,2428.700313,0.95,0.522397,1.506233,120.0,1.0,78.836745,10,0.44
load_1.5x,hotspot,19,cost_optimized,200,7.691804,4.278054,31.404908,0.185,1.100724,3.41375,0.630594,1.0,73.881819,4,0.475
load_1.5x,hotspot,19,static_queue,200,5.073857,1.63949,12.070076,0.13,1.13792,3.434367,0.102215,1.0,73.838494,5,0.5
load_1.5x,hotspot,19,queue_aware,200,4.054064,0.495839,0.0,0.02,1.210979,3.558225,0.331384,1.0,73.83657,9,0.455
load_1.5x,hotspot,19,range_aware,200,14.368217,0.0,0.0,0.0,5.241805,14.368217,0.0,1.0,73.831353,1,1.0
load_1.5x,hotspot,20,nearest,200,592.48377,591.45672,2232.708204,0.935,0.34755,1.02705,120.0,1.0,84.457893,11,0.325
load_1.5x,hotspot,20,dijkstra,200,784.782574,783.448974,2751.957519,0.955,0.457502,1.3336,120.0,1.0,85.043737,11,0.39
load_1.5x,hotspot,20,cost_optimized,200,13.429571,10.016871,51.826197,0.335,1.090284,3.4127,0.731559,1.0,79.005151,4,0.43
load_1.5x,hotspot,20,static_queue,200,5.549962,2.108537,16.940769,0.15,1.132727,3.441425,0.109396,1.0,78.962713,5,0.46
load_1.5x,hotspot,20,queue_aware,200,3.801644,0.22726,0.0,0.02,1.220328,3.574383,0.32139,1.0,78.956539,9,0.42
load_1.5x,hotspot,20,range_aware,200,14.4171,0.0,0.0,0.0,5.262409,14.4171,0.0,1.0,78.951093,1,1.0
load_1.5x,hotspot,21,nearest,200,804.451354,803.264354,2503.609609,0.97,0.385353,1.187,120.0,1.0,83.939036,12,0.415
load_1.5x,hotspot,21,dijkstra,200,768.660048,767.08784,2372.663555,0.975,0.529156,1.572208,120.0,1.0,83.973822,11,0.425
load_1.5x,hotspot,21,cost_optimized,200,5.162477,1.766519,13.292657,0.15,1.087703,3.395958,0.69184,1.0,77.937026,4,0.51
load_1.5x,hotspot,21,static_queue,200,4.193543,0.735418,3.889396,0.095,1.132623,3.458125,0.10568,1.0,77.915371,5,0.515
load_1.5x,hotspot,21,queue_aware,200,3.752019,0.073336,0.0,0.01,1.24331,3.678683,0.285505,1.0,77.90173,9,0.42
load_1.5x,hotspot,21,range_aware,200,14.329083,0.0,0.0,0.0,5.209031,14.329083,0.0,1.0,77.900112,1,1.0
load_1.5x,hotspot,22,nearest,200,657.822917,656.734775,2268.608024,0.925,0.35879,1.088142,120.0,1.0,76.888656,11,0.425
load_1.5x,hotspot,22,dijkstra,200,689.068383,687.599308,2349.457059,0.91,0.502224,1.469075,120.0,1.0,76.911943,11,0.415
load_1.5x,hotspot,22,cost_optimized,200,11.96655,8.509808,66.442165,0.255,1.11076,3.456742,0.535226,1.0,72.925304,4,0.46
load_1.5x,hotspot,22,static_queue,200,5.454689,2.011822,15.945558,0.135,1.140333,3.442867,0.087482,1.0,72.9085,5,0.51
load_1.5x,hotspot,22,queue_aware,200,3.823215,0.21374,0.0,0.025,1.229059,3.609475,0.317049,1.0,72.907529,9,0.425
load_1.5x,hotspot,22,range_aware,200,14.40265,0.0,0.0,0.0,5.254729,14.40265,0.0,1.0,72.90144,1,1.0
load_1.5x,hotspot,23,nearest,200,667.682853,666.583312,2671.637964,0.895,0.365534,1.099542,120.0,1.0,80.096077,12,0.335
load_1.5x,hotspot,23,dijkstra,200,792.792965,791.374256,2837.14923,0.88,0.48713,1.418708,120.0,1.0,80.482416,11,0.375
load_1.5x,hotspot,23,cost_optimized,200,10.934842,7.5311,43.126485,0.21,1.095253,3.403742,0.79607,1.0,74.865121,4,0.43
load_1.5x,hotspot,23,static_queue,200,6.140246,2.67793,13.065997,0.165,1.14803,3.462317,0.120218,1.0,74.730382,5,0.46
load_1.5x,hotspot,23,queue_aware,200,5.271543,1.713402,7.632646,0.085,1.214055,3.558142,0.327312,1.0,74.725579,8,0.46
load_1.5x,hotspot,23,range_aware,200,14.378017,0.0,0.0,0.0,5.24482,14.378017,0.0,1.0,74.721734,1,1.0
load_1.5x,hotspot,24,nearest,200,623.911487,622.824304,2214.751078,0.94,0.364424,1.087183,120.0,1.0,81.735483,12,0.375
load_1.5x,hotspot,24,dijkstra,200,621.581947,620.134638,2385.828297,0.965,0.498311,1.447308,120.0,1.0,81.833901,11,0.38
load_1.5x,hotspot,24,cost_optimized,200,9.568988,6.226021,47.017899,0.205,1.090716,3.342967,0.754953,1.0,77.161093,4,0.525
load_1.5x,hotspot,24,static_queue,200,4.474803,1.07832,5.851457,0.1,1.138192,3.396483,0.1093,1.0,77.059082,5,0.535
load_1.5x,hotspot,24,queue_aware,200,3.760022,0.160306,0.0,0.02,1.230241,3.599717,0.347478,1.0,77.047404,9,0.465
load_1.5x,hotspot,24,range_aware,200,14.326658,0.0,0.0,0.0,5.221589,14.326658,0.0,1.0,77.045652,1,1.0
load_1.5x,hotspot,25,nearest,200,1025.619533,1024.4286,3540.137104,0.97,0.38656,1.190933,120.0,1.0,87.946431,12,0.44
load_1.5x,hotspot,25,dijkstra,200,1064.76218,1063.237114,3633.462566,0.995,0.512488,1.525067,120.0,1.0,87.838538,11,0.475
load_1.5x,hotspot,25,cost_optimized,200,10.098958,6.67635,63.706396,0.215,1.094453,3.422608,0.694172,1.0,80.345037,4,0.485
load_1.5x,hotspot,25,static_queue,200,5.8157,2.371358,11.351528,0.115,1.13382,3.444342,0.101277,1.0,80.331701,5,0.505
load_1.5x,hotspot,25,queue_aware,200,4.116681,0.520898,0.0,0.025,1.219887,3.595783,0.321167,1.0,80.328594,9,0.455
load_1.5x,hotspot,25,range_aware,200,14.314333,0.0,0.0,0.0,5.210913,14.314333,0.0,1.0,80.3124,1,1.0
load_1.5x,hotspot,26,nearest,200,679.247144,678.224261,1863.756983,0.925,0.345429,1.022883,120.0,1.0,81.987337,12,0.36
load_1.5x,hotspot,26,dijkstra,200,818.253587,816.954012,2388.551753,0.92,0.445535,1.299575,120.0,1.0,82.705245,11,0.4
load_1.5x,hotspot,26,cost_optimized,200,8.036084,4.647792,33.568825,0.185,1.077577,3.388292,0.666581,1.0,76.667006,4,0.435
load_1.5x,hotspot,26,static_queue,200,5.09333,1.689488,12.67579,0.125,1.120149,3.403842,0.107044,1.0,76.639826,5,0.465
load_1.5x,hotspot,26,queue_aware,200,3.693532,0.158915,0.0,0.03,1.204929,3.534617,0.315608,1.0,76.632324,9,0.425
load_1.5x,hotspot,26,range_aware,200,14.4944,0.0,0.0,0.0,5.289078,14.4944,0.0,1.0,76.622382,1,1.0
load_1.5x,hotspot,27,nearest,200,726.566397,725.55708,2030.114139,0.965,0.337344,1.009317,120.0,1.0,84.974671,12,0.29
load_1.5x,hotspot,27,dijkstra,200,759.908857,758.62119,2069.291212,0.97,0.440412,1.287667,120.0,1.0,84.493555,11,0.315
load_1.5x,hotspot,27,cost_optimized,200,22.712559,19.332334,105.459631,0.365,1.079068,3.380225,0.895636,1.0,78.018309,4,0.4
load_1.5x,hotspot,27,static_queue,200,10.013034,6.596842,56.619406,0.205,1.13169,3.416192,0.12613,1.0,77.940586,5,0.415
load_1.5x,hotspot,27,queue_aware,200,3.715385,0.214127,0.0,0.02,1.19702,3.501258,0.285785,1.0,77.910364,9,0.42
load_1.5x,hotspot,27,range_aware,200,14.443583,0.0,0.0,0.0,5.274221,14.443583,0.0,1.0,77.890972,1,1.0
load_1.5x,hotspot,28,nearest,200,530.615356,529.523414,1825.121991,0.955,0.361356,1.091942,120.0,1.0,75.721445,12,0.34
load_1.5x,hotspot,28,dijkstra,200,586.816752,585.346927,2051.816067,0.945,0.50334,1.469825,120.0,1.0,75.946763,11,0.385
load_1.5x,hotspot,28,cost_optimized,200,10.385005,6.935496,33.856144,0.265,1.101931,3.449508,0.76055,1.0,70.278683,4,0.465
load_1.5x,hotspot,28,static_queue,200,5.125446,1.629329,14.284364,0.135,1.154646,3.496117,0.11602,1.0,70.213599,5,0.505
load_1.5x,hotspot,28,queue_aware,200,4.082679,0.407279,0.0,0.025,1.242974,3.6754,0.305124,1.0,70.20584,9,0.445
load_1.5x,hotspot,28,range_aware,200,14.407833,0.0,0.0,0.0,5.240922,14.407833,0.0,1.0,70.200074,1,1.0
load_1.5x,hotspot,29,nearest,200,782.10493,781.062822,2139.981242,0.915,0.34986,1.042108,120.0,1.0,78.074557,11,0.41
load_1.5x,hotspot,29,dijkstra,200,814.515382,813.151232,2247.977384,0.915,0.465533,1.36415,120.0,1.0,78.049488,11,0.44
load_1.5x,hotspot,29,cost_optimized,200,9.269613,5.898572,44.607744,0.165,1.064979,3.371042,0.568881,1.0,73.756521,4,0.445
load_1.5x,hotspot,29,static_queue,200,6.138234,2.737709,14.620464,0.095,1.094757,3.400525,0.094047,1.0,73.724165,5,0.475
load_1.5x,hotspot,29,queue_aware,200,3.80161,0.17956,0.0,0.04,1.217601,3.62205,0.350011,1.0,73.70727,9,0.42
load_1.5x,hotspot,29,range_aware,200,14.447242,0.0,0.0,0.0,5.271923,14.447242,0.0,1.0,73.704658,1,1.0
load_2x,spread,0,nearest,200,189.379142,188.421342,572.337301,0.715,0.30366,0.9578,173.95081,1.0,174.576431,89,0.05
load_2x,spread,0,dijkstra,200,186.579673,185.406965,546.703498,0.745,0.384154,1.172708,181.033531,1.0,174.954335,87,0.04
load_2x,spread,0,cost_optimized,200,4.417574,1.384865,0.0,0.04,1.042127,3.032708,1.285338,1.0,170.886948,14,0.15
load_2x,spread,0,static_queue,200,2.595697,0.165431,0.0,0.01,0.817587,2.430267,0.235629,1.0,170.870511,27,0.155
load_2x,spread,0,queue_aware,200,2.684614,0.248431,0.0,0.015,0.821299,2.436183,0.33116,1.0,170.870511,27,0.155
load_2x,spread,0,range_aware,200,10.961867,0.0,0.0,0.0,3.90529,10.961867,0.0,1.0,170.863651,1,1.0
load_2x,spread,1,nearest,200,151.987032,150.920257,529.937898,0.725,0.353724,1.066775,178.57016,1.0,169.829401,82,0.055
load_2x,spread,1,dijkstra,200,168.400334,167.099717,533.329817,0.75,0.438581,1.300617,184.436061,1.0,169.67162,82,0.055
load_2x,spread,1,cost_optimized,200,8.833887,5.887462,54.468411,0.11,1.029756,2.946425,1.922319,1.0,165.791947,14,0.19
load_2x,spread,1,static_queue,200,3.119991,0.644691,0.0,0.02,0.85209,2.4753,0.24975,1.0,165.718032,27,0.175
load_2x,spread,1,queue_aware,200,3.126266,0.644691,0.0,0.02,0.85531,2.481575,0.322209,1.0,165.718939,30,0.18
load_2x,spread,1,range_aware,200,11.316725,0.0,0.0,0.0,4.05392,11.316725,0.0,1.0,165.715042,1,1.0
load_2x,spread,2,nearest,200,180.462157,179.379374,692.799602,0.685,0.325494,1.082783,168.354125,1.0,175.030334,84,0.055
load_2x,spread,2,dijkstra,200,189.683055,188.314755,759.850572,0.715,0.431179,1.3683,176.688195,1.0,174.777481,83,0.055
load_2x,spread,2,cost_optimized,200,4.262289,0.947214,0.693031,0.06,1.118636,3.315075,1.018028,1.0,170.816963,14,0.14
load_2x,spread,2,static_queue,200,3.023439,0.344055,0.0,0.02,0.894932,2.679383,0.193819,1.0,170.808106,28,0.145
load_2x,spread,2,queue_aware,200,3.018601,0.328726,0.0,0.015,0.9008,2.689875,0.249316,1.0,170.808587,30,0.15
load_2x,spread,2,range_aware,200,11.083175,0.0,0.0,0.0,3.941188,11.083175,0.0,1.0,170.801112,1,1.0
load_2x,spread,3,nearest,200,171.937617,170.893059,663.879847,0.695,0.336549,1.044558,180.637996,1.0,169.692648,85,0.055
load_2x,spread,3,dijkstra,200,205.341204,203.982212,703.294296,0.735,0.453121,1.358992,192.250162,1.0,169.562395,82,0.06
load_2x,spread,3,cost_optimized,200,5.330015,2.19534,9.514188,0.07,1.077034,3.134675,1.278035,1.0,164.706555,14,0.165
load_2x,spread,3,static_queue,200,3.359994,0.819011,0.0,0.03,0.860753,2.540983,0.207159,1.0,164.666236,27,0.175
load_2x,spread,3,queue_aware,200,3.067824,0.497182,0.0,0.02,0.873358,2.570642,0.313166,1.0,164.665523,28,0.17
load_2x,spread,3,range_aware,200,11.357783,0.0,0.0,0.0,4.07126,11.357783,0.0,1.0,164.654791,1,1.0
load_2x,spread,4,nearest,200,160.798,159.837408,539.4647,0.735,0.312833,0.960592,180.695571,1.0,159.988215,80,0.045
load_2x,spread,4,dijkstra,200,170.716514,169.486172,568.052423,0.76,0.413436,1.230342,182.235869,1.0,159.792081,81,0.05
load_2x,spread,4,cost_optimized,200,8.114819,5.164677,22.670882,0.11,1.019844,2.950142,1.357752,1.0,156.446067,13,0.13
load_2x,spread,4,static_queue,200,2.6833,0.227425,0.0,0.015,0.83384,2.455875,0.257834,1.0,156.346111,25,0.13
load_2x,spread,4,queue_aware,200,2.887278,0.413503,0.0,0.02,0.84136,2.473775,0.30074,1.0,156.340675,26,0.135
load_2x,spread,4,range_aware,200,10.714542,0.0,0.0,0.0,3.822432,10.714542,0.0,1.0,156.32392,1,1.0
load_2x,spread,5,nearest,200,203.852968,202.861468,609.260914,0.74,0.316111,0.9915,174.479678,1.0,174.287427,87,0.045
load_2x,spread,5,dijkstra,200,196.09859,194.880773,608.037797,0.74,0.397187,1.217817,175.94188,1.0,174.431163,90,0.055
load_2x,spread,5,cost_optimized,200,7.540647,4.350431,20.860227,0.095,1.095783,3.190217,1.684522,1.0,170.202752,14,0.135
load_2x,spread,5,static_queue,200,2.791727,0.184127,0.0,0.015,0.87315,2.6076,0.189788,1.0,170.159081,28,0.1
load_2x,spread,5,queue_aware,200,2.78429,0.165732,0.0,0.01,0.878748,2.618558,0.22016,1.0,170.159069,29,0.12
load_2x,spread,5,range_aware,200,11.0524,0.0,0.0,0.0,3.944705,11.0524,0.0,1.0,170.153518,2,0.995
load_2x,spread,6,nearest,200,186.770389,185.763898,679.262516,0.73,0.331555,1.006492,179.50173,1.0,166.192552,85,0.06
load_2x,spread,6,dijkstra,200,173.297046,171.971355,612.351175,0.745,0.444395,1.325692,176.386599,1.0,166.210749,85,0.06
load_2x,spread,6,cost_optimized,200,5.112148,2.028806,14.549516,0.09,1.061642,3.083342,1.897027,1.0,162.727848,13,0.125
load_2x,spread,6,static_queue,200,2.750041,0.173425,0.0,0.015,0.876037,2.576617,0.244933,1.0,162.689455,25,0.13
load_2x,spread,6,queue_aware,200,2.767433,0.173425,0.0,0.015,0.882719,2.594008,0.313908,1.0,162.688077,27,0.145
load_2x,spread,6,range_aware,200,11.517883,0.0,0.0,0.0,4.133532,11.517883,0.0,1.0,162.683019,1,1.0
load_2x,spread,7,nearest,200,166.015907,164.971682,512.665966,0.725,0.310098,1.044225,171.684334,1.0,176.160665,83,0.04
load_2x,spread,7,dijkstra,200,207.030835,205.618393,663.069365,0.82,0.448586,1.412442,189.411076,1.0,176.584216,86,0.04
load_2x,spread,7,cost_optimized,200,5.038511,1.924195,15.421805,0.075,1.039698,3.114317,1.518161,1.0,172.841498,14,0.15
load_2x,spread,7,static_queue,200,2.688973,0.10869,0.0,0.015,0.84177,2.580283,0.192598,1.0,172.822518,26,0.115
load_2x,spread,7,queue_aware,200,2.599231,0.003998,0.0,0.01,0.846783,2.595233,0.254059,1.0,172.821379,27,0.12
load_2x,spread,7,range_aware,200,10.743467,0.0,0.0,0.0,3.802283,10.743467,0.0,1.0,172.820535,1,1.0
load_2x,spread,8,nearest,200,166.212612,165.23672,592.728977,0.695,0.309993,0.975892,171.561835,1.0,169.709051,90,0.045
load_2x,spread,8,dijkstra,200,165.123191,163.803091,522.803904,0.745,0.437206,1.3201,183.383495,1.0,170.025157,87,0.035
load_2x,spread,8,cost_optimized,200,11.611585,8.615344,76.624771,0.14,1.042081,2.996242,2.006756,1.0,165.686842,13,0.135
load_2x,spread,8,static_queue,200,2.676323,0.215256,0.0,0.015,0.842467,2.461067,0.192725,1.0,165.580058,26,0.125
load_2x,spread,8,queue_aware,200,2.683856,0.215256,0.0,0.015,0.845538,2.4686,0.247199,1.0,165.576966,27,0.115
load_2x,spread,8,range_aware,200,10.993267,0.0,0.0,0.0,3.93467,10.993267,0.0,1.0,165.575057,1,1.0
load_2x,spread,9,nearest,200,117.830656,116.841948,436.796488,0.68,0.327011,0.988708,171.75081,1.0,165.568237,88,0.045
load_2x,spread,9,dijkstra,200,150.94598,149.697147,474.598165,0.7,0.419525,1.248833,175.556413,1.0,166.610229,88,0.045
load_2x,spread,9,cost_optimized,200,5.489582,2.382932,20.041383,0.1,1.070007,3.10665,1.844746,1.0,162.573414,14,0.13
load_2x,spread,9,static_queue,200,3.76871,1.21501,0.131444,0.05,0.872736,2.5537,0.252677,1.0,162.546773,26,0.125
load_2x,spread,9,queue_aware,200,3.431818,0.845901,0.0,0.035,0.885867,2.585917,0.300616,1.0,162.545831,27,0.135
load_2x,spread,9,range_aware,200,11.20465,0.0,0.0,0.0,4.009488,11.20465,0.0,1.0,162.537438,1,1.0
load_2x,spread,10,nearest,200,140.69296,139.599352,483.368334,0.735,0.36122,1.093608,185.500773,1.0,169.807034,92,0.065
load_2x,spread,10,dijkstra,200,158.169064,156.822722,557.780266,0.735,0.452738,1.346342,182.498454,1.0,170.291683,93,0.07
load_2x,spread,10,cost_optimized,200,4.486849,1.380366,0.764791,0.055,1.078662,3.106483,1.676894,1.0,165.702566,14,0.165
load_2x,spread,10,static_queue,200,3.109899,0.504532,0.0,0.025,0.892293,2.605367,0.229755,1.0,165.678727,27,0.155
load_2x,spread,10,queue_aware,200,3.112757,0.504532,0.0,0.025,0.893268,2.608225,0.289331,1.0,165.678727,27,0.155
load_2x,spread,10,range_aware,200,10.972592,0.0,0.0,0.0,3.923552,10.972592,0.0,1.0,165.668974,1,1.0
load_2x,spread,11,nearest,200,174.695978,173.647711,582.36265,0.7,0.335543,1.048267,168.482208,1.0,178.423575,90,0.05
load_2x,spread,11,dijkstra,200,195.616611,194.350661,598.034541,0.75,0.416558,1.26595,177.886643,1.0,178.79182,85,0.055
load_2x,spread,11,cost_optimized,200,8.471968,5.359243,10.462499,0.07,1.072186,3.112725,1.153602,1.0,174.749458,14,0.16
load_2x,spread,11,static_queue,200,2.53847,0.061487,0.0,0.015,0.840415,2.476983,0.218062,1.0,174.724435,28,0.125
load_2x,spread,11,queue_aware,200,2.53652,0.061487,0.0,0.015,0.840158,2.475033,0.285061,1.0,174.724435,29,0.125
load_2x,spread,11,range_aware,200,10.970958,0.0,0.0,0.0,3.916927,10.970958,0.0,1.0,174.687847,1,1.0
load_2x,spread,12,nearest,200,142.876707,141.764999,511.469665,0.74,0.341882,1.111708,189.755869,1.0,167.138164,89,0.05
load_2x,spread,12,dijkstra,200,171.674895,170.359394,549.020154,0.8,0.413907,1.3155,200.680464,1.0,167.982762,87,0.05
load_2x,spread,12,cost_optimized,200,4.79842,1.78527,12.460367,0.085,1.028891,3.01315,1.734515,1.0,163.602844,12,0.17
load_2x,spread,12,static_queue,200,3.08134,0.469524,0.0,0.025,0.868276,2.611817,0.188241,1.0,163.592822,27,0.17
load_2x,spread,12,queue_aware,200,3.063869,0.450461,0.0,0.02,0.872592,2.613408,0.274109,1.0,163.591828,28,0.17
load_2x,spread,12,range_aware,200,10.927917,0.0,0.0,0.0,3.89596,10.927917,0.0,1.0,163.587962,1,1.0
load_2x,spread,13,nearest,200,184.46068,183.457797,613.884038,0.735,0.331442,1.002883,180.012034,1.0,165.076356,86,0.06
load_2x,spread,13,dijkstra,200,212.446981,211.114431,722.598494,0.73,0.450853,1.33255,182.503655,1.0,165.142482,87,0.065
load_2x,spread,13,cost_optimized,200,4.39723,1.257538,3.957195,0.08,1.096673,3.139692,1.88104,1.0,160.72641,13,0.135
load_2x,spread,13,static_queue,200,3.057949,0.555666,0.0,0.02,0.862945,2.502283,0.208113,1.0,160.692013,26,0.145
load_2x,spread,13,queue_aware,200,3.064291,0.555666,0.0,0.02,0.866121,2.508625,0.289043,1.0,160.692013,27,0.155
load_2x,spread,13,range_aware,200,11.023367,0.0,0.0,0.0,3.942537,11.023367,0.0,1.0,160.690503,1,1.0
load_2x,spread,14,nearest,200,171.559486,170.535086,575.905106,0.715,0.337352,1.0244,178.419029,1.0,164.59948,95,0.055
load_2x,spread,14,dijkstra,200,170.337047,169.014756,532.43925,0.71,0.448131,1.322292,182.166674,1.0,164.953855,89,0.06
load_2x,spread,14,cost_optimized,200,5.455492,2.483384,14.740889,0.095,1.031377,2.972108,1.338714,1.0,160.911423,13,0.165
load_2x,spread,14,static_queue,200,3.318213,0.861388,0.0,0.04,0.84207,2.456825,0.191535,1.0,160.893794,26,0.175
load_2x,spread,14,queue_aware,200,3.34458,0.854372,0.0,0.035,0.8542,2.490208,0.227109,1.0,160.889885,26,0.16
load_2x,spread,14,range_aware,200,10.759992,0.0,0.0,0.0,3.848125,10.759992,0.0,1.0,160.879539,1,1.0
load_2x,spread,15,nearest,200,169.789249,168.819499,602.027808,0.765,0.304023,0.96975,177.367822,1.0,158.083896,89,0.045
load_2x,spread,15,dijkstra,200,188.716822,187.519347,647.627912,0.805,0.388213,1.197475,187.04355,1.0,158.034931,87,0.055
load_2x,spread,15,cost_optimized,200,7.470731,4.467931,38.020568,0.125,1.017129,3.0028,1.695067,1.0,153.296963,13,0.14
load_2x,spread,15,static_queue,200,2.655325,0.165842,0.0,0.015,0.828078,2.489483,0.234829,1.0,153.261379,27,0.11
load_2x,spread,15,queue_aware,200,2.674675,0.165842,0.0,0.015,0.836884,2.508833,0.313014,1.0,153.257076,28,0.115
load_2x,spread,15,range_aware,200,11.089475,0.0,0.0,0.0,3.955716,11.089475,0.0,1.0,153.245612,1,1.0
load_2x,spread,16,nearest,200,188.510877,187.481419,605.310404,0.765,0.323985,1.029458,184.359709,1.0,167.657034,90,0.05
load_2x,spread,16,dijkstra,200,186.330733,185.042666,543.235394,0.8,0.416986,1.288067,190.686642,1.0,167.328707,88,0.055
load_2x,spread,16,cost_optimized,200,5.110466,1.857174,2.20811,0.06,1.127636,3.253292,1.41046,1.0,163.341744,14,0.14
load_2x,spread,16,static_queue,200,2.794542,0.248992,0.0,0.025,0.87346,2.54555,0.27294,1.0,163.329526,27,0.135
load_2x,spread,16,queue_aware,200,2.825666,0.226883,0.0,0.02,0.893216,2.598783,0.289591,1.0,163.328448,28,0.155
load_2x,spread,16,range_aware,200,11.068383,0.0,0.0,0.0,3.939023,11.068383,0.0,1.0,163.324143,1,1.0
load_2x,spread,17,nearest,200,235.577476,234.603151,750.86764,0.805,0.318559,0.974325,185.238379,1.0,175.951327,82,0.05
load_2x,spread,17,dijkstra,200,207.543682,206.373557,734.888395,0.765,0.383994,1.170125,179.772115,1.0,175.597874,81,0.05
load_2x,spread,17,cost_optimized,200,5.048924,1.978316,19.521055,0.075,1.063365,3.070608,1.529004,1.0,171.353255,12,0.16
load_2x,spread,17,static_queue,200,3.190061,0.599927,0.0,0.03,0.880227,2.590133,0.257813,1.0,171.340869,26,0.145
load_2x,spread,17,queue_aware,200,3.122477,0.511086,0.0,0.025,0.889071,2.611392,0.266424,1.0,171.340403,27,0.155
load_2x,spread,17,range_aware,200,10.985783,0.0,0.0,0.0,3.925488,10.985783,0.0,1.0,171.326145,2,0.995
load_2x,spread,18,nearest,200,175.551726,174.533318,524.424835,0.73,0.333679,1.018408,184.291873,1.0,158.524256,92,0.055
load_2x,spread,18,dijkstra,200,191.834675,190.512234,622.476119,0.76,0.447804,1.322442,191.497286,1.0,158.629658,89,0.065
load_2x,spread,18,cost_optimized,200,6.781648,3.695048,7.25168,0.07,1.063128,3.0866,1.28832,1.0,153.816708,13,0.165
load_2x,spread,18,static_queue,200,2.905936,0.389203,0.0,0.02,0.859712,2.516733,0.141012,1.0,153.727877,25,0.155
load_2x,spread,18,queue_aware,200,2.635427,0.100502,0.0,0.01,0.86729,2.534925,0.213496,1.0,153.722044,26,0.155
load_2x,spread,18,range_aware,200,11.275958,0.0,0.0,0.0,4.042565,11.275958,0.0,1.0,153.716631,1,1.0
load_2x,spread,19,nearest,200,156.151163,155.253755,513.790425,0.72,0.289807,0.897408,182.087601,1.0,167.838734,95,0.035
load_2x,spread,19,dijkstra,200,163.927525,162.801741,510.54839,0.73,0.378078,1.125783,184.561423,1.0,168.089585,94,0.035
load_2x,spread,19,cost_optimized,200,9.156932,6.195049,30.986826,0.125,1.02881,2.961883,2.149748,1.0,163.383974,14,0.125
load_2x,spread,19,static_queue,200,2.578666,0.229366,0.0,0.015,0.794705,2.3493,0.256613,1.0,163.267967,27,0.095
load_2x,spread,19,queue_aware,200,2.593733,0.229366,0.0,0.015,0.801374,2.364367,0.300036,1.0,163.267967,28,0.095
load_2x,spread,19,range_aware,200,11.119842,0.0,0.0,0.0,3.983383,11.119842,0.0,1.0,163.259704,1,1.0
load_2x,spread,20,nearest,200,159.307361,158.262245,702.217276,0.705,0.333543,1.045117,173.637785,1.0,172.861917,85,0.04
load_2x,spread,20,dijkstra,200,167.831058,166.505033,694.430695,0.75,0.435197,1.326025,177.832171,1.0,173.286597,85,0.055
load_2x,spread,20,cost_optimized,200,4.332298,1.141431,6.465339,0.085,1.094556,3.190867,1.751691,1.0,168.501773,13,0.125
load_2x,spread,20,static_queue,200,3.025237,0.416787,0.009013,0.05,0.876672,2.60845,0.216059,1.0,168.464808,26,0.125
load_2x,spread,20,queue_aware,200,2.884785,0.267535,0.0,0.035,0.881724,2.61725,0.274892,1.0,168.46373,28,0.125
load_2x,spread,20,range_aware,200,11.011683,0.0,0.0,0.0,3.921514,11.011683,0.0,1.0,168.459345,1,1.0
load_2x,spread,21,nearest,200,219.209406,218.104173,865.907314,0.745,0.368138,1.105233,173.890562,1.0,159.029532,82,0.095
load_2x,spread,21,dijkstra,200,226.081098,224.792914,865.907314,0.74,0.44137,1.288183,178.752573,1.0,159.700657,79,0.1
load_2x,spread,21,cost_optimized,200,4.982416,1.764657,14.982167,0.11,1.119145,3.217758,1.223421,1.0,155.815352,13,0.185
load_2x,spread,21,static_queue,200,3.132583,0.474633,0.0,0.035,0.919623,2.65795,0.172878,1.0,155.791861,24,0.18
load_2x,spread,21,queue_aware,200,3.157883,0.474633,0.0,0.035,0.928764,2.68325,0.23272,1.0,155.79094,26,0.175
load_2x,spread,21,range_aware,200,11.495217,0.0,0.0,0.0,4.127264,11.495217,0.0,1.0,155.786817,1,1.0
load_2x,spread,22,nearest,200,157.887095,156.89287,560.995498,0.7,0.324455,0.994225,169.621317,1.0,165.724127,84,0.055
load_2x,spread,22,dijkstra,200,205.652301,204.440317,635.658123,0.755,0.4086,1.211983,188.482561,1.0,166.052805,81,0.06
load_2x,spread,22,cost_optimized,200,4.046233,1.009908,2.356773,0.07,1.045687,3.036325,0.760186,1.0,162.93302,13,0.17
load_2x,spread,22,static_queue,200,3.156144,0.716002,0.0,0.025,0.838734,2.440142,0.27156,1.0,162.886906,24,0.17
load_2x,spread,22,queue_aware,200,2.961349,0.496157,0.0,0.015,0.847256,2.465192,0.307948,1.0,162.881091,24,0.185
load_2x,spread,22,range_aware,200,11.10565,0.0,0.0,0.0,3.979555,11.10565,0.0,1.0,162.877058,1,1.0
load_2x,spread,23,nearest,200,133.20172,132.150087,489.007827,0.675,0.340793,1.051633,170.245132,1.0,164.701809,89,0.045
load_2x,spread,23,dijkstra,200,145.897904,144.532546,564.028835,0.68,0.452231,1.365358,176.32864,1.0,164.801901,93,0.05
load_2x,spread,23,cost_optimized,200,5.116977,2.053877,16.86186,0.105,1.068771,3.0631,1.547826,1.0,161.683324,14,0.13
load_2x,spread,23,static_queue,200,2.971826,0.561668,0.0,0.045,0.82617,2.410158,0.256263,1.0,161.656927,28,0.13
load_2x,spread,23,queue_aware,200,2.808214,0.379789,0.0,0.035,0.834115,2.428425,0.270768,1.0,161.651944,29,0.13
load_2x,spread,23,range_aware,200,10.791733,0.0,0.0,0.0,3.849787,10.791733,0.0,1.0,161.641298,1,1.0
load_2x,spread,24,nearest,200,171.237352,170.294469,594.162913,0.67,0.302265,0.942883,169.220772,1.0,176.04429,88,0.04
load_2x,spread,24,dijkstra,200,173.161353,171.89587,649.221003,0.71,0.42671,1.265483,178.759326,1.0,175.769923,87,0.04
load_2x,spread,24,cost_optimized,200,5.070509,1.970459,11.299352,0.09,1.053912,3.10005,1.372406,1.0,172.545032,14,0.115
load_2x,spread,24,static_queue,200,2.902576,0.464226,0.0,0.025,0.8187,2.43835,0.298826,1.0,172.537145,26,0.11
load_2x,spread,24,queue_aware,200,2.798409,0.323567,0.0,0.02,0.832146,2.474842,0.347879,1.0,172.5367,27,0.11
load_2x,spread,24,range_aware,200,11.814333,0.0,0.0,0.0,4.241597,11.814333,0.0,1.0,172.534782,1,1.0
load_2x,spread,25,nearest,200,193.38663,192.313313,778.175955,0.68,0.354808,1.073317,176.281996,1.0,154.937319,84,0.05
load_2x,spread,25,dijkstra,200,196.31808,194.977414,813.616424,0.74,0.451208,1.340667,188.293204,1.0,155.040756,84,0.065
load_2x,spread,25,cost_optimized,200,9.982936,6.93597,57.082202,0.14,1.068772,3.046967,1.865578,1.0,150.82595,12,0.145
load_2x,spread,25,static_queue,200,2.813399,0.27509,0.0,0.035,0.868667,2.538308,0.19795,1.0,150.710456,26,0.15
load_2x,spread,25,queue_aware,200,2.684342,0.134217,0.0,0.02,0.873067,2.550125,0.237556,1.0,150.709963,27,0.16
load_2x,spread,25,range_aware,200,10.5985,0.0,0.0,0.0,3.779144,10.5985,0.0,1.0,150.702421,1,1.0
load_2x,spread,26,nearest,200,193.316355,192.295063,686.14309,0.785,0.326573,1.021292,183.229047,1.0,165.902997,85,0.05
load_2x,spread,26,dijkstra,200,182.962769,181.621136,591.928899,0.805,0.443952,1.341633,189.626345,1.0,165.680649,82,0.065
load_2x,spread,26,cost_optimized,200,6.089613,2.912705,20.202627,0.105,1.110152,3.176908,1.827546,1.0,161.976447,14,0.145
load_2x,spread,26,static_queue,200,3.009129,0.448346,0.0,0.025,0.878549,2.560783,0.276923,1.0,161.929913,26,0.135
load_2x,spread,26,queue_aware,200,2.878364,0.307206,0.0,0.02,0.883277,2.571158,0.320989,1.0,161.929913,27,0.14
load_2x,spread,26,range_aware,200,11.288142,0.0,0.0,0.0,4.037932,11.288142,0.0,1.0,161.928882,1,1.0
load_2x,spread,27,nearest,200,164.630187,163.660854,571.553177,0.76,0.304067,0.969333,176.313895,1.0,159.437327,91,0.035
load_2x,spread,27,dijkstra,200,176.053076,174.799001,616.443228,0.76,0.406116,1.254075,180.005325,1.0,158.955479,94,0.04
load_2x,spread,27,cost_optimized,200,4.378618,1.337193,6.633344,0.06,1.044267,3.041425,1.286572,1.0,155.158775,13,0.16
load_2x,spread,27,static_queue,200,2.715033,0.308083,0.0,0.025,0.809866,2.40695,0.249653,1.0,155.159939,27,0.125
load_2x,spread,27,queue_aware,200,2.684764,0.250947,0.0,0.015,0.821165,2.433817,0.293625,1.0,155.156692,28,0.14
load_2x,spread,27,range_aware,200,11.063458,0.0,0.0,0.0,3.951777,11.063458,0.0,1.0,155.154741,1,1.0
load_2x,spread,28,nearest,200,147.541967,146.490467,519.114527,0.7,0.336449,1.0515,178.494786,1.0,157.223,95,0.045
load_2x,spread,28,dijkstra,200,162.719815,161.389015,653.748331,0.725,0.438718,1.3308,179.031788,1.0,157.015855,92,0.05
load_2x,spread,28,cost_optimized,200,5.512143,2.52151,7.05443,0.075,1.026665,2.990633,1.435871,1.0,153.856534,14,0.145
load_2x,spread,28,static_queue,200,2.936864,0.434772,0.0,0.035,0.845127,2.502092,0.21045,1.0,153.84125,28,0.135
load_2x,spread,28,queue_aware,200,2.878674,0.362283,0.0,0.025,0.849333,2.516392,0.329222,1.0,153.84125,30,0.14
load_2x,spread,28,range_aware,200,10.728742,0.0,0.0,0.0,3.837549,10.728742,0.0,1.0,153.837566,1,1.0
load_2x,spread,29,nearest,200,151.626364,150.686947,515.870463,0.685,0.308393,0.939417,175.613989,1.0,160.282351,95,0.055
load_2x,spread,29,dijkstra,200,154.023522,152.856747,585.574069,0.735,0.393625,1.166775,183.753309,1.0,160.384993,92,0.055
load_2x,spread,29,cost_optimized,200,8.06403,4.976513,34.195927,0.09,1.06805,3.087517,1.711362,1.0,156.384625,14,0.135
load_2x,spread,29,static_queue,200,4.683618,2.21311,0.0,0.035,0.846389,2.470508,0.29317,1.0,156.407596,27,0.13
load_2x,spread,29,queue_aware,200,3.449951,0.966293,0.0,0.02,0.852949,2.483658,0.324353,1.0,156.400088,28,0.14
load_2x,spread,29,range_aware,200,11.040383,0.0,0.0,0.0,3.955199,11.040383,0.0,1.0,156.357121,1,1.0
load_2x,corridor,0,nearest,200,189.498637,188.482729,553.631391,0.84,0.324372,1.015908,216.72131,1.0,159.157046,55,0.095
load_2x,corridor,0,dijkstra,200,172.915724,171.760924,501.912693,0.84,0.375519,1.1548,215.846815,1.0,159.082978,55,0.085
load_2x,corridor,0,cost_optimized,200,10.718526,7.88281,50.464594,0.225,0.998297,2.835717,2.6641,1.0,155.293276,9,0.485
load_2x,corridor,0,static_queue,200,5.005508,2.456908,17.965863,0.145,0.902554,2.5486,0.27413,1.0,155.246897,11,0.475
load_2x,corridor,0,queue_aware,200,2.980463,0.31818,0.0,0.035,0.939541,2.662283,0.478809,1.0,155.235501,13,0.385
load_2x,corridor,0,range_aware,200,12.39265,0.0,0.0,0.0,4.476801,12.39265,0.0,1.0,155.23335,1,1.0
load_2x,corridor,1,nearest,200,280.230755,279.147188,1076.967511,0.85,0.342182,1.083567,216.578886,1.0,163.734314,54,0.135
load_2x,corridor,1,dijkstra,200,289.975914,288.675072,1038.55967,0.895,0.415317,1.300842,224.978788,1.0,164.45236,50,0.1
load_2x,corridor,1,cost_optimized,200,19.284488,16.394022,121.633847,0.23,1.014798,2.890467,2.857681,1.0,159.063939,10,0.475
load_2x,corridor,1,static_queue,200,3.443889,0.777497,6.899217,0.08,0.9398,2.666392,0.340315,1.0,158.850572,12,0.44
load_2x,corridor,1,queue_aware,200,2.876164,0.089948,0.0,0.02,0.971998,2.786217,0.478283,1.0,158.842261,13,0.37
load_2x,corridor,1,range_aware,200,12.369683,0.0,0.0,0.0,4.452536,12.369683,0.0,1.0,158.837366,1,1.0
load_2x,corridor,2,nearest,200,216.018641,215.041933,630.723078,0.775,0.288016,0.976708,195.614891,1.0,160.556412,57,0.075
load_2x,corridor,2,dijkstra,200,213.875142,212.707501,611.126752,0.78,0.354225,1.167642,195.9812,1.0,160.276515,53,0.07
load_2x,corridor,2,cost_optimized,200,7.471298,4.506415,29.183711,0.18,0.995613,2.964883,1.980493,1.0,155.984576,9,0.435
load_2x,corridor,2,static_queue,200,4.061114,1.633448,9.743323,0.135,0.830753,2.427667,0.41292,1.0,155.952746,11,0.415
load_2x,corridor,2,queue_aware,200,3.223433,0.637808,0.0,0.045,0.882242,2.585625,0.481052,1.0,155.948434,14,0.34
load_2x,corridor,2,range_aware,200,12.7253,0.0,0.0,0.0,4.572575,12.7253,0.0,1.0,155.938987,1,1.0
load_2x,corridor,3,nearest,200,200.581251,199.557934,622.608619,0.815,0.332884,1.023317,209.620643,1.0,169.993601,58,0.115
load_2x,corridor,3,dijkstra,200,234.070178,232.902861,799.758183,0.78,0.380534,1.167317,197.049227,1.0,170.143369,57,0.105
load_2x,corridor,3,cost_optimized,200,9.266451,6.136076,33.916798,0.185,1.096441,3.130375,2.106429,1.0,165.232067,10,0.415
load_2x,corridor,3,static_queue,200,3.732048,1.187039,7.426061,0.105,0.904022,2.545008,0.340478,1.0,165.207885,12,0.385
load_2x,corridor,3,queue_aware,200,3.199145,0.55762,1.822485,0.06,0.928121,2.641525,0.453565,1.0,165.198508,14,0.33
load_2x,corridor,3,range_aware,200,12.760375,0.0,0.0,0.0,4.618452,12.760375,0.0,1.0,165.194092,2,0.995
load_2x,corridor,4,nearest,200,268.186746,267.143562,853.159052,0.78,0.340577,1.043183,196.895089,1.0,168.848793,55,0.125
load_2x,corridor,4,dijkstra,200,248.423209,247.216917,767.831804,0.78,0.396246,1.206292,193.87953,1.0,168.465846,54,0.115
load_2x,corridor,4,cost_optimized,200,9.269743,6.156268,39.802341,0.17,1.089699,3.113475,2.505191,1.0,163.818218,10,0.44
load_2x,corridor,4,static_queue,200,3.717648,1.142881,9.408937,0.08,0.922452,2.574767,0.399747,1.0,163.783805,10,0.415
load_2x,corridor,4,queue_aware,200,2.980578,0.29512,0.0,0.02,0.95068,2.685458,0.475419,1.0,163.779472,13,0.33
load_2x,corridor,4,range_aware,200,12.975517,0.0,0.0,0.0,4.692719,12.975517,0.0,1.0,163.777927,2,0.995
load_2x,corridor,5,nearest,200,231.452051,230.524393,745.976467,0.79,0.278558,0.927658,197.61358,1.0,170.801573,55,0.08
load_2x,corridor,5,dijkstra,200,220.628933,219.552191,718.581384,0.82,0.3276,1.076742,203.872418,1.0,170.700319,50,0.075
load_2x,corridor,5,cost_optimized,200,9.640213,6.598196,48.400915,0.26,1.028669,3.042017,2.204068,1.0,165.515737,10,0.425
load_2x,corridor,5,static_queue,200,3.464122,1.12433,8.813293,0.135,0.807221,2.339792,0.372475,1.0,165.455511,12,0.415
load_2x,corridor,5,queue_aware,200,3.066036,0.575386,0.0,0.045,0.852159,2.49065,0.438122,1.0,165.455431,13,0.315
load_2x,corridor,5,range_aware,200,12.762233,0.0,0.0,0.0,4.587011,12.762233,0.0,1.0,165.445021,1,1.0
load_2x,corridor,6,nearest,200,291.687458,290.663116,912.529765,0.85,0.318876,1.024342,207.1482,1.0,170.269559,54,0.105
load_2x,corridor,6,dijkstra,200,269.458375,268.305542,905.640205,0.835,0.36229,1.152833,203.807112,1.0,170.307243,55,0.095
load_2x,corridor,6,cost_optimized,200,11.28772,8.168912,47.417308,0.275,1.078133,3.118808,2.283881,1.0,164.797903,9,0.445
load_2x,corridor,6,static_queue,200,4.644986,2.10822,22.16496,0.12,0.888767,2.536767,0.336185,1.0,164.726471,11,0.43
load_2x,corridor,6,queue_aware,200,3.716757,1.126399,9.461051,0.075,0.90079,2.590358,0.484273,1.0,164.716138,12,0.34
load_2x,corridor,6,range_aware,200,12.726525,0.0,0.0,0.0,4.583546,12.726525,0.0,1.0,164.702095,1,1.0
load_2x,corridor,7,nearest,200,225.449593,224.407443,669.439785,0.82,0.333609,1.04215,208.378503,1.0,172.444129,57,0.135
load_2x,corridor,7,dijkstra,200,198.989097,197.723072,575.701475,0.8,0.411969,1.266025,205.155288,1.0,172.447417,50,0.105
load_2x,corridor,7,cost_optimized,200,18.333167,15.150317,120.314965,0.18,1.106183,3.18285,2.47975,1.0,168.239809,10,0.435
load_2x,corridor,7,static_queue,200,3.76986,1.082668,0.0,0.045,0.943488,2.687192,0.278943,1.0,168.151577,10,0.435
load_2x,corridor,7,queue_aware,200,3.299962,0.524904,0.0,0.025,0.970091,2.775058,0.375139,1.0,168.149879,13,0.355
load_2x,corridor,7,range_aware,200,12.598642,0.0,0.0,0.0,4.544067,12.598642,0.0,1.0,168.136338,1,1.0
load_2x,corridor,8,nearest,200,211.082638,210.108138,753.801869,0.81,0.302323,0.9745,208.35457,1.0,162.5283,55,0.09
load_2x,corridor,8,dijkstra,200,208.800288,207.598313,755.7017,0.795,0.377693,1.201975,200.472418,1.0,162.31399,48,0.085
load_2x,corridor,8,cost_optimized,200,18.412979,15.343304,126.686387,0.23,1.058133,3.069675,2.807806,1.0,158.093958,10,0.38
load_2x,corridor,8,static_queue,200,4.116912,1.609771,5.435804,0.085,0.872439,2.507142,0.39824,1.0,157.962374,10,0.385
load_2x,corridor,8,queue_aware,200,2.864554,0.238537,0.0,0.035,0.904887,2.626017,0.432521,1.0,157.950574,14,0.325
load_2x,corridor,8,range_aware,200,12.79965,0.0,0.0,0.0,4.606598,12.79965,0.0,1.0,157.935119,1,1.0
load_2x,corridor,9,nearest,200,185.366622,184.269072,503.407861,0.845,0.342837,1.09755,211.890934,1.0,165.573629,62,0.12
load_2x,corridor,9,dijkstra,200,176.999619,175.757078,502.192091,0.835,0.395053,1.242542,209.89227,1.0,165.430446,55,0.105
load_2x,corridor,9,cost_optimized,200,14.297181,11.152114,92.962106,0.16,1.100477,3.145067,2.633577,1.0,162.17047,10,0.44
load_2x,corridor,9,static_queue,200,3.527435,0.872785,0.0,0.035,0.928423,2.65465,0.270236,1.0,162.067611,12,0.425
load_2x,corridor,9,queue_aware,200,2.970109,0.216409,0.0,0.015,0.955623,2.7537,0.385788,1.0,162.066095,13,0.345
load_2x,corridor,9,range_aware,200,12.53625,0.0,0.0,0.0,4.517129,12.53625,0.0,1.0,162.053286,1,1.0
load_2x,corridor,10,nearest,200,218.983945,218.09117,685.543644,0.805,0.281244,0.892775,211.891007,1.0,172.765881,56,0.075
load_2x,corridor,10,dijkstra,200,237.328702,236.243502,777.398682,0.795,0.346337,1.0852,208.758936,1.0,172.51027,54,0.08
load_2x,corridor,10,cost_optimized,200,7.985367,5.121792,43.321982,0.2,0.994141,2.863575,2.236494,1.0,168.399375,10,0.48
load_2x,corridor,10,static_queue,200,3.762233,1.399842,12.247149,0.12,0.829665,2.362392,0.281835,1.0,168.369796,11,0.47
load_2x,corridor,10,queue_aware,200,3.407517,0.918284,0.0,0.045,0.870302,2.489233,0.469193,1.0,168.366576,13,0.365
load_2x,corridor,10,range_aware,200,12.509267,0.0,0.0,0.0,4.513521,12.509267,0.0,1.0,168.359832,1,1.0
load_2x,corridor,11,nearest,200,193.038329,192.027329,574.225958,0.855,0.322554,1.011,216.549894,1.0,157.479145,59,0.11
load_2x,corridor,11,dijkstra,200,209.76438,208.579222,744.254369,0.865,0.382858,1.185158,216.79196,1.0,157.707822,54,0.105
load_2x,corridor,11,cost_optimized,200,58.19242,55.190195,457.200826,0.22,1.056302,3.002225,3.096521,1.0,153.650219,10,0.425
load_2x,corridor,11,static_queue,200,4.321092,1.790009,13.671418,0.105,0.901,2.531083,0.354219,1.0,153.194323,11,0.4
load_2x,corridor,11,queue_aware,200,3.232762,0.595262,0.0,0.025,0.934485,2.6375,0.442063,1.0,153.188011,12,0.35
load_2x,corridor,11,range_aware,200,12.7086,0.0,0.0,0.0,4.590341,12.7086,0.0,1.0,153.181337,1,1.0
load_2x,corridor,12,nearest,200,231.949947,230.95668,899.632065,0.785,0.309825,0.993267,197.774161,1.0,172.798761,57,0.105
load_2x,corridor,12,dijkstra,200,227.226178,226.104019,740.35583,0.795,0.353061,1.122158,200.422573,1.0,173.140812,54,0.095
load_2x,corridor,12,cost_optimized,200,24.07125,20.953933,172.673626,0.215,1.079501,3.117317,2.423462,1.0,168.63203,10,0.42
load_2x,corridor,12,static_queue,200,3.456104,0.967412,6.742547,0.075,0.875187,2.488692,0.278795,1.0,168.40111,10,0.405
load_2x,corridor,12,queue_aware,200,3.347725,0.788566,3.14556,0.055,0.890692,2.559158,0.359073,1.0,168.398608,12,0.335
load_2x,corridor,12,range_aware,200,12.660392,0.0,0.0,0.0,4.56839,12.660392,0.0,1.0,168.383704,1,1.0
load_2x,corridor,13,nearest,200,305.509483,304.500792,832.250544,0.86,0.324404,1.008692,203.737773,1.0,172.491454,55,0.105
load_2x,corridor,13,dijkstra,200,308.643094,307.500102,961.060789,0.87,0.375383,1.142992,205.063327,1.0,172.616649,49,0.1
load_2x,corridor,13,cost_optimized,200,50.531623,47.440839,536.258084,0.2,1.086768,3.090783,3.02356,1.0,167.958549,10,0.44
load_2x,corridor,13,static_queue,200,3.287392,0.801917,0.038675,0.05,0.882163,2.485475,0.378844,1.0,167.606137,10,0.415
load_2x,corridor,13,queue_aware,200,3.312032,0.713482,0.0,0.025,0.912631,2.59855,0.467101,1.0,167.603388,13,0.37
load_2x,corridor,13,range_aware,200,12.892825,0.0,0.0,0.0,4.660683,12.892825,0.0,1.0,167.589747,1,1.0
load_2x,corridor,14,nearest,200,220.735376,219.79796,786.96612,0.795,0.292308,0.937417,204.834792,1.0,163.817074,56,0.085
load_2x,corridor,14,dijkstra,200,225.866434,224.711218,741.026,0.81,0.369625,1.155217,207.452876,1.0,164.264318,54,0.075
load_2x,corridor,14,cost_optimized,200,12.685126,9.690318,78.114913,0.225,1.023743,2.994808,2.115161,1.0,159.929863,9,0.43
load_2x,corridor,14,static_queue,200,3.330321,0.905137,5.775996,0.09,0.849536,2.425183,0.324397,1.0,159.835008,9,0.435
load_2x,corridor,14,queue_aware,200,2.715113,0.167446,0.0,0.03,0.889577,2.547667,0.428153,1.0,159.814465,12,0.365
load_2x,corridor,14,range_aware,200,12.690575,0.0,0.0,0.0,4.57868,12.690575,0.0,1.0,159.804649,1,1.0
load_2x,corridor,15,nearest,200,210.329331,209.270706,708.256492,0.8,0.328569,1.058625,202.577241,1.0,164.033604,58,0.11
load_2x,corridor,15,dijkstra,200,215.534795,214.324011,625.972336,0.8,0.381161,1.210783,202.854236,1.0,164.074691,52,0.095
load_2x,corridor,15,cost_optimized,200,18.354221,15.387187,100.566656,0.315,1.031085,2.967033,3.128023,1.0,159.178793,10,0.48
load_2x,corridor,15,static_queue,200,4.091955,1.515697,12.59187,0.09,0.892051,2.576258,0.320871,1.0,159.129301,11,0.46
load_2x,corridor,15,queue_aware,200,3.379437,0.718596,0.0,0.045,0.913208,2.660842,0.552111,1.0,159.119634,12,0.385
load_2x,corridor,15,range_aware,200,12.684667,0.0,0.0,0.0,4.55902,12.684667,0.0,1.0,159.105487,1,1.0
load_2x,corridor,16,nearest,200,319.070071,318.042254,915.028407,0.845,0.322295,1.027817,207.293704,1.0,166.187489,54,0.125
load_2x,corridor,16,dijkstra,200,308.766644,307.493218,930.24318,0.84,0.404391,1.273425,202.904082,1.0,166.214909,54,0.095
load_2x,corridor,16,cost_optimized,200,14.204543,11.144127,84.927821,0.28,1.061436,3.060417,2.763571,1.0,160.978131,9,0.415
load_2x,corridor,16,static_queue,200,7.911526,5.276051,39.592281,0.19,0.926706,2.635475,0.39323,1.0,160.951207,12,0.385
load_2x,corridor,16,queue_aware,200,4.445581,1.675181,6.360455,0.085,0.966303,2.7704,0.419396,1.0,160.935279,14,0.335
load_2x,corridor,16,range_aware,200,12.761308,0.0,0.0,0.0,4.605858,12.761308,0.0,1.0,160.900296,1,1.0
load_2x,corridor,17,nearest,200,193.564256,192.658922,665.545012,0.805,0.292066,0.905333,202.56951,1.0,168.927837,59,0.08
load_2x,corridor,17,dijkstra,200,171.833418,170.763651,518.113977,0.815,0.347385,1.069767,202.896351,1.0,168.722641,55,0.06
load_2x,corridor,17,cost_optimized,200,7.294711,4.385444,35.123404,0.155,1.014188,2.909267,2.516374,1.0,165.14865,10,0.4
load_2x,corridor,17,static_queue,200,3.165278,0.761853,0.158468,0.05,0.852589,2.403425,0.365958,1.0,165.110399,11,0.385
load_2x,corridor,17,queue_aware,200,2.975984,0.496225,0.0,0.04,0.873396,2.479758,0.4214,1.0,165.104769,12,0.325
load_2x,corridor,17,range_aware,200,12.652333,0.0,0.0,0.0,4.568895,12.652333,0.0,1.0,165.095276,1,1.0
load_2x,corridor,18,nearest,200,240.223909,239.180401,832.009971,0.83,0.329931,1.043508,209.433407,1.0,162.912544,55,0.105
load_2x,corridor,18,dijkstra,200,256.497707,255.27734,854.357053,0.84,0.390722,1.220367,207.452876,1.0,163.311012,52,0.095
load_2x,corridor,18,cost_optimized,200,12.406818,9.408535,67.286025,0.165,1.03415,2.998283,2.332934,1.0,157.161098,8,0.435
load_2x,corridor,18,static_queue,200,3.012054,0.563045,0.846142,0.055,0.862455,2.449008,0.360638,1.0,157.10271,10,0.41
load_2x,corridor,18,queue_aware,200,2.96647,0.436736,0.0,0.03,0.885045,2.529733,0.413724,1.0,157.098421,13,0.37
load_2x,corridor,18,range_aware,200,12.644408,0.0,0.0,0.0,4.56112,12.644408,0.0,1.0,157.082031,1,1.0
load_2x,corridor,19,nearest,200,276.178783,275.159992,709.330154,0.82,0.326569,1.018792,205.795447,1.0,177.672705,54,0.1
load_2x,corridor,19,dijkstra,200,269.24429,268.08154,645.728912,0.84,0.376102,1.16275,203.9953,1.0,177.910778,50,0.095
load_2x,corridor,19,cost_optimized,200,7.391375,4.281059,21.157739,0.18,1.072302,3.110317,2.245823,1.0,171.627374,10,0.44
load_2x,corridor,19,static_queue,200,3.683861,1.230653,2.547263,0.07,0.862929,2.453208,0.351596,1.0,171.59276,11,0.42
load_2x,corridor,19,queue_aware,200,3.03554,0.441907,0.0,0.02,0.906197,2.593633,0.430683,1.0,171.591351,13,0.355
load_2x,corridor,19,range_aware,200,12.803042,0.0,0.0,0.0,4.620905,12.803042,0.0,1.0,171.580925,2,0.995
load_2x,corridor,20,nearest,200,194.074831,193.105931,688.383687,0.8,0.297091,0.9689,196.604563,1.0,167.80477,55,0.095
load_2x,corridor,20,dijkstra,200,190.932314,189.733014,631.115498,0.83,0.376217,1.1993,200.522263,1.0,168.270211,48,0.07
load_2x,corridor,20,cost_optimized,200,21.142699,18.203066,167.690302,0.17,1.014166,2.939633,1.946417,1.0,164.335503,9,0.435
load_2x,corridor,20,static_queue,200,3.974594,1.566728,0.0,0.045,0.834989,2.407867,0.263433,1.0,164.103766,10,0.425
load_2x,corridor,20,queue_aware,200,2.857645,0.390845,0.0,0.025,0.852464,2.4668,0.371131,1.0,164.09815,13,0.355
load_2x,corridor,20,range_aware,200,12.449525,0.0,0.0,0.0,4.476841,12.449525,0.0,1.0,164.090605,1,1.0
load_2x,corridor,21,nearest,200,258.859005,257.914714,750.43054,0.83,0.306906,0.944292,199.873852,1.0,159.014567,53,0.09
load_2x,corridor,21,dijkstra,200,287.72275,286.550916,832.861738,0.86,0.379393,1.171833,208.332715,1.0,159.290063,50,0.075
load_2x,corridor,21,cost_optimized,200,18.907761,15.802428,140.516899,0.195,1.079074,3.105333,2.711006,1.0,155.021025,10,0.415
load_2x,corridor,21,static_queue,200,2.669991,0.164425,0.0,0.03,0.881266,2.505567,0.288344,1.0,154.871533,12,0.41
load_2x,corridor,21,queue_aware,200,2.656348,0.048365,0.0,0.005,0.911329,2.607983,0.434617,1.0,154.869441,13,0.325
load_2x,corridor,21,range_aware,200,12.660608,0.0,0.0,0.0,4.567936,12.660608,0.0,1.0,154.865438,1,1.0
load_2x,corridor,22,nearest,200,211.181268,210.18511,653.157715,0.775,0.317553,0.996158,201.130141,1.0,155.938571,58,0.1
load_2x,corridor,22,dijkstra,200,223.201536,222.063152,779.451029,0.8,0.366357,1.138383,203.791651,1.0,156.039659,51,0.095
load_2x,corridor,22,cost_optimized,200,6.758971,3.797605,36.193482,0.16,1.037269,2.961367,2.269545,1.0,152.187133,10,0.485
load_2x,corridor,22,static_queue,200,5.25366,2.850435,30.524651,0.11,0.843021,2.403225,0.313165,1.0,152.179313,12,0.465
load_2x,corridor,22,queue_aware,200,3.619571,1.092229,0.0,0.045,0.880376,2.527342,0.477908,1.0,152.176037,13,0.385
load_2x,corridor,22,range_aware,200,12.554067,0.0,0.0,0.0,4.524333,12.554067,0.0,1.0,152.153194,1,1.0
load_2x,corridor,23,nearest,200,231.192029,230.181379,717.547897,0.79,0.320666,1.01065,207.301385,1.0,160.879076,58,0.11
load_2x,corridor,23,dijkstra,200,200.549847,199.33053,594.163411,0.82,0.390639,1.219317,200.645145,1.0,160.805258,54,0.085
load_2x,corridor,23,cost_optimized,200,12.419988,9.215921,48.239472,0.17,1.109493,3.204067,1.626665,1.0,156.951373,10,0.43
load_2x,corridor,23,static_queue,200,3.574557,0.997032,3.610127,0.08,0.906204,2.577525,0.282926,1.0,156.758141,12,0.415
load_2x,corridor,23,queue_aware,200,3.324947,0.642055,0.0,0.035,0.931648,2.682892,0.402673,1.0,156.742908,14,0.325
load_2x,corridor,23,range_aware,200,12.703825,0.0,0.0,0.0,4.580612,12.703825,0.0,1.0,156.730743,1,1.0
load_2x,corridor,24,nearest,200,241.117328,240.234795,866.712924,0.815,0.275016,0.882533,212.124007,1.0,171.689062,61,0.075
load_2x,corridor,24,dijkstra,200,206.646807,205.581432,659.367512,0.82,0.334807,1.065375,212.381509,1.0,171.719451,56,0.06
load_2x,corridor,24,cost_optimized,200,13.795555,10.919471,109.430754,0.195,0.996861,2.876083,2.284091,1.0,167.323832,10,0.4
load_2x,corridor,24,static_queue,200,7.170652,4.674794,9.353299,0.09,0.871999,2.495858,0.288197,1.0,167.233675,11,0.38
load_2x,corridor,24,queue_aware,200,5.443094,2.874111,0.050379,0.05,0.888932,2.568983,0.393776,1.0,167.231275,14,0.325
load_2x,corridor,24,range_aware,200,12.4381,0.0,0.0,0.0,4.483924,12.4381,0.0,1.0,167.174968,1,1.0
load_2x,corridor,25,nearest,200,205.24722,204.252995,537.177595,0.82,0.316035,0.994225,201.148274,1.0,167.454156,53,0.12
load_2x,corridor,25,dijkstra,200,205.113782,203.994982,538.656559,0.805,0.360589,1.1188,202.608472,1.0,167.353596,53,0.11
load_2x,corridor,25,cost_optimized,200,20.371438,17.556021,154.470946,0.275,0.988461,2.815417,2.517597,1.0,163.241589,9,0.485
load_2x,corridor,25,static_queue,200,5.301972,2.854472,20.228337,0.14,0.862754,2.4475,0.344038,1.0,163.046415,10,0.455
load_2x,corridor,25,queue_aware,200,3.863072,1.290622,8.506376,0.075,0.90227,2.57245,0.508228,1.0,163.042342,12,0.375
load_2x,corridor,25,range_aware,200,12.5454,0.0,0.0,0.0,4.521047,12.5454,0.0,1.0,163.021268,1,1.0
load_2x,corridor,26,nearest,200,224.829699,223.780091,658.746406,0.8,0.330962,1.049608,202.643858,1.0,173.142591,60,0.12
load_2x,corridor,26,dijkstra,200,205.562124,204.340516,573.175965,0.8,0.395385,1.221608,202.911812,1.0,172.995532,54,0.095
load_2x,corridor,26,cost_optimized,200,19.684826,16.592068,113.27854,0.3,1.063018,3.092758,2.430288,1.0,167.845445,10,0.425
load_2x,corridor,26,static_queue,200,4.343591,1.776232,13.231354,0.12,0.899517,2.567358,0.369754,1.0,167.645759,11,0.415
load_2x,corridor,26,queue_aware,200,3.20083,0.524772,0.0,0.04,0.932637,2.676058,0.431712,1.0,167.649083,13,0.365
load_2x,corridor,26,range_aware,200,12.718442,0.0,0.0,0.0,4.583118,12.718442,0.0,1.0,167.638792,1,1.0
load_2x,corridor,27,nearest,200,217.883578,216.895737,618.064755,0.87,0.305286,0.987842,210.61525,1.0,161.834908,54,0.1
load_2x,corridor,27,dijkstra,200,234.179958,233.035975,636.421858,0.865,0.357164,1.143983,217.948485,1.0,162.070685,49,0.085
load_2x,corridor,27,cost_optimized,200,29.408937,26.334178,189.60525,0.29,1.055538,3.074758,2.24179,1.0,156.821088,10,0.45
load_2x,corridor,27,static_queue,200,4.287434,1.736376,12.662206,0.115,0.891646,2.551058,0.319339,1.0,156.600336,12,0.425
load_2x,corridor,27,queue_aware,200,3.108717,0.447092,0.0,0.025,0.926444,2.661625,0.423502,1.0,156.597279,13,0.345
load_2x,corridor,27,range_aware,200,12.553292,0.0,0.0,0.0,4.51681,12.553292,0.0,1.0,156.586965,1,1.0
load_2x,corridor,28,nearest,200,398.801011,397.681527,1726.05318,0.85,0.350889,1.119483,212.015201,1.0,168.395669,54,0.16
load_2x,corridor,28,dijkstra,200,408.717987,407.415545,1588.186799,0.835,0.412394,1.302442,212.216512,1.0,168.760214,53,0.145
load_2x,corridor,28,cost_optimized,200,12.231506,9.122473,69.007366,0.145,1.074509,3.109033,2.086552,1.0,163.751589,10,0.435
load_2x,corridor,28,static_queue,200,3.1145,0.473383,0.0,0.04,0.924535,2.641117,0.292042,1.0,163.655959,12,0.42
load_2x,corridor,28,queue_aware,200,3.044145,0.34427,0.0,0.035,0.939373,2.699875,0.452493,1.0,163.655468,13,0.36
load_2x,corridor,28,range_aware,200,12.484983,0.0,0.0,0.0,4.493266,12.484983,0.0,1.0,163.652601,1,1.0
load_2x,corridor,29,nearest,200,264.217855,263.156813,801.130409,0.8,0.321587,1.061042,206.063352,1.0,166.147767,55,0.09
load_2x,corridor,29,dijkstra,200,257.933017,256.706642,795.41679,0.8,0.379577,1.226375,203.98757,1.0,166.182406,55,0.085
load_2x,corridor,29,cost_optimized,200,7.499122,4.471889,46.005849,0.14,1.045999,3.027233,2.276736,1.0,161.139767,10,0.375
load_2x,corridor,29,static_queue,200,3.133901,0.574717,0.0,0.035,0.897217,2.559183,0.339997,1.0,161.09102,12,0.375
load_2x,corridor,29,queue_aware,200,2.843295,0.194086,0.0,0.02,0.925897,2.649208,0.407642,1.0,161.090502,13,0.33
load_2x,corridor,29,range_aware,200,12.452508,0.0,0.0,0.0,4.483923,12.452508,0.0,1.0,161.087339,1,1.0
load_2x,hotspot,0,nearest,200,1006.18671,1005.136952,2997.434459,0.99,0.351734,1.049758,240.0,1.0,181.220332,11,0.38
load_2x,hotspot,0,dijkstra,200,1251.471917,1250.116183,3812.217463,0.99,0.46058,1.355733,240.0,1.0,181.479758,10,0.445
load_2x,hotspot,0,cost_optimized,200,29.069562,25.515995,140.567587,0.46,1.123791,3.553567,1.593946,1.0,173.973582,4,0.43
load_2x,hotspot,0,static_queue,200,9.415105,5.902422,40.943834,0.255,1.160093,3.512683,0.263109,1.0,173.83364,5,0.485
load_2x,hotspot,0,queue_aware,200,5.016445,1.330678,9.507293,0.13,1.248555,3.685767,0.693113,1.0,173.8051,9,0.43
load_2x,hotspot,0,range_aware,200,14.418567,0.0,0.0,0.0,5.246449,14.418567,0.0,1.0,173.790162,1,1.0
load_2x,hotspot,1,nearest,200,884.070246,883.082121,2468.397834,0.975,0.333989,0.988125,240.0,1.0,170.96385,12,0.335
load_2x,hotspot,1,dijkstra,200,1134.823317,1133.538626,3469.374046,0.95,0.445246,1.284692,240.0,1.0,170.589142,11,0.395
load_2x,hotspot,1,cost_optimized,200,20.971284,17.661076,101.722957,0.345,1.08217,3.310208,1.64322,1.0,162.814666,4,0.49
load_2x,hotspot,1,static_queue,200,9.868597,6.541655,43.942847,0.26,1.124828,3.326942,0.275971,1.0,162.693015,5,0.51
load_2x,hotspot,1,queue_aware,200,4.786638,1.219221,11.419735,0.065,1.229261,3.567417,0.753261,1.0,162.661912,9,0.4
load_2x,hotspot,1,range_aware,200,14.296633,0.0,0.0,0.0,5.215754,14.296633,0.0,1.0,162.653634,1,1.0
load_2x,hotspot,2,nearest,200,1098.733249,1097.629107,3297.990168,0.975,0.369413,1.104142,240.0,1.0,170.600572,12,0.43
load_2x,hotspot,2,dijkstra,200,1068.858261,1067.409103,3418.159186,0.98,0.500503,1.449158,240.0,1.0,170.628921,10,0.41
load_2x,hotspot,2,cost_optimized,200,12.888856,9.420331,89.095185,0.295,1.112103,3.468525,1.455318,1.0,164.534187,4,0.46
load_2x,hotspot,2,static_queue,200,8.880543,5.40576,27.651383,0.215,1.144022,3.474783,0.250802,1.0,164.518745,5,0.485
load_2x,hotspot,2,queue_aware,200,4.720576,1.055559,8.370008,0.09,1.252197,3.665017,0.744126,1.0,164.523601,9,0.44
load_2x,hotspot,2,range_aware,200,14.352167,0.0,0.0,0.0,5.23535,14.352167,0.0,1.0,164.495169,1,1.0
load_2x,hotspot,3,nearest,200,1091.332364,1090.237339,3049.283258,0.975,0.369722,1.095025,240.0,1.0,183.472179,12,0.42
load_2x,hotspot,3,dijkstra,200,1110.444752,1109.000752,3004.56087,0.99,0.497731,1.444,240.0,1.0,184.119182,10,0.415
load_2x,hotspot,3,cost_optimized,200,13.591885,10.15246,68.440655,0.315,1.121353,3.439425,1.57925,1.0,175.756768,4,0.485
load_2x,hotspot,3,static_queue,200,8.535006,5.072056,31.062125,0.28,1.164708,3.46295,0.264641,1.0,175.727023,5,0.52
load_2x,hotspot,3,queue_aware,200,4.428864,0.792548,4.564344,0.07,1.243598,3.636317,0.792036,1.0,175.696593,8,0.445
load_2x,hotspot,3,range_aware,200,14.336117,0.0,0.0,0.0,5.225347,14.336117,0.0,1.0,175.686966,1,1.0
load_2x,hotspot,4,nearest,200,1012.984486,1011.860845,2899.613534,0.965,0.376034,1.123642,240.0,1.0,184.902482,12,0.445
load_2x,hotspot,4,dijkstra,200,987.500486,985.95252,2971.198613,0.935,0.532929,1.547967,240.0,1.0,185.017344,10,0.465
load_2x,hotspot,4,cost_optimized,200,21.222373,17.810989,103.811023,0.395,1.092153,3.411383,1.452645,1.0,177.143237,4,0.47
load_2x,hotspot,4,static_queue,200,15.277499,11.846024,61.534245,0.33,1.137183,3.431475,0.268673,1.0,177.081899,5,0.51
load_2x,hotspot,4,queue_aware,200,7.590629,3.955479,31.664091,0.17,1.233068,3.63515,0.781418,1.0,177.053267,9,0.425
load_2x,hotspot,4,range_aware,200,14.335667,0.0,0.0,0.0,5.221743,14.335667,0.0,1.0,177.000043,1,1.0
load_2x,hotspot,5,nearest,200,1169.613029,1168.498196,3702.760942,0.995,0.362682,1.114833,240.0,1.0,174.902726,12,0.38
load_2x,hotspot,5,dijkstra,200,1083.095274,1081.579224,3237.974243,0.99,0.51362,1.51605,240.0,1.0,174.679728,11,0.375
load_2x,hotspot,5,cost_optimized,200,10.372772,6.976872,46.697419,0.24,1.079817,3.3959,1.587266,1.0,166.656811,4,0.455
load_2x,hotspot,5,static_queue,200,6.715795,3.283645,17.074936,0.14,1.12746,3.43215,0.294822,1.0,166.598596,5,0.47
load_2x,hotspot,5,queue_aware,200,5.508569,1.960278,1.630687,0.06,1.206444,3.548292,0.688103,1.0,166.605973,9,0.435
load_2x,hotspot,5,range_aware,200,14.353267,0.0,0.0,0.0,5.225184,14.353267,0.0,1.0,166.569272,1,1.0
load_2x,hotspot,6,nearest,200,1082.282149,1081.167066,3284.868166,0.99,0.36858,1.115083,240.0,1.0,155.172372,12,0.395
load_2x,hotspot,6,dijkstra,200,1132.789218,1131.356526,3389.129872,0.985,0.489027,1.432692,240.0,1.0,155.31393,10,0.42
load_2x,hotspot,6,cost_optimized,200,13.142709,9.672976,45.72381,0.385,1.099571,3.469733,0.867562,1.0,148.459078,4,0.46
load_2x,hotspot,6,static_queue,200,10.425317,6.969075,45.209433,0.285,1.119954,3.456242,0.212534,1.0,148.442539,5,0.475
load_2x,hotspot,6,queue_aware,200,4.679583,1.094708,8.458719,0.085,1.212333,3.584875,0.811696,1.0,148.414042,7,0.435
load_2x,hotspot,6,range_aware,200,14.415,0.0,0.0,0.0,5.260175,14.415,0.0,1.0,148.397178,1,1.0
load_2x,hotspot,7,nearest,200,829.038974,827.976183,2154.468305,0.975,0.36488,1.062792,240.0,1.0,168.891297,12,0.39
load_2x,hotspot,7,dijkstra,200,911.994038,910.577538,2572.752243,0.975,0.493491,1.4165,240.0,1.0,168.081019,10,0.425
load_2x,hotspot,7,cost_optimized,200,11.70642,8.382603,62.691382,0.245,1.075131,3.323817,1.588602,1.0,161.316777,4,0.45
load_2x,hotspot,7,static_queue,200,8.759528,5.374795,49.641621,0.185,1.122743,3.384733,0.283468,1.0,161.341731,5,0.475
load_2x,hotspot,7,queue_aware,200,4.794634,1.215559,10.274991,0.095,1.227863,3.579075,0.78438,1.0,161.277045,9,0.445
load_2x,hotspot,7,range_aware,200,14.360108,0.0,0.0,0.0,5.253029,14.360108,0.0,1.0,161.245406,1,1.0
load_2x,hotspot,8,nearest,200,853.231392,852.147951,2950.577325,0.97,0.366994,1.083442,240.0,1.0,165.552897,11,0.4
load_2x,hotspot,8,dijkstra,200,725.474233,724.031725,2432.932206,0.975,0.5013,1.442508,240.0,1.0,165.55518,11,0.38
load_2x,hotspot,8,cost_optimized,200,7.209364,3.808239,21.254469,0.23,1.094028,3.401125,1.123443,1.0,160.610141,4,0.48
load_2x,hotspot,8,static_queue,200,6.016205,2.586488,15.079684,0.205,1.119095,3.429717,0.217617,1.0,160.598082,5,0.49
load_2x,hotspot,8,queue_aware,200,4.197178,0.620053,0.0,0.04,1.210472,3.577125,0.825748,1.0,160.597284,9,0.46
load_2x,hotspot,8,range_aware,200,14.370058,0.0,0.0,0.0,5.246901,14.370058,0.0,1.0,160.585567,1,1.0
load_2x,hotspot,9,nearest,200,757.721975,756.664025,2126.618826,0.985,0.36028,1.05795,240.0,1.0,169.605405,12,0.345
load_2x,hotspot,9,dijkstra,200,882.351266,880.980583,2653.83014,0.985,0.476843,1.370683,240.0,1.0,169.668201,11,0.415
load_2x,hotspot,9,cost_optimized,200,9.0292,5.582659,36.049601,0.285,1.117599,3.446542,1.262071,1.0,162.485692,4,0.45
load_2x,hotspot,9,static_queue,200,6.405246,2.956371,22.127838,0.19,1.154779,3.448875,0.250851,1.0,162.472983,5,0.495
load_2x,hotspot,9,queue_aware,200,3.943672,0.321805,0.0,0.04,1.245625,3.621867,0.718406,1.0,162.462429,9,0.42
load_2x,hotspot,9,range_aware,200,14.403658,0.0,0.0,0.0,5.263087,14.403658,0.0,1.0,162.450843,1,1.0
load_2x,hotspot,10,nearest,200,981.517912,980.405662,3275.648135,0.985,0.362675,1.11225,240.0,1.0,176.866969,12,0.41
load_2x,hotspot,10,dijkstra,200,935.404879,933.932921,3044.972802,0.975,0.500749,1.471958,240.0,1.0,176.539859,10,0.41
load_2x,hotspot,10,cost_optimized,200,14.529267,11.228,75.507636,0.285,1.043016,3.301267,1.513944,1.0,169.13908,4,0.485
load_2x,hotspot,10,static_queue,200,9.205093,5.868451,42.925327,0.23,1.084786,3.336642,0.263689,1.0,169.089563,5,0.515
load_2x,hotspot,10,queue_aware,200,4.280272,0.757472,2.189528,0.06,1.184807,3.5228,0.780014,1.0,169.072533,9,0.45
load_2x,hotspot,10,range_aware,200,14.269083,0.0,0.0,0.0,5.191799,14.269083,0.0,1.0,169.062339,1,1.0
load_2x,hotspot,11,nearest,200,1006.754814,1005.593714,2911.940534,0.985,0.382088,1.1611,240.0,1.0,167.096378,12,0.4
load_2x,hotspot,11,dijkstra,200,1155.714636,1154.275803,3224.778043,0.995,0.486302,1.438833,240.0,1.0,167.180438,10,0.445
load_2x,hotspot,11,cost_optimized,200,12.644925,9.25115,43.075068,0.235,1.096725,3.393775,1.505927,1.0,160.606932,4,0.515
load_2x,hotspot,11,static_queue,200,6.146052,2.71281,19.67914,0.175,1.143978,3.433242,0.25937,1.0,160.48462,5,0.555
load_2x,hotspot,11,queue_aware,200,4.382049,0.738674,2.492244,0.065,1.236687,3.643375,0.772543,1.0,160.471766,8,0.44
load_2x,hotspot,11,range_aware,200,14.389167,0.0,0.0,0.0,5.244192,14.389167,0.0,1.0,160.462373,1,1.0
load_2x,hotspot,12,nearest,200,942.946888,941.863988,2853.638551,0.99,0.356706,1.0829,240.0,1.0,181.081955,12,0.355
load_2x,hotspot,12,dijkstra,200,981.341429,979.881912,2797.290696,1.0,0.497312,1.459517,240.0,1.0,181.318364,11,0.35
load_2x,hotspot,12,cost_optimized,200,16.438402,13.01741,54.901469,0.36,1.113123,3.420992,1.248711,1.0,173.298396,4,0.5
load_2x,hotspot,12,static_queue,200,13.922587,10.508087,56.523932,0.3,1.143633,3.4145,0.220522,1.0,173.25245,5,0.515
load_2x,hotspot,12,queue_aware,200,5.23551,1.660326,10.656707,0.15,1.222427,3.575183,0.748134,1.0,173.218437,8,0.45
load_2x,hotspot,12,range_aware,200,14.4347,0.0,0.0,0.0,5.263847,14.4347,0.0,1.0,173.200245,1,1.0
load_2x,hotspot,13,nearest,200,719.744772,718.65113,2292.099794,0.955,0.366002,1.093642,240.0,1.0,165.042838,12,0.365
load_2x,hotspot,13,dijkstra,200,847.832027,846.414818,2629.246137,0.97,0.486232,1.417208,240.0,1.0,165.454842,11,0.385
load_2x,hotspot,13,cost_optimized,200,7.073258,3.650774,22.579586,0.19,1.101311,3.422483,1.322033,1.0,160.037136,4,0.47
load_2x,hotspot,13,static_queue,200,6.118925,2.689075,21.302526,0.14,1.140059,3.42985,0.253213,1.0,160.02911,5,0.51
load_2x,hotspot,13,queue_aware,200,4.490218,0.925584,4.127646,0.075,1.207963,3.564633,0.74446,1.0,160.045963,8,0.43
load_2x,hotspot,13,range_aware,200,14.396442,0.0,0.0,0.0,5.252934,14.396442,0.0,1.0,159.995518,1,1.0
load_2x,hotspot,14,nearest,200,1270.002723,1268.849181,3490.586691,0.975,0.384836,1.153542,240.0,1.0,161.225167,12,0.445
load_2x,hotspot,14,dijkstra,200,1127.772327,1126.231636,3350.222651,0.965,0.530001,1.540692,240.0,1.0,161.631599,10,0.4
load_2x,hotspot,14,cost_optimized,200,13.012414,9.593148,48.224256,0.35,1.094592,3.419267,1.063481,1.0,153.599061,4,0.46
load_2x,hotspot,14,static_queue,200,8.518587,5.081479,31.207371,0.25,1.123678,3.437108,0.225347,1.0,153.578946,5,0.49
load_2x,hotspot,14,queue_aware,200,5.56606,1.992168,12.033247,0.105,1.219383,3.573892,0.847702,1.0,153.558679,8,0.455
load_2x,hotspot,14,range_aware,200,14.412742,0.0,0.0,0.0,5.262427,14.412742,0.0,1.0,153.528232,1,1.0
load_2x,hotspot,15,nearest,200,521.734319,520.683836,1290.971294,0.965,0.342327,1.050483,240.0,1.0,163.85334,12,0.33
load_2x,hotspot,15,dijkstra,200,636.804156,635.408365,1784.518859,0.975,0.470753,1.395792,240.0,1.0,163.559493,11,0.41
load_2x,hotspot,15,cost_optimized,200,8.553817,5.229193,33.123733,0.25,1.060376,3.324625,1.445965,1.0,158.754359,4,0.495
load_2x,hotspot,15,static_queue,200,7.42831,4.065093,27.734105,0.215,1.101947,3.363217,0.253213,1.0,158.724977,5,0.51
load_2x,hotspot,15,queue_aware,200,4.900736,1.383552,6.068726,0.105,1.181346,3.517183,0.865619,1.0,158.710668,9,0.46
load_2x,hotspot,15,range_aware,200,14.318683,0.0,0.0,0.0,5.20763,14.318683,0.0,1.0,158.69845,1,1.0
load_2x,hotspot,16,nearest,200,867.222731,866.127772,2818.652809,0.955,0.357773,1.094958,240.0,1.0,172.3532,12,0.415
load_2x,hotspot,16,dijkstra,200,1005.568086,1004.166994,3278.228802,0.965,0.4682,1.401092,240.0,1.0,172.094488,11,0.45
load_2x,hotspot,16,cost_optimized,200,13.374955,9.925055,35.489019,0.3,1.090005,3.4499,1.584594,1.0,166.472916,4,0.465
load_2x,hotspot,16,static_queue,200,5.417311,1.920178,14.669562,0.165,1.142253,3.497133,0.283133,1.0,166.389073,5,0.495
load_2x,hotspot,16,queue_aware,200,4.373765,0.754449,3.34125,0.075,1.220489,3.619317,0.877764,1.0,166.376939,9,0.47
load_2x,hotspot,16,range_aware,200,14.364183,0.0,0.0,0.0,5.224548,14.364183,0.0,1.0,166.366843,1,1.0
load_2x,hotspot,17,nearest,200,820.496808,819.483833,2281.646485,0.91,0.346724,1.012975,240.0,1.0,166.578479,12,0.365
load_2x,hotspot,17,dijkstra,200,911.290717,909.924117,2556.640968,0.94,0.47597,1.3666,240.0,1.0,166.475677,11,0.41
load_2x,hotspot,17,cost_optimized,200,11.032068,7.60006,39.403093,0.345,1.094632,3.432008,1.264743,1.0,160.520763,4,0.44
load_2x,hotspot,17,static_queue,200,9.081081,5.651456,34.441144,0.27,1.125104,3.429625,0.242021,1.0,160.471599,5,0.46
load_2x,hotspot,17,queue_aware,200,4.032669,0.471094,2.338602,0.08,1.217738,3.561575,0.825369,1.0,160.442856,9,0.44
load_2x,hotspot,17,range_aware,200,14.392058,0.0,0.0,0.0,5.256994,14.392058,0.0,1.0,160.435058,1,1.0
load_2x,hotspot,18,nearest,200,803.20539,802.188974,1899.07008,0.985,0.348251,1.016417,240.0,1.0,166.32534,12,0.35
load_2x,hotspot,18,dijkstra,200,929.942618,928.510351,2277.293167,0.98,0.500807,1.432267,240.0,1.0,166.497466,10,0.41
load_2x,hotspot,18,cost_optimized,200,11.693666,8.403633,50.444991,0.365,1.05663,3.290033,1.376651,1.0,159.856971,4,0.51
load_2x,hotspot,18,static_queue,200,10.611076,7.26351,42.64152,0.275,1.10244,3.347567,0.263762,1.0,159.825525,5,0.53
load_2x,hotspot,18,queue_aware,200,6.118897,2.542114,15.618216,0.12,1.213793,3.576783,0.835581,1.0,159.797996,9,0.45
load_2x,hotspot,18,range_aware,200,14.348858,0.0,0.0,0.0,5.230819,14.348858,0.0,1.0,159.78212,1,1.0
load_2x,hotspot,19,nearest,200,1076.095304,1075.011337,3562.831375,1.0,0.371688,1.083967,240.0,1.0,173.023969,11,0.38
load_2x,hotspot,19,dijkstra,200,1085.32161,1083.781293,3400.634483,0.995,0.540375,1.540317,240.0,1.0,173.086875,10,0.385
load_2x,hotspot,19,cost_optimized,200,8.825751,5.342584,27.645661,0.295,1.133006,3.483167,0.926188,1.0,164.800908,4,0.485
load_2x,hotspot,19,static_queue,200,7.599814,4.182331,24.066179,0.225,1.143268,3.417483,0.181871,1.0,164.772916,5,0.515
load_2x,hotspot,19,queue_aware,200,4.669435,1.110052,4.070208,0.105,1.21467,3.559383,0.707217,1.0,164.763551,8,0.44
load_2x,hotspot,19,range_aware,200,14.385325,0.0,0.0,0.0,5.258959,14.385325,0.0,1.0,164.741592,1,1.0
load_2x,hotspot,20,nearest,200,1010.585676,1009.515193,2541.400072,0.975,0.359884,1.070483,240.0,1.0,170.970668,12,0.355
load_2x,hotspot,20,dijkstra,200,945.234721,943.842221,2510.751446,0.975,0.478259,1.3925,240.0,1.0,171.132409,10,0.365
load_2x,hotspot,20,cost_optimized,200,15.147855,11.855747,92.17494,0.245,1.076591,3.292108,2.176357,1.0,163.028824,4,0.45
load_2x,hotspot,20,static_queue,200,7.697313,4.271263,28.6615,0.205,1.148422,3.42605,0.357049,1.0,162.946602,5,0.46
load_2x,hotspot,20,queue_aware,200,3.799754,0.233338,0.0,0.03,1.222981,3.566417,0.78326,1.0,162.918006,9,0.435
load_2x,hotspot,20,range_aware,200,14.366875,0.0,0.0,0.0,5.24507,14.366875,0.0,1.0,162.908021,1,1.0
load_2x,hotspot,21,nearest,200,811.933343,810.869168,2180.189725,0.97,0.350282,1.064175,240.0,1.0,168.524383,12,0.385
load_2x,hotspot,21,dijkstra,200,842.332849,840.935399,2629.510574,0.965,0.474734,1.39745,240.0,1.0,168.852291,11,0.385
load_2x,hotspot,21,cost_optimized,200,18.698136,15.223845,93.359215,0.41,1.099104,3.474292,0.872906,1.0,162.987988,4,0.44
load_2x,hotspot,21,static_queue,200,16.445522,12.984205,93.359215,0.315,1.119859,3.461317,0.21246,1.0,162.974462,5,0.46
load_2x,hotspot,21,queue_aware,200,5.71665,2.088584,16.83984,0.13,1.223959,3.628067,0.827373,1.0,162.902077,9,0.415
load_2x,hotspot,21,range_aware,200,14.516183,0.0,0.0,0.0,5.293726,14.516183,0.0,1.0,162.869415,1,1.0
load_2x,hotspot,22,nearest,200,824.449905,823.303439,2188.331046,0.975,0.38389,1.146467,240.0,1.0,160.289446,12,0.38
load_2x,hotspot,22,dijkstra,200,1049.989025,1048.565934,2835.973138,0.995,0.486593,1.423092,240.0,1.0,159.994086,11,0.425
load_2x,hotspot,22,cost_optimized,200,7.260196,3.767554,21.103642,0.225,1.125825,3.492642,1.139475,1.0,154.265709,4,0.42
load_2x,hotspot,22,static_queue,200,5.435322,1.981572,15.945306,0.16,1.15314,3.45375,0.222193,1.0,154.239805,5,0.49
load_2x,hotspot,22,queue_aware,200,4.448234,0.854184,4.711153,0.07,1.226226,3.59405,0.672809,1.0,154.237652,9,0.435
load_2x,hotspot,22,range_aware,200,14.380833,0.0,0.0,0.0,5.254361,14.380833,0.0,1.0,154.229225,1,1.0
load_2x,hotspot,23,nearest,200,843.264131,842.166414,2702.855003,0.965,0.356025,1.097717,240.0,1.0,163.446546,12,0.365
load_2x,hotspot,23,dijkstra,200,861.657604,860.143546,2717.189932,0.965,0.510517,1.514058,240.0,1.0,163.162141,11,0.405
load_2x,hotspot,23,cost_optimized,200,18.164211,14.648778,89.235578,0.315,1.116134,3.515433,0.999511,1.0,157.502944,4,0.455
load_2x,hotspot,23,static_queue,200,9.648962,6.175454,47.241314,0.17,1.134447,3.473508,0.199002,1.0,157.448679,5,0.49
load_2x,hotspot,23,queue_aware,200,5.973735,2.373393,12.043705,0.065,1.208109,3.600342,0.735202,1.0,157.432107,8,0.43
load_2x,hotspot,23,range_aware,200,14.400933,0.0,0.0,0.0,5.243593,14.400933,0.0,1.0,157.394545,1,1.0
load_2x,hotspot,24,nearest,200,810.489418,809.469002,2739.215564,0.96,0.352003,1.020417,240.0,1.0,158.921308,11,0.36
load_2x,hotspot,24,dijkstra,200,915.348031,913.911906,3256.774604,0.98,0.506857,1.436125,240.0,1.0,159.226834,11,0.375
load_2x,hotspot,24,cost_optimized,200,17.410384,13.959467,85.447697,0.315,1.107566,3.450917,0.936877,1.0,152.560558,4,0.445
load_2x,hotspot,24,static_queue,200,9.448735,6.044727,51.485577,0.21,1.128244,3.404008,0.208044,1.0,152.51201,5,0.48
load_2x,hotspot,24,queue_aware,200,4.065604,0.566295,0.277605,0.055,1.192359,3.499308,0.82224,1.0,152.490061,8,0.43
load_2x,hotspot,24,range_aware,200,14.413683,0.0,0.0,0.0,5.269144,14.413683,0.0,1.0,152.482832,1,1.0
load_2x,hotspot,25,nearest,200,948.148293,947.149451,2711.482748,0.99,0.340351,0.998842,240.0,1.0,189.024324,12,0.33
load_2x,hotspot,25,dijkstra,200,1098.942947,1097.698097,3029.399875,0.995,0.432675,1.24485,240.0,1.0,189.305943,11,0.37
load_2x,hotspot,25,cost_optimized,200,22.958917,19.553992,121.749117,0.42,1.086383,3.404925,1.258063,1.0,181.795707,4,0.465
load_2x,hotspot,25,static_queue,200,10.011096,6.605696,42.238657,0.33,1.121314,3.4054,0.248032,1.0,181.583688,5,0.475
load_2x,hotspot,25,queue_aware,200,4.754139,1.089564,7.988289,0.105,1.242223,3.664575,0.801888,1.0,181.561578,9,0.4
load_2x,hotspot,25,range_aware,200,14.3929,0.0,0.0,0.0,5.249272,14.3929,0.0,1.0,181.543606,1,1.0
load_2x,hotspot,26,nearest,200,1072.435186,1071.389978,2990.752005,0.97,0.349179,1.045208,240.0,1.0,176.343324,12,0.37
load_2x,hotspot,26,dijkstra,200,1026.058727,1024.698252,2957.428152,0.97,0.466837,1.360475,240.0,1.0,176.277058,11,0.37
load_2x,hotspot,26,cost_optimized,200,14.067882,10.724899,82.255244,0.315,1.065264,3.342983,1.795208,1.0,168.501342,4,0.41
load_2x,hotspot,26,static_queue,200,9.574252,6.17876,64.986122,0.17,1.117201,3.395492,0.320873,1.0,168.472624,5,0.41
load_2x,hotspot,26,queue_aware,200,8.050905,4.489397,27.509699,0.115,1.215971,3.561508,0.718764,1.0,168.474481,9,0.415
load_2x,hotspot,26,range_aware,200,14.422317,0.0,0.0,0.0,5.265517,14.422317,0.0,1.0,168.444428,1,1.0
load_2x,hotspot,27,nearest,200,1236.494592,1235.439708,3843.150127,0.995,0.359048,1.054883,240.0,1.0,161.513975,12,0.415
load_2x,hotspot,27,dijkstra,200,1347.079143,1345.62556,4359.747335,0.985,0.507947,1.453583,240.0,1.0,161.536747,10,0.435
load_2x,hotspot,27,cost_optimized,200,13.696693,10.345085,60.790273,0.315,1.080403,3.351608,1.252719,1.0,153.023121,4,0.485
load_2x,hotspot,27,static_queue,200,11.519406,8.145931,52.766703,0.275,1.120446,3.373475,0.245482,1.0,152.934011,5,0.51
load_2x,hotspot,27,queue_aware,200,6.254289,2.729064,19.595249,0.115,1.199955,3.525225,0.743411,1.0,152.893789,9,0.46
load_2x,hotspot,27,range_aware,200,14.2617,0.0,0.0,0.0,5.204333,14.2617,0.0,1.0,152.838029,1,1.0
load_2x,hotspot,28,nearest,200,837.083103,836.005987,2067.449171,0.97,0.36129,1.077117,240.0,1.0,163.813149,12,0.315
load_2x,hotspot,28,dijkstra,200,891.86367,890.504162,2249.3464,0.975,0.466058,1.359508,240.0,1.0,163.955105,11,0.34
load_2x,hotspot,28,cost_optimized,200,13.25826,9.876519,77.219083,0.21,1.079992,3.381742,1.996471,1.0,156.792622,4,0.39
load_2x,hotspot,28,static_queue,200,6.082161,2.614028,21.139712,0.115,1.139523,3.468133,0.345858,1.0,156.692017,5,0.41
load_2x,hotspot,28,queue_aware,200,5.189545,1.630104,11.555872,0.075,1.211512,3.559442,0.7678,1.0,156.688574,8,0.435
load_2x,hotspot,28,range_aware,200,14.443008,0.0,0.0,0.0,5.270037,14.443008,0.0,1.0,156.674408,1,1.0
load_2x,hotspot,29,nearest,200,697.579965,696.44939,2460.050583,0.97,0.355699,1.130575,240.0,1.0,165.312373,12,0.365
load_2x,hotspot,29,dijkstra,200,848.524109,847.130084,2813.60458,0.985,0.451198,1.394025,240.0,1.0,165.818698,11,0.44
load_2x,hotspot,29,cost_optimized,200,9.256327,5.727627,38.99996,0.18,1.095281,3.5287,1.134131,1.0,160.27271,4,0.44
load_2x,hotspot,29,static_queue,200,6.41739,2.890207,19.661694,0.1,1.128424,3.527183,0.239349,1.0,160.252696,5,0.47
load_2x,hotspot,29,queue_aware,200,3.777221,0.156904,0.0,0.025,1.19686,3.620317,0.80375,1.0,160.241273,9,0.445
load_2x,hotspot,29,range_aware,200,14.391517,0.0,0.0,0.0,5.220134,14.391517,0.0,1.0,160.235229,1,1.0
